Country,Year,Status,Life expectancy,Adult Mortality,infant deaths,Alcohol,percentage expenditure,Hepatitis B,Measles,BMI,under-five deaths,Polio,Total expenditure,Diphtheria,HIV/AIDS,GDP,Population,thinness  1-19 years,thinness 5-9 years,Income composition of resources,Schooling
Afghanistan,2015,Developing,65.0,263.0,62,0.0,71.3,65.0,1154,19.1,83,6.0,8.2,65.0,0.1,584.3,33736494.0,17.2,17.3,0.5,10.1
Afghanistan,2014,Developing,59.9,271.0,64,0.0,73.5,62.0,492,18.6,86,58.0,8.2,62.0,0.1,612.7,327582.0,17.5,17.5,0.5,10.0
Afghanistan,2013,Developing,59.9,268.0,66,0.0,73.2,64.0,430,18.1,89,62.0,8.1,64.0,0.1,631.7,31731688.0,17.7,17.7,0.5,9.9
Afghanistan,2012,Developing,59.5,272.0,69,0.0,78.2,67.0,2787,17.6,93,67.0,8.5,67.0,0.1,670.0,3696958.0,17.9,18.0,0.5,9.8
Afghanistan,2011,Developing,59.2,275.0,71,0.0,7.1,68.0,3013,17.2,97,68.0,7.9,68.0,0.1,63.5,2978599.0,18.2,18.2,0.5,9.5
Afghanistan,2010,Developing,58.8,279.0,74,0.0,79.7,66.0,1989,16.7,102,66.0,9.2,66.0,0.1,553.3,2883167.0,18.4,18.4,0.4,9.2
Afghanistan,2009,Developing,58.6,281.0,77,0.0,56.8,63.0,2861,16.2,106,63.0,9.4,63.0,0.1,445.9,284331.0,18.6,18.7,0.4,8.9
Afghanistan,2008,Developing,58.1,287.0,80,0.0,25.9,64.0,1599,15.7,110,64.0,8.3,64.0,0.1,373.4,2729431.0,18.8,18.9,0.4,8.7
Afghanistan,2007,Developing,57.5,295.0,82,0.0,10.9,63.0,1141,15.2,113,63.0,6.7,63.0,0.1,369.8,26616792.0,19.0,19.1,0.4,8.4
Afghanistan,2006,Developing,57.3,295.0,84,0.0,17.2,64.0,1990,14.7,116,58.0,7.4,58.0,0.1,272.6,2589345.0,19.2,19.3,0.4,8.1
Afghanistan,2005,Developing,57.3,291.0,85,0.0,1.4,66.0,1296,14.2,118,58.0,8.7,58.0,0.1,25.3,257798.0,19.3,19.5,0.4,7.9
Afghanistan,2004,Developing,57.0,293.0,87,0.0,15.3,67.0,466,13.8,120,5.0,8.8,5.0,0.1,219.1,24118979.0,19.5,19.7,0.4,6.8
Afghanistan,2003,Developing,56.7,295.0,87,0.0,11.1,65.0,798,13.4,122,41.0,8.8,41.0,0.1,198.7,2364851.0,19.7,19.9,0.4,6.5
Afghanistan,2002,Developing,56.2,3.0,88,0.0,16.9,64.0,2486,13.0,122,36.0,7.8,36.0,0.1,187.8,21979923.0,19.9,2.2,0.3,6.2
Afghanistan,2001,Developing,55.3,316.0,88,0.0,10.6,63.0,8762,12.6,122,35.0,7.8,33.0,0.1,117.5,2966463.0,2.1,2.4,0.3,5.9
Afghanistan,2000,Developing,54.8,321.0,88,0.0,10.4,62.0,6532,12.2,122,24.0,8.2,24.0,0.1,114.6,293756.0,2.3,2.5,0.3,5.5
Albania,2015,Developing,77.8,74.0,0,4.6,365.0,99.0,0,58.0,0,99.0,6.0,99.0,0.1,3954.2,28873.0,1.2,1.3,0.8,14.2
Albania,2014,Developing,77.5,8.0,0,4.5,428.7,98.0,0,57.2,1,98.0,5.9,98.0,0.1,4575.8,288914.0,1.2,1.3,0.8,14.2
Albania,2013,Developing,77.2,84.0,0,4.8,430.9,99.0,0,56.5,1,99.0,5.7,99.0,0.1,4414.7,289592.0,1.3,1.4,0.8,14.2
Albania,2012,Developing,76.9,86.0,0,5.1,412.4,99.0,9,55.8,1,99.0,5.6,99.0,0.1,4247.6,2941.0,1.3,1.4,0.8,14.2
Albania,2011,Developing,76.6,88.0,0,5.4,437.1,99.0,28,55.1,1,99.0,5.7,99.0,0.1,4437.2,295195.0,1.4,1.5,0.7,13.3
Albania,2010,Developing,76.2,91.0,1,5.3,41.8,99.0,10,54.3,1,99.0,5.3,99.0,0.1,494.4,291321.0,1.4,1.5,0.7,12.5
Albania,2009,Developing,76.1,91.0,1,5.8,348.1,98.0,0,53.5,1,98.0,5.8,98.0,0.1,4114.1,2927519.0,1.5,1.6,0.7,12.2
Albania,2008,Developing,75.3,1.0,1,5.6,36.6,99.0,0,52.6,1,99.0,5.9,99.0,0.1,437.5,2947314.0,1.6,1.6,0.7,12.0
Albania,2007,Developing,75.9,9.0,1,5.6,32.2,98.0,22,51.7,1,99.0,6.1,98.0,0.1,363.1,29717.0,1.6,1.7,0.7,11.6
Albania,2006,Developing,74.2,99.0,1,5.3,3.3,98.0,68,5.8,1,97.0,5.9,97.0,0.1,35.1,2992547.0,1.7,1.8,0.7,11.4
Albania,2005,Developing,73.5,15.0,1,5.2,27.0,98.0,6,49.9,1,97.0,6.1,98.0,0.1,279.1,311487.0,1.8,1.8,0.7,10.8
Albania,2004,Developing,73.0,17.0,1,4.5,221.8,99.0,7,48.9,1,98.0,6.4,97.0,0.1,2416.6,326939.0,1.8,1.9,0.7,10.9
Albania,2003,Developing,72.8,18.0,1,4.3,14.7,97.0,8,47.9,1,97.0,6.3,97.0,0.1,189.7,339616.0,1.9,2.0,0.7,10.7
Albania,2002,Developing,73.3,15.0,1,3.7,104.5,96.0,16,46.9,1,98.0,6.3,98.0,0.1,1453.6,3511.0,2.0,2.1,0.7,10.7
Albania,2001,Developing,73.6,14.0,1,4.2,96.2,96.0,18,46.0,1,97.0,6.0,97.0,0.1,1327.0,36173.0,2.1,2.1,0.7,10.6
Albania,2000,Developing,72.6,11.0,1,3.7,91.7,96.0,662,45.0,1,97.0,6.3,97.0,0.1,1175.8,38927.0,2.1,2.2,0.7,10.7
Algeria,2015,Developing,75.6,19.0,21,4.6,0.0,95.0,63,59.5,24,95.0,5.9,95.0,0.1,4132.8,39871528.0,6.0,5.8,0.7,14.4
Algeria,2014,Developing,75.4,11.0,21,0.0,54.2,95.0,0,58.4,24,95.0,7.2,95.0,0.1,547.9,39113313.0,6.0,5.8,0.7,14.4
Algeria,2013,Developing,75.3,112.0,21,0.5,544.5,95.0,25,57.2,24,95.0,7.1,95.0,0.1,5471.9,38338562.0,5.9,5.8,0.7,14.4
Algeria,2012,Developing,75.1,113.0,21,0.7,555.9,95.0,18,56.1,24,95.0,6.1,95.0,0.1,5564.8,37565847.0,5.9,5.8,0.7,14.4
Algeria,2011,Developing,74.9,116.0,21,0.6,509.0,95.0,112,55.0,24,95.0,5.3,95.0,0.1,5432.3,36819558.0,5.9,5.8,0.7,14.0
Algeria,2010,Developing,74.7,119.0,21,0.5,430.7,95.0,103,53.9,24,95.0,5.1,95.0,0.1,4463.4,36117637.0,5.9,5.8,0.7,13.6
Algeria,2009,Developing,74.4,123.0,20,0.5,352.1,94.0,107,52.8,23,94.0,5.4,95.0,0.1,3868.8,3546576.0,6.0,5.9,0.7,13.1
Algeria,2008,Developing,74.1,126.0,20,0.5,43.1,91.0,217,51.8,23,92.0,4.2,93.0,0.1,495.3,3486715.0,6.0,5.9,0.7,12.6
Algeria,2007,Developing,73.8,129.0,20,0.4,320.3,9.0,0,5.8,23,95.0,3.8,95.0,0.1,3935.2,34376.0,6.0,5.9,0.7,12.3
Algeria,2006,Developing,73.4,132.0,20,0.4,270.2,8.0,944,49.8,23,95.0,3.4,95.0,0.1,3464.6,33777915.0,6.1,6.0,0.7,12.3
Algeria,2005,Developing,72.9,136.0,19,0.5,2.5,83.0,2302,48.9,22,88.0,3.2,88.0,0.1,31.1,33288437.0,6.1,6.0,0.7,12.0
Algeria,2004,Developing,72.3,14.0,19,0.5,220.4,81.0,3289,47.9,23,86.0,3.5,86.0,0.1,2599.0,3283196.0,6.2,6.1,0.7,11.7
Algeria,2003,Developing,71.7,146.0,20,0.3,25.0,80.9,15374,47.0,23,87.0,3.6,87.0,0.1,294.3,3243514.0,6.3,6.1,0.7,11.5
Algeria,2002,Developing,71.6,145.0,20,0.4,148.5,80.9,5862,46.1,23,86.0,3.7,86.0,0.1,1774.3,3199546.0,6.3,6.2,0.7,11.1
Algeria,2001,Developing,71.4,145.0,20,0.2,148.0,80.9,2686,45.3,24,89.0,3.8,89.0,0.1,1732.9,31592153.0,6.4,6.3,0.6,10.9
Algeria,2000,Developing,71.3,145.0,21,0.2,154.5,80.9,0,44.4,25,86.0,3.5,86.0,0.1,1757.2,3118366.0,6.5,6.4,0.6,10.7
Angola,2015,Developing,52.4,335.0,66,4.6,0.0,64.0,118,23.3,98,7.0,5.9,64.0,1.9,3695.8,2785935.0,8.3,8.2,0.5,11.4
Angola,2014,Developing,51.7,348.0,67,8.3,24.0,64.0,11699,22.7,101,68.0,3.3,64.0,2.0,479.3,2692466.0,8.5,8.3,0.5,11.4
Angola,2013,Developing,51.1,355.0,69,8.1,36.0,77.0,8523,22.1,105,67.0,4.3,77.0,2.3,484.6,2599834.0,8.6,8.5,0.5,11.4
Angola,2012,Developing,56.0,358.0,72,8.2,256.1,75.0,4458,21.5,110,75.0,3.3,75.0,2.6,4598.2,259615.0,8.8,8.6,0.5,10.3
Angola,2011,Developing,51.0,361.0,75,8.1,239.9,72.0,1449,21.0,115,73.0,3.4,71.0,2.5,4299.1,24218565.0,8.9,8.8,0.5,9.4
Angola,2010,Developing,49.6,365.0,78,7.8,191.7,77.0,1190,2.4,121,81.0,3.4,77.0,2.5,3529.5,23369131.0,9.1,9.0,0.5,9.0
Angola,2009,Developing,49.1,369.0,81,7.0,212.9,61.0,2807,19.8,127,63.0,4.4,6.0,2.5,3347.8,22549547.0,9.3,9.2,0.5,8.5
Angola,2008,Developing,48.7,371.0,84,7.1,249.9,69.0,265,19.3,133,65.0,3.8,69.0,2.6,3868.6,2175942.0,9.5,9.4,0.5,8.1
Angola,2007,Developing,48.2,375.0,87,6.3,184.8,73.0,1014,18.8,138,75.0,3.4,73.0,2.6,2878.8,2997687.0,9.6,9.6,0.5,7.7
Angola,2006,Developing,47.7,381.0,90,5.8,25.1,80.9,765,18.2,143,36.0,4.5,34.0,2.5,262.4,2262399.0,9.8,9.7,0.4,7.2
Angola,2005,Developing,47.4,382.0,92,5.0,98.2,80.9,258,17.7,148,39.0,4.1,38.0,2.6,1444.0,19552542.0,1.0,9.9,0.4,6.8
Angola,2004,Developing,47.1,386.0,94,3.5,8.9,80.9,29,17.2,152,4.0,4.7,4.0,2.5,141.9,18865716.0,1.2,1.1,0.4,6.4
Angola,2003,Developing,46.8,388.0,95,3.5,35.9,80.9,1196,16.8,155,4.0,4.4,4.0,2.4,779.5,1823369.0,1.4,1.3,0.4,5.9
Angola,2002,Developing,46.5,391.0,96,2.8,24.0,80.9,11945,16.3,157,37.0,3.6,41.0,2.3,711.2,17572649.0,1.5,1.5,0.4,5.5
Angola,2001,Developing,45.7,44.0,97,2.6,30.4,80.9,9046,15.8,159,41.0,5.4,38.0,2.1,526.2,16983266.0,1.7,1.7,0.4,5.1
Angola,2000,Developing,45.3,48.0,97,1.9,15.9,80.9,2219,15.4,160,3.0,2.8,28.0,2.0,555.3,1644924.0,1.9,1.9,0.4,4.6
Antigua and Barbuda,2015,Developing,76.4,13.0,0,4.6,0.0,99.0,0,47.7,0,86.0,5.9,99.0,0.2,13567.0,12753375.1,3.3,3.3,0.8,13.9
Antigua and Barbuda,2014,Developing,76.2,131.0,0,8.6,2423.0,99.0,0,47.0,0,96.0,5.5,99.0,0.2,12888.3,12753375.1,3.3,3.3,0.8,13.9
Antigua and Barbuda,2013,Developing,76.1,133.0,0,8.6,1991.4,99.0,0,46.4,0,98.0,5.3,99.0,0.2,12224.9,12753375.1,3.3,3.3,0.8,13.9
Antigua and Barbuda,2012,Developing,75.9,134.0,0,8.2,2156.2,98.0,0,45.7,0,97.0,5.4,98.0,0.2,12565.4,12753375.1,3.3,3.3,0.8,13.8
Antigua and Barbuda,2011,Developing,75.7,136.0,0,7.8,1810.9,99.0,0,45.1,0,99.0,5.7,99.0,0.1,11929.3,12753375.1,3.3,3.3,0.8,14.1
Antigua and Barbuda,2010,Developing,75.6,138.0,0,7.8,1984.0,98.0,0,44.4,0,99.0,5.6,98.0,0.1,12126.9,12753375.1,3.3,3.3,0.8,14.1
Antigua and Barbuda,2009,Developing,75.4,14.0,0,7.8,149.4,98.0,0,43.8,0,98.0,4.9,99.0,0.1,1312.5,12753375.1,3.4,3.3,0.8,14.2
Antigua and Barbuda,2008,Developing,75.2,142.0,0,8.3,180.8,98.0,0,43.2,0,99.0,4.7,99.0,0.1,1473.3,12753375.1,3.4,3.3,0.8,14.4
Antigua and Barbuda,2007,Developing,75.0,144.0,0,8.6,258.0,97.0,0,42.6,0,98.0,4.3,99.0,0.1,14252.3,12753375.1,3.4,3.3,0.8,14.5
Antigua and Barbuda,2006,Developing,74.8,145.0,0,8.9,216.3,99.0,0,42.0,0,99.0,4.3,99.0,0.1,12724.4,12753375.1,3.4,3.4,0.8,14.7
Antigua and Barbuda,2005,Developing,74.6,147.0,0,8.2,1455.6,99.0,0,41.4,0,98.0,4.4,99.0,0.1,11371.9,12753375.1,3.5,3.4,0.0,0.0
Antigua and Barbuda,2004,Developing,74.4,149.0,0,7.3,22.9,97.0,0,4.8,0,97.0,4.2,97.0,0.1,1352.8,12753375.1,3.5,3.4,0.0,0.0
Antigua and Barbuda,2003,Developing,74.2,151.0,0,7.2,1158.1,99.0,0,4.1,0,99.0,4.5,99.0,0.1,9739.8,12753375.1,3.5,3.5,0.0,0.0
Antigua and Barbuda,2002,Developing,74.0,153.0,0,7.2,927.4,99.0,0,39.5,0,93.0,4.4,98.0,0.1,9386.7,12753375.1,3.6,3.5,0.0,0.0
Antigua and Barbuda,2001,Developing,73.8,154.0,0,7.5,163.8,96.0,0,38.9,0,99.0,4.5,97.0,0.1,9358.2,12753375.1,3.6,3.5,0.0,0.0
Antigua and Barbuda,2000,Developing,73.6,156.0,0,7.3,1127.7,80.9,0,38.2,0,96.0,4.1,95.0,0.1,9875.2,12753375.1,3.7,3.6,0.0,0.0
Argentina,2015,Developing,76.3,116.0,8,4.6,0.0,94.0,0,62.8,9,93.0,5.9,94.0,0.1,13467.1,43417765.0,1.0,0.9,0.8,17.3
Argentina,2014,Developing,76.2,118.0,8,7.9,847.4,94.0,1,62.2,9,92.0,4.8,94.0,0.1,12245.3,42981515.0,1.0,0.9,0.8,17.3
Argentina,2013,Developing,76.0,119.0,8,8.3,1001.8,94.0,0,61.6,10,99.0,5.0,94.0,0.1,12976.6,42539925.0,1.0,0.9,0.8,17.3
Argentina,2012,Developing,75.9,12.0,9,8.3,1133.6,91.0,2,61.0,10,99.0,5.2,91.0,0.1,12969.8,4296739.0,1.0,0.9,0.8,17.2
Argentina,2011,Developing,75.7,12.0,9,8.1,1504.3,91.0,3,6.4,10,93.0,5.9,91.0,0.1,12727.0,41656879.0,1.0,0.9,0.8,17.1
Argentina,2010,Developing,75.5,121.0,10,8.2,187.6,94.0,17,59.8,11,95.0,6.5,94.0,0.1,1276.3,41223889.0,1.0,0.9,0.8,16.8
Argentina,2009,Developing,75.6,126.0,10,8.3,1398.0,94.0,3,59.2,11,97.0,7.6,94.0,0.1,8161.4,479947.0,1.0,0.9,0.8,16.5
Argentina,2008,Developing,75.4,126.0,10,8.4,1413.7,9.0,0,58.6,11,94.0,6.7,93.0,0.1,8953.4,4382389.0,1.0,0.9,0.8,16.3
Argentina,2007,Developing,74.8,129.0,10,8.2,1105.7,85.0,0,58.0,12,92.0,6.5,91.0,0.1,7193.6,3997224.0,1.1,0.9,0.8,16.3
Argentina,2006,Developing,75.2,127.0,11,7.8,961.2,84.0,0,57.5,12,92.0,6.7,91.0,0.1,5878.8,3955889.0,1.1,0.9,0.8,16.1
Argentina,2005,Developing,74.9,127.0,11,7.5,96.2,88.0,0,56.9,12,95.0,6.8,98.0,0.1,576.9,39145488.0,1.1,1.0,0.8,16.3
Argentina,2004,Developing,74.7,13.0,11,7.6,719.4,81.0,0,56.3,12,91.0,6.8,98.0,0.1,4251.6,38728696.0,1.1,1.0,0.8,16.3
Argentina,2003,Developing,74.1,137.0,11,7.6,57.6,73.0,0,55.7,13,95.0,8.2,96.0,0.1,333.4,3839379.0,1.2,1.0,0.8,16.4
Argentina,2002,Developing,74.1,138.0,12,7.8,470.2,66.0,0,55.1,13,94.0,8.3,93.0,0.1,2579.2,3788937.0,1.2,1.0,0.8,16.3
Argentina,2001,Developing,74.0,138.0,12,7.8,123.0,80.9,0,54.6,13,85.0,9.4,83.0,0.1,717.7,3747159.0,1.2,1.1,0.8,15.6
Argentina,2000,Developing,74.1,137.0,12,7.7,1349.0,80.9,6,54.0,14,88.0,9.2,83.0,0.1,7669.3,3757452.0,1.2,1.1,0.8,15.0
Armenia,2015,Developing,74.8,118.0,1,4.6,0.0,94.0,33,54.9,1,96.0,5.9,94.0,0.1,369.7,291695.0,2.1,2.2,0.7,12.7
Armenia,2014,Developing,74.6,12.0,1,3.9,295.6,93.0,13,54.1,1,95.0,4.5,93.0,0.1,3994.7,29622.0,2.1,2.1,0.7,12.7
Armenia,2013,Developing,74.4,123.0,1,3.8,279.4,95.0,10,53.3,1,96.0,4.5,95.0,0.1,3843.6,289359.0,2.1,2.1,0.7,12.7
Armenia,2012,Developing,74.4,121.0,1,3.9,274.2,95.0,0,52.6,1,96.0,4.5,95.0,0.1,3684.8,2881922.0,2.0,2.1,0.7,12.7
Armenia,2011,Developing,73.9,128.0,1,4.1,261.0,95.0,0,51.9,1,96.0,3.7,95.0,0.1,3527.0,2875581.0,2.0,2.1,0.7,12.7
Armenia,2010,Developing,73.5,132.0,1,4.2,224.3,94.0,2,51.2,1,96.0,4.6,94.0,0.1,3218.4,2877311.0,2.0,2.1,0.7,12.3
Armenia,2009,Developing,73.3,137.0,1,4.0,201.2,93.0,0,5.7,1,94.0,4.5,93.0,0.1,2993.8,2888584.0,2.0,2.1,0.7,11.9
Armenia,2008,Developing,73.2,14.0,1,4.0,2.9,89.0,0,5.1,1,91.0,3.8,89.0,0.1,41.3,29822.0,2.0,2.1,0.7,12.3
Armenia,2007,Developing,73.5,132.0,1,4.0,44.6,85.0,1,49.7,1,9.0,4.3,88.0,0.1,3138.9,293356.0,2.0,2.1,0.7,11.7
Armenia,2006,Developing,72.9,141.0,1,4.0,244.5,78.0,137,49.2,1,87.0,4.6,87.0,0.1,2158.3,29585.0,2.0,2.1,0.7,11.2
Armenia,2005,Developing,73.0,137.0,1,4.2,20.2,91.0,2281,48.8,1,92.0,5.2,9.0,0.1,1643.8,2981259.0,2.0,2.1,0.7,10.9
Armenia,2004,Developing,73.0,132.0,1,3.8,97.7,91.0,1783,48.4,1,93.0,5.5,91.0,0.1,1192.0,3612.0,2.0,2.1,0.7,10.9
Armenia,2003,Developing,72.7,134.0,1,3.0,7.3,93.0,4,48.1,1,96.0,5.6,94.0,0.1,93.2,31786.0,2.0,2.1,0.7,10.8
Armenia,2002,Developing,72.6,134.0,1,2.9,57.2,91.0,40,47.8,1,96.0,5.4,94.0,0.1,783.3,333897.0,2.1,2.1,0.6,10.8
Armenia,2001,Developing,72.6,141.0,1,2.9,53.2,69.0,69,47.4,1,97.0,5.9,94.0,0.1,694.4,35655.0,2.1,2.1,0.6,11.1
Armenia,2000,Developing,72.0,142.0,1,2.9,32.8,55.0,15,47.1,1,96.0,6.2,93.0,0.1,622.7,369588.0,2.1,2.2,0.6,11.2
Australia,2015,Developed,82.8,59.0,1,4.6,0.0,93.0,74,66.6,1,93.0,5.9,93.0,0.1,56554.4,23789338.0,0.6,0.6,0.9,20.4
Australia,2014,Developed,82.7,6.0,1,9.7,10769.4,91.0,340,66.1,1,92.0,9.4,92.0,0.1,62214.7,2346694.0,0.6,0.6,0.9,20.4
Australia,2013,Developed,82.5,61.0,1,9.9,11734.9,91.0,158,65.5,1,91.0,9.4,91.0,0.1,67792.3,23117353.0,0.6,0.6,0.9,20.3
Australia,2012,Developed,82.3,61.0,1,10.0,11715.0,91.0,199,65.0,1,92.0,9.4,92.0,0.1,67677.6,22728254.0,0.6,0.6,0.9,20.1
Australia,2011,Developed,82.0,63.0,1,10.3,10986.3,92.0,190,64.4,1,92.0,9.2,92.0,0.1,62245.1,223424.0,0.6,0.6,0.9,19.8
Australia,2010,Developed,81.9,64.0,1,10.5,8875.8,92.0,70,63.9,1,92.0,9.2,92.0,0.1,51874.8,223175.0,0.7,0.6,0.9,19.5
Australia,2009,Developed,81.7,66.0,1,10.6,7172.3,94.0,104,63.4,1,92.0,9.5,92.0,0.1,42743.0,216917.0,0.7,0.6,0.9,19.1
Australia,2008,Developed,81.3,66.0,1,10.8,8547.3,94.0,65,62.9,1,92.0,8.8,92.0,0.1,49664.7,212492.0,0.7,0.6,0.9,19.1
Australia,2007,Developed,81.3,66.0,1,10.6,872.6,94.0,11,62.5,2,92.0,8.5,92.0,0.1,4992.0,28276.0,0.7,0.6,0.9,19.0
Australia,2006,Developed,81.2,66.0,1,10.3,6187.1,95.0,0,62.0,2,92.0,8.5,92.0,0.1,36118.3,26979.0,0.7,0.6,0.9,20.3
Australia,2005,Developed,81.0,67.0,1,10.3,579.1,95.0,10,61.5,2,92.0,8.4,92.0,0.1,3416.7,23948.0,0.7,0.6,0.9,20.3
Australia,2004,Developed,86.0,69.0,1,9.8,588.6,95.0,70,6.9,1,92.0,8.6,92.0,0.1,3472.4,21274.0,0.7,0.6,0.9,20.7
Australia,2003,Developed,83.0,71.0,1,10.0,3829.6,95.0,91,6.3,1,92.0,8.3,93.0,0.1,23465.4,198954.0,0.7,0.7,0.9,20.6
Australia,2002,Developed,79.9,73.0,1,9.8,46.4,95.0,32,59.6,2,92.0,8.4,92.0,0.1,281.8,196514.0,0.7,0.7,0.9,20.1
Australia,2001,Developed,79.9,75.0,1,9.5,3064.3,94.0,141,59.0,2,91.0,8.2,92.0,0.1,19517.8,19413.0,0.7,0.7,0.9,20.5
Australia,2000,Developed,79.5,78.0,1,10.2,347.2,80.9,108,58.2,2,9.0,8.8,9.0,0.1,2169.9,19153.0,0.7,0.7,0.9,20.4
Austria,2015,Developed,81.5,65.0,0,4.6,0.0,93.0,309,57.6,0,93.0,5.9,93.0,0.1,43665.9,8633169.0,1.9,2.1,0.9,15.9
Austria,2014,Developed,81.4,66.0,0,12.3,8350.2,98.0,117,57.1,0,98.0,11.2,98.0,0.1,51322.6,8541575.0,1.8,2.0,0.9,15.9
Austria,2013,Developed,81.1,68.0,0,11.8,90.6,95.0,0,56.6,0,95.0,11.1,95.0,0.1,554.7,8479375.0,1.8,2.0,0.9,15.7
Austria,2012,Developed,88.0,7.0,0,12.3,7878.4,92.0,36,56.1,0,92.0,11.2,92.0,0.1,48333.6,8429991.0,1.8,2.0,0.9,15.7
Austria,2011,Developed,88.0,73.0,0,12.0,8272.3,89.0,68,55.7,0,89.0,1.9,89.0,0.1,51126.7,8391643.0,1.7,2.0,0.9,15.7
Austria,2010,Developed,84.0,75.0,0,12.1,7423.2,86.0,52,55.2,0,86.0,11.2,86.0,0.1,46657.6,836344.0,1.7,1.9,0.9,15.4
Austria,2009,Developed,82.0,77.0,0,11.3,8053.6,83.0,49,54.7,0,83.0,11.2,83.0,0.1,47654.2,8343323.0,1.7,1.9,0.9,15.3
Austria,2008,Developed,84.0,76.0,0,12.0,8329.7,83.0,448,54.2,0,83.0,1.6,83.0,0.1,51386.4,8321496.0,1.7,1.9,0.9,15.1
Austria,2007,Developed,81.0,8.0,0,12.5,7453.9,85.0,20,53.7,0,85.0,1.4,85.0,0.1,46586.7,8295487.0,1.7,1.9,0.9,15.2
Austria,2006,Developed,79.8,81.0,0,12.4,69.9,83.0,23,53.2,0,83.0,1.4,83.0,0.1,444.0,8268641.0,1.7,1.9,0.9,15.0
Austria,2005,Developed,79.4,85.0,0,12.4,5992.6,86.0,9,52.7,0,86.0,1.5,86.0,0.1,38242.4,8227829.0,1.7,1.9,0.8,14.9
Austria,2004,Developed,79.3,86.0,0,12.1,5316.9,83.0,15,52.2,0,83.0,1.6,83.0,0.1,36693.4,8171966.0,1.7,1.9,0.8,14.7
Austria,2003,Developed,78.8,88.0,0,12.2,504.4,83.0,90,51.7,0,84.0,1.5,84.0,0.1,3212.9,8121423.0,1.7,1.9,0.8,14.7
Austria,2002,Developed,78.7,9.0,0,12.5,3979.1,81.0,0,51.2,0,82.0,1.3,83.0,0.1,26351.4,881957.0,1.7,1.9,0.8,16.1
Austria,2001,Developed,78.6,92.0,0,12.4,3582.8,44.0,0,5.6,0,83.0,1.1,84.0,0.1,24489.7,842293.0,1.7,1.9,0.8,15.5
Austria,2000,Developed,78.1,96.0,0,13.2,3557.5,33.0,0,5.1,0,71.0,1.6,81.0,0.1,24517.3,811566.0,1.7,1.9,0.8,15.4
Azerbaijan,2015,Developing,72.7,118.0,5,4.6,0.0,96.0,0,52.5,6,98.0,5.9,96.0,0.1,55.3,9649341.0,2.8,2.9,0.8,12.7
Azerbaijan,2014,Developing,72.5,119.0,5,0.0,306.2,94.0,0,51.5,6,97.0,6.4,94.0,0.1,7891.3,953579.0,2.8,2.9,0.8,12.2
Azerbaijan,2013,Developing,72.2,121.0,5,2.1,275.7,93.0,164,5.6,6,96.0,5.5,93.0,0.1,7875.8,941681.0,2.8,2.8,0.7,11.9
Azerbaijan,2012,Developing,71.9,123.0,5,0.0,285.6,88.0,0,49.7,6,92.0,5.4,89.0,0.1,7496.3,9295784.0,2.8,2.8,0.7,11.8
Azerbaijan,2011,Developing,71.6,125.0,5,2.0,263.1,84.0,0,48.8,6,91.0,5.1,87.0,0.1,7189.7,917382.0,2.8,2.9,0.7,11.7
Azerbaijan,2010,Developing,71.1,13.0,5,2.0,246.6,8.0,0,48.0,6,85.0,5.3,81.0,0.1,5842.9,954332.0,2.8,2.9,0.7,11.7
Azerbaijan,2009,Developing,78.0,132.0,6,2.1,22.5,74.0,0,47.3,6,84.0,5.8,81.0,0.1,495.3,8947243.0,2.8,2.9,0.7,11.6
Azerbaijan,2008,Developing,73.0,141.0,6,1.2,206.3,68.0,5,46.6,6,85.0,4.4,81.0,0.1,5574.6,87634.0,2.8,2.9,0.7,11.6
Azerbaijan,2007,Developing,73.0,14.0,6,1.0,176.0,62.0,0,45.9,7,81.0,5.1,79.0,0.1,3851.4,85813.0,2.8,2.9,0.7,11.6
Azerbaijan,2006,Developing,69.2,154.0,6,0.8,105.6,52.0,222,45.3,7,8.0,6.2,78.0,0.1,2473.9,848455.0,2.9,2.9,0.7,10.7
Azerbaijan,2005,Developing,68.4,162.0,6,0.7,81.3,49.0,1238,44.7,7,79.0,7.9,75.0,0.1,1578.4,839185.0,2.9,3.0,0.7,11.2
Azerbaijan,2004,Developing,68.4,154.0,6,0.6,8.6,5.0,827,44.2,8,78.0,7.9,77.0,0.1,145.2,8365.0,3.0,3.0,0.7,11.0
Azerbaijan,2003,Developing,67.8,154.0,7,0.6,42.4,51.0,1978,43.6,8,79.0,6.6,77.0,0.1,883.6,82341.0,3.0,3.0,0.7,10.8
Azerbaijan,2002,Developing,67.8,146.0,7,0.6,39.3,5.0,4353,43.1,9,8.0,4.5,76.0,0.1,763.7,817195.0,3.1,3.1,0.7,10.6
Azerbaijan,2001,Developing,67.5,151.0,8,0.5,4.1,80.9,574,42.6,10,77.0,4.5,77.0,0.1,73.7,81112.0,3.1,3.1,0.6,10.4
Azerbaijan,2000,Developing,66.6,16.0,9,0.7,35.1,80.9,210,42.1,11,75.0,4.7,76.0,0.1,656.0,8486.0,3.2,3.1,0.6,10.1
Bahamas,2015,Developing,76.1,147.0,0,4.6,0.0,95.0,0,64.5,0,95.0,5.9,95.0,0.1,7483.2,12753375.1,2.5,2.5,0.8,12.6
Bahamas,2014,Developing,75.4,16.0,0,9.4,0.0,96.0,0,63.8,0,96.0,7.7,96.0,0.1,7483.2,12753375.1,2.5,2.5,0.8,12.6
Bahamas,2013,Developing,74.8,172.0,0,9.4,0.0,97.0,0,63.2,0,97.0,7.5,97.0,0.1,7483.2,12753375.1,2.5,2.5,0.8,12.6
Bahamas,2012,Developing,74.9,167.0,0,9.5,0.0,96.0,0,62.6,0,99.0,7.4,98.0,0.2,7483.2,12753375.1,2.5,2.5,0.8,12.6
Bahamas,2011,Developing,75.0,162.0,0,9.3,0.0,95.0,0,62.0,0,97.0,7.6,98.0,0.1,7483.2,12753375.1,2.5,2.5,0.8,12.6
Bahamas,2010,Developing,75.0,161.0,0,9.2,0.0,98.0,0,61.3,0,97.0,7.4,99.0,0.2,7483.2,12753375.1,2.5,2.5,0.8,12.6
Bahamas,2009,Developing,74.6,168.0,0,9.3,0.0,95.0,0,6.7,0,97.0,7.4,96.0,0.1,7483.2,12753375.1,2.5,2.5,0.8,12.6
Bahamas,2008,Developing,74.5,167.0,0,10.2,0.0,9.0,0,6.1,0,93.0,7.3,93.0,0.1,7483.2,12753375.1,2.5,2.5,0.8,12.6
Bahamas,2007,Developing,74.4,167.0,0,10.8,0.0,93.0,0,59.4,0,95.0,7.8,95.0,0.1,7483.2,12753375.1,2.5,2.5,0.8,12.5
Bahamas,2006,Developing,74.2,171.0,0,11.1,0.0,96.0,0,58.7,0,94.0,6.9,95.0,0.1,7483.2,12753375.1,2.5,2.5,0.8,12.4
Bahamas,2005,Developing,74.1,172.0,0,10.5,0.0,93.0,0,58.1,0,93.0,6.0,93.0,0.1,7483.2,12753375.1,2.6,2.5,0.8,12.4
Bahamas,2004,Developing,73.8,174.0,0,10.1,0.0,93.0,0,57.4,0,92.0,6.2,93.0,0.1,7483.2,12753375.1,2.6,2.5,0.8,12.3
Bahamas,2003,Developing,73.2,189.0,0,10.7,0.0,88.0,0,56.7,0,93.0,5.6,92.0,0.1,7483.2,12753375.1,2.6,2.5,0.8,12.2
Bahamas,2002,Developing,73.1,19.0,0,10.8,0.0,89.0,0,56.0,0,93.0,5.3,94.0,0.1,7483.2,12753375.1,2.6,2.6,0.8,12.1
Bahamas,2001,Developing,72.9,189.0,0,11.6,0.0,21.0,0,55.2,0,98.0,5.2,99.0,0.2,7483.2,12753375.1,2.7,2.6,0.8,12.1
Bahamas,2000,Developing,72.6,192.0,0,12.2,0.0,80.9,0,54.4,0,91.0,5.2,99.0,0.1,7483.2,12753375.1,2.7,2.6,0.0,12.0
Bahrain,2015,Developing,76.9,69.0,0,4.6,0.0,98.0,0,63.6,0,98.0,5.9,98.0,0.1,22688.9,12753375.1,6.2,6.1,0.8,14.5
Bahrain,2014,Developing,76.8,7.0,0,1.6,367.3,98.0,46,62.9,0,98.0,5.0,98.0,0.1,24983.4,12753375.1,6.1,6.0,0.8,14.5
Bahrain,2013,Developing,76.7,7.0,0,1.6,4.0,99.0,0,62.2,0,99.0,4.7,99.0,0.1,251.2,12753375.1,6.1,6.0,0.8,14.5
Bahrain,2012,Developing,76.5,71.0,0,1.7,2211.2,99.0,0,61.5,0,99.0,4.4,99.0,0.1,23649.4,12753375.1,6.1,6.0,0.8,14.5
Bahrain,2011,Developing,76.1,76.0,0,1.7,197.8,99.0,0,6.8,0,99.0,3.4,99.0,0.1,2281.1,12753375.1,6.1,6.0,0.8,14.4
Bahrain,2010,Developing,76.1,73.0,0,1.9,266.8,99.0,0,6.1,0,99.0,3.6,99.0,0.1,2722.1,12753375.1,6.0,5.9,0.8,14.4
Bahrain,2009,Developing,76.0,74.0,0,1.9,332.9,98.0,3,59.3,0,97.0,3.8,98.0,0.1,19356.7,12753375.1,6.0,5.9,0.8,14.4
Bahrain,2008,Developing,75.8,76.0,0,2.0,231.5,97.0,2,58.5,0,97.0,3.2,97.0,0.1,2367.6,12753375.1,6.0,5.9,0.8,14.4
Bahrain,2007,Developing,75.6,77.0,0,2.0,278.4,97.0,7,57.6,0,97.0,3.8,97.0,0.1,2977.1,12753375.1,6.1,5.9,0.8,14.4
Bahrain,2006,Developing,75.5,79.0,0,2.1,170.7,98.0,3,56.8,0,98.0,3.8,98.0,0.1,1938.0,12753375.1,6.1,5.9,0.8,14.2
Bahrain,2005,Developing,75.3,81.0,0,2.0,1553.5,98.0,4,56.1,0,98.0,3.2,98.0,0.1,17959.2,12753375.1,6.1,5.9,0.8,14.0
Bahrain,2004,Developing,75.2,83.0,0,2.2,1380.2,98.0,11,55.6,0,98.0,3.4,98.0,0.1,15846.5,12753375.1,6.1,5.9,0.8,13.9
Bahrain,2003,Developing,75.0,85.0,0,2.2,1214.6,98.0,12,55.2,0,97.0,3.7,97.0,0.1,14222.0,12753375.1,6.1,5.9,0.8,13.7
Bahrain,2002,Developing,74.9,87.0,0,2.0,106.4,98.0,8,55.0,0,98.0,3.9,98.0,0.1,1312.3,12753375.1,6.2,5.9,0.8,13.5
Bahrain,2001,Developing,74.7,9.0,0,1.9,1150.4,99.0,5,54.8,0,99.0,3.8,99.0,0.1,12868.2,12753375.1,6.2,6.0,0.8,13.3
Bahrain,2000,Developing,74.5,92.0,0,2.1,167.7,97.0,6,54.5,0,97.0,3.5,97.0,0.1,13636.3,12753375.1,6.2,6.0,0.8,13.2
Bangladesh,2015,Developing,71.8,129.0,92,4.6,0.0,97.0,240,18.3,113,97.0,5.9,97.0,0.1,121.2,1612886.0,17.9,18.3,0.6,10.2
Bangladesh,2014,Developing,71.4,132.0,98,0.0,10.4,97.0,289,17.7,121,97.0,2.8,97.0,0.1,184.6,15945279.0,18.1,18.6,0.6,10.0
Bangladesh,2013,Developing,71.0,135.0,104,0.0,52.8,96.0,237,17.0,130,96.0,2.9,96.0,0.1,951.9,157571292.0,18.3,18.8,0.6,10.0
Bangladesh,2012,Developing,77.0,137.0,111,0.0,59.3,94.0,1986,16.4,139,94.0,3.8,94.0,0.1,856.3,15572753.0,18.5,19.0,0.6,9.9
Bangladesh,2011,Developing,73.0,14.0,118,0.0,62.3,96.0,5625,15.8,150,96.0,3.2,96.0,0.1,835.8,153911916.0,18.7,19.2,0.5,9.4
Bangladesh,2010,Developing,69.9,142.0,126,0.0,62.7,94.0,788,15.2,161,94.0,3.6,94.0,0.1,757.7,15214912.0,18.9,19.4,0.5,8.9
Bangladesh,2009,Developing,69.5,144.0,135,0.0,53.3,97.0,718,14.6,173,97.0,2.9,97.0,0.1,681.1,1545478.0,19.1,19.7,0.5,8.4
Bangladesh,2008,Developing,69.1,147.0,144,0.0,42.5,96.0,2660,14.0,186,96.0,2.9,96.0,0.1,615.8,14885814.0,19.3,19.9,0.5,8.6
Bangladesh,2007,Developing,68.6,151.0,154,0.0,46.4,95.0,2924,13.5,201,96.0,2.8,94.0,0.1,541.7,147139191.0,19.5,2.1,0.5,8.6
Bangladesh,2006,Developing,68.2,152.0,164,0.0,42.3,86.0,6192,13.0,215,95.0,2.8,94.0,0.1,494.5,1453684.0,19.7,2.3,0.5,8.4
Bangladesh,2005,Developing,67.8,155.0,174,0.0,38.1,45.0,25934,12.5,231,94.0,2.7,93.0,0.1,484.2,14343111.0,19.9,2.5,0.5,8.2
Bangladesh,2004,Developing,67.3,158.0,185,0.0,4.1,11.0,9743,12.0,247,88.0,2.6,99.0,0.1,46.8,14137489.0,2.1,2.7,0.5,8.1
Bangladesh,2003,Developing,66.8,161.0,196,0.0,35.5,5.0,4067,11.6,264,9.0,2.5,87.0,0.1,432.7,139191.0,2.3,2.9,0.5,7.9
Bangladesh,2002,Developing,66.3,164.0,207,0.0,0.4,80.9,3484,11.2,280,83.0,2.6,83.0,0.1,4.6,1366667.0,2.5,21.1,0.5,7.7
Bangladesh,2001,Developing,65.8,168.0,219,0.0,3.4,80.9,4414,1.8,298,85.0,2.5,85.0,0.1,42.6,1341716.0,2.7,21.3,0.5,7.5
Bangladesh,2000,Developing,65.3,173.0,231,0.0,3.7,80.9,5098,1.4,316,83.0,2.3,82.0,0.1,45.6,131581243.0,2.9,21.5,0.5,7.3
Barbados,2015,Developing,75.5,98.0,0,4.6,0.0,97.0,0,54.5,0,97.0,5.9,97.0,0.1,15557.8,12753375.1,3.8,3.7,0.8,15.3
Barbados,2014,Developing,75.4,1.0,0,8.8,294.9,94.0,0,53.7,0,95.0,7.5,94.0,0.1,15359.7,12753375.1,3.8,3.7,0.8,15.3
Barbados,2013,Developing,75.2,11.0,0,8.7,263.0,91.0,0,53.0,0,91.0,7.6,91.0,0.1,15472.8,12753375.1,3.8,3.8,0.8,15.3
Barbados,2012,Developing,75.1,12.0,0,8.6,260.0,87.0,0,52.2,0,88.0,7.4,87.0,0.1,15384.9,12753375.1,3.8,3.8,0.8,15.3
Barbados,2011,Developing,74.9,14.0,0,8.5,174.0,91.0,0,51.4,0,91.0,6.7,91.0,0.1,15534.2,12753375.1,3.8,3.8,0.8,15.5
Barbados,2010,Developing,74.7,16.0,0,8.4,155.0,86.0,0,5.7,0,9.0,6.2,86.0,0.1,1595.9,12753375.1,3.8,3.8,0.8,15.8
Barbados,2009,Developing,74.6,19.0,0,8.5,327.2,93.0,0,49.9,0,93.0,6.2,93.0,0.1,16523.3,12753375.1,3.8,3.8,0.8,15.5
Barbados,2008,Developing,74.4,111.0,0,8.9,25.5,85.0,0,49.2,0,85.0,6.1,85.0,0.1,1657.3,12753375.1,3.9,3.9,0.8,15.3
Barbados,2007,Developing,74.2,113.0,0,8.5,1641.3,93.0,0,48.4,0,93.0,5.6,93.0,0.1,16462.5,12753375.1,3.9,3.9,0.8,15.0
Barbados,2006,Developing,74.1,115.0,0,8.4,181.5,84.0,0,47.7,0,85.0,5.3,84.0,0.1,15646.6,12753375.1,4.0,3.9,0.8,14.8
Barbados,2005,Developing,73.9,117.0,0,8.0,1311.4,92.0,0,46.9,0,91.0,5.4,92.0,0.1,14223.9,12753375.1,4.0,4.0,0.8,14.6
Barbados,2004,Developing,73.8,119.0,0,7.7,166.0,93.0,0,46.2,0,93.0,5.7,93.0,0.2,12868.9,12753375.1,4.1,4.0,0.8,14.4
Barbados,2003,Developing,73.7,121.0,0,7.7,13.5,91.0,0,45.4,0,9.0,5.8,89.0,0.4,1228.5,12753375.1,4.1,4.1,0.8,14.2
Barbados,2002,Developing,73.5,123.0,0,7.6,133.1,66.0,0,44.6,0,86.0,5.8,87.0,0.8,11675.4,12753375.1,4.2,4.1,0.7,14.0
Barbados,2001,Developing,73.4,125.0,0,7.4,138.2,18.0,0,43.8,0,93.0,5.5,84.0,0.7,11513.9,12753375.1,4.2,4.2,0.8,14.0
Barbados,2000,Developing,73.3,127.0,0,7.4,1140.6,80.9,0,43.0,0,86.0,5.2,93.0,0.9,11568.1,12753375.1,4.3,4.2,0.7,14.0
Belarus,2015,Developing,72.3,196.0,0,4.6,0.0,99.0,2,62.3,0,99.0,5.9,99.0,0.1,5949.1,9489616.0,1.9,2.0,0.8,15.6
Belarus,2014,Developing,72.0,199.0,0,13.9,1147.1,97.0,64,61.7,0,97.0,5.7,97.0,0.1,8318.4,9474511.0,1.9,2.0,0.8,15.7
Belarus,2013,Developing,71.7,23.0,0,14.7,1109.9,98.0,16,61.1,1,98.0,6.7,98.0,0.1,7978.8,9465997.0,2.0,2.0,0.8,15.7
Belarus,2012,Developing,71.9,194.0,0,16.4,91.7,97.0,10,6.5,1,98.0,5.1,98.0,0.1,694.2,9464495.0,2.0,2.1,0.8,15.6
Belarus,2011,Developing,72.0,232.0,0,17.3,846.9,98.0,50,59.9,1,98.0,4.9,98.0,0.1,6519.7,9473172.0,2.0,2.1,0.8,15.5
Belarus,2010,Developing,73.0,222.0,0,14.4,8.5,96.0,1,59.3,1,99.0,5.5,98.0,0.1,63.4,949583.0,2.0,2.2,0.8,15.5
Belarus,2009,Developing,70.0,226.0,0,14.1,434.8,98.0,0,58.7,1,98.0,6.9,96.0,0.1,5176.2,956765.0,2.1,2.2,0.8,15.4
Belarus,2008,Developing,70.0,224.0,1,14.7,501.8,98.0,0,58.2,1,98.0,6.0,97.0,0.1,6376.2,9527985.0,2.1,2.3,0.8,15.1
Belarus,2007,Developing,69.8,226.0,1,14.2,464.1,91.0,1,57.7,1,9.0,6.4,95.0,0.1,4735.5,956953.0,2.2,2.3,0.7,14.9
Belarus,2006,Developing,68.9,243.0,1,12.6,364.4,98.0,149,57.2,1,97.0,6.3,99.0,0.1,3848.2,964924.0,2.2,2.4,0.7,14.6
Belarus,2005,Developing,68.1,252.0,1,11.0,45.7,99.0,1,56.7,1,98.0,6.9,99.0,0.1,3126.7,9663915.0,2.3,2.5,0.7,14.4
Belarus,2004,Developing,68.2,247.0,1,12.1,42.3,99.0,2,56.2,1,99.0,6.6,99.0,0.1,2378.3,973146.0,2.4,2.5,0.7,14.1
Belarus,2003,Developing,67.7,253.0,1,11.2,23.8,56.0,21,55.8,1,53.0,6.6,5.0,0.1,1819.5,9796749.0,2.5,2.6,0.7,13.9
Belarus,2002,Developing,67.2,262.0,1,12.2,145.4,99.0,14,55.3,1,99.0,6.5,99.0,0.1,1479.4,9865548.0,2.5,2.7,0.7,13.6
Belarus,2001,Developing,67.7,254.0,1,10.7,14.1,93.0,45,54.9,1,99.0,6.6,99.0,0.1,1244.4,9928549.0,2.6,2.7,0.7,13.3
Belarus,2000,Developing,68.0,247.0,1,13.0,24.2,7.0,21,54.4,1,99.0,6.1,99.0,0.1,1276.3,997961.0,2.7,2.8,0.7,13.1
Belgium,2015,Developed,81.1,74.0,0,4.6,0.0,98.0,47,63.7,1,99.0,5.9,99.0,0.1,4356.9,11274196.0,1.0,1.0,0.9,16.6
Belgium,2014,Developed,89.0,76.0,0,12.6,7163.3,98.0,70,63.4,1,99.0,1.6,99.0,0.1,47439.4,112957.0,1.0,1.0,0.9,16.3
Belgium,2013,Developed,87.0,77.0,0,11.8,702.4,98.0,39,63.0,1,99.0,1.6,99.0,0.1,4651.4,11182817.0,1.0,0.9,0.9,16.3
Belgium,2012,Developed,83.0,78.0,0,10.1,664.5,98.0,109,62.6,1,99.0,1.5,99.0,0.1,4474.6,11128246.0,0.9,0.9,0.9,16.2
Belgium,2011,Developed,83.0,8.0,0,10.1,713.5,97.0,576,62.3,1,98.0,1.4,98.0,0.1,4772.8,1147744.0,0.9,0.9,0.9,16.1
Belgium,2010,Developed,80.0,81.0,0,10.2,665.7,97.0,40,61.9,1,98.0,1.2,98.0,0.1,4438.2,1895586.0,0.9,0.9,0.9,15.9
Belgium,2009,Developed,79.8,85.0,0,10.1,671.9,97.0,33,61.6,1,98.0,1.4,98.0,0.1,4488.6,1796493.0,0.9,0.9,0.9,15.8
Belgium,2008,Developed,79.5,87.0,0,10.5,7191.1,98.0,98,61.3,1,99.0,9.6,99.0,0.1,48424.6,179973.0,0.8,0.8,0.9,15.8
Belgium,2007,Developed,79.5,86.0,0,10.2,640.4,94.0,64,6.9,1,99.0,9.2,98.0,0.1,4443.8,16257.0,0.8,0.8,0.9,15.8
Belgium,2006,Developed,79.4,85.0,0,11.0,5579.2,94.0,15,6.6,1,99.0,9.2,98.0,0.1,38852.4,1547958.0,0.8,0.8,0.9,15.7
Belgium,2005,Developed,78.9,89.0,0,12.3,5068.2,77.0,26,6.2,1,97.0,9.2,97.0,0.1,36967.3,1478617.0,0.8,0.8,0.9,15.7
Belgium,2004,Developed,78.8,91.0,1,12.1,5160.5,64.0,61,59.8,1,96.0,9.3,95.0,0.1,35589.7,1421137.0,0.8,0.8,0.9,18.8
Belgium,2003,Developed,78.3,95.0,0,11.3,507.3,64.0,44,59.4,1,96.0,9.3,95.0,0.1,3744.0,1376133.0,0.8,0.8,0.9,18.6
Belgium,2002,Developed,78.0,99.0,1,11.3,320.3,6.0,0,59.0,1,96.0,8.5,95.0,0.1,2552.3,1332785.0,0.8,0.8,0.9,18.8
Belgium,2001,Developed,78.0,1.0,1,11.0,2943.4,6.0,83,58.5,1,96.0,8.3,95.0,0.1,23121.6,128657.0,0.8,0.8,0.9,18.2
Belgium,2000,Developed,77.6,11.0,1,11.2,287.2,6.0,0,58.1,1,96.0,8.1,95.0,0.1,2327.5,125125.0,0.8,0.8,0.9,18.0
Belize,2015,Developing,71.0,175.0,0,4.6,0.0,94.0,0,5.9,0,94.0,5.9,94.0,0.2,4850.0,359288.0,3.5,3.4,0.7,12.8
Belize,2014,Developing,70.0,177.0,0,6.6,670.1,95.0,0,5.1,0,95.0,5.8,95.0,0.2,4852.2,351694.0,3.4,3.4,0.7,12.8
Belize,2013,Developing,69.8,18.0,0,6.6,629.2,95.0,0,49.3,0,95.0,5.8,95.0,0.2,4688.5,344181.0,3.4,3.4,0.7,12.9
Belize,2012,Developing,69.4,189.0,0,6.7,582.8,98.0,0,48.5,0,98.0,5.5,98.0,0.1,4673.6,33671.0,3.5,3.4,0.7,12.5
Belize,2011,Developing,69.4,188.0,0,6.6,605.6,95.0,0,47.8,0,95.0,5.6,95.0,0.5,4516.2,329192.0,3.5,3.4,0.7,12.4
Belize,2010,Developing,69.5,186.0,0,6.8,570.0,96.0,0,47.0,0,96.0,5.8,96.0,0.2,4344.2,32168.0,3.5,3.4,0.7,12.4
Belize,2009,Developing,69.5,184.0,0,6.8,549.8,97.0,0,46.3,0,98.0,5.8,97.0,0.3,4258.8,313929.0,3.5,3.4,0.7,12.7
Belize,2008,Developing,69.6,181.0,0,7.2,51.3,94.0,0,45.7,0,94.0,5.9,94.0,0.1,447.2,36165.0,3.5,3.4,0.7,12.8
Belize,2007,Developing,69.6,181.0,0,7.2,69.6,96.0,0,45.0,0,97.0,4.8,96.0,0.6,4324.9,29847.0,3.5,3.5,0.7,12.8
Belize,2006,Developing,69.4,184.0,0,6.5,387.3,98.0,0,44.4,0,98.0,4.4,98.0,0.6,4187.4,29747.0,3.6,3.5,0.7,12.3
Belize,2005,Developing,69.0,191.0,0,6.2,365.8,96.0,0,43.8,0,96.0,4.5,96.0,0.8,3933.3,283277.0,3.6,3.5,0.7,12.8
Belize,2004,Developing,68.7,197.0,0,6.2,325.7,97.0,0,43.2,0,97.0,4.4,97.0,0.8,3831.5,27689.0,3.6,3.5,0.7,12.5
Belize,2003,Developing,68.4,21.0,0,5.7,312.8,96.0,0,42.6,0,95.0,4.5,96.0,1.5,3680.0,26913.0,3.6,3.6,0.7,12.2
Belize,2002,Developing,68.5,199.0,0,5.0,262.8,97.0,0,42.0,0,93.0,4.4,89.0,0.1,3556.6,26226.0,3.7,3.6,0.7,11.9
Belize,2001,Developing,68.2,21.0,0,4.9,251.7,96.0,0,41.4,0,96.0,4.5,96.0,0.4,3419.3,254984.0,3.7,3.7,0.7,11.8
Belize,2000,Developing,68.3,196.0,0,4.8,219.0,76.0,0,4.8,0,91.0,4.0,91.0,0.3,3364.4,247315.0,3.8,3.7,0.7,11.7
Benin,2015,Developing,60.0,249.0,25,4.6,0.0,82.0,55,25.7,39,78.0,5.9,82.0,1.0,783.9,1575952.0,6.9,6.8,0.5,10.7
Benin,2014,Developing,59.7,252.0,25,0.0,90.1,78.0,786,25.2,39,74.0,4.6,78.0,1.1,943.7,1286712.0,7.1,6.9,0.5,10.7
Benin,2013,Developing,59.5,251.0,25,0.0,87.4,77.0,637,24.6,39,73.0,4.6,77.0,1.2,915.3,14451.0,7.2,7.1,0.5,10.3
Benin,2012,Developing,59.3,251.0,25,0.0,9.8,8.0,288,24.1,39,8.0,4.9,8.0,1.3,838.0,972916.0,7.4,7.3,0.5,10.0
Benin,2011,Developing,59.1,251.0,25,1.4,110.3,75.0,426,23.5,39,77.0,5.4,75.0,1.4,825.9,94682.0,7.6,7.5,0.5,9.8
Benin,2010,Developing,58.7,254.0,25,1.3,94.3,76.0,392,23.0,39,77.0,5.0,76.0,1.4,757.7,9199259.0,7.8,7.6,0.5,9.5
Benin,2009,Developing,58.4,259.0,25,1.2,71.0,79.0,1461,22.5,39,8.0,4.5,79.0,1.6,793.5,894476.0,7.9,7.8,0.4,9.3
Benin,2008,Developing,57.6,278.0,25,1.3,7.6,75.0,928,22.0,39,77.0,4.2,75.0,1.8,82.2,8696916.0,8.1,8.0,0.4,9.1
Benin,2007,Developing,57.1,283.0,25,1.1,7.5,82.0,341,21.5,39,82.0,4.5,82.0,2.0,76.5,8454791.0,8.3,8.2,0.4,8.9
Benin,2006,Developing,56.8,284.0,25,1.2,75.9,74.0,176,21.0,39,76.0,4.8,74.0,2.0,625.8,8216896.0,8.5,8.4,0.4,8.7
Benin,2005,Developing,56.5,285.0,25,1.1,7.1,7.0,210,2.5,39,73.0,4.7,7.0,2.1,61.8,7982225.0,8.7,8.6,0.4,8.5
Benin,2004,Developing,56.1,285.0,25,1.1,10.7,75.0,262,2.1,39,74.0,4.6,72.0,2.1,583.5,7754.0,8.9,8.8,0.4,8.1
Benin,2003,Developing,55.8,285.0,25,1.4,8.9,73.0,217,19.7,40,75.0,4.6,73.0,2.1,519.3,752555.0,9.1,9.0,0.4,7.7
Benin,2002,Developing,55.6,283.0,25,1.2,40.5,15.0,1588,19.2,40,76.0,4.3,75.0,2.1,418.7,7295394.0,9.3,9.2,0.4,7.3
Benin,2001,Developing,55.5,281.0,25,1.3,45.3,80.9,5859,18.8,40,77.0,4.7,76.0,2.1,378.7,776733.0,9.5,9.4,0.4,6.6
Benin,2000,Developing,55.4,279.0,25,1.3,37.4,80.9,4244,18.4,40,78.0,4.3,78.0,2.0,374.2,6865951.0,9.7,9.6,0.4,6.4
Bhutan,2015,Developing,69.8,211.0,0,4.6,0.0,99.0,11,24.5,0,98.0,5.9,99.0,0.5,2613.6,787386.0,15.4,16.0,0.6,12.5
Bhutan,2014,Developing,69.4,216.0,0,0.0,209.4,99.0,0,23.6,1,98.0,3.6,99.0,0.5,2522.8,776448.0,15.7,16.2,0.6,12.5
Bhutan,2013,Developing,69.1,219.0,0,0.0,19.8,97.0,0,22.7,1,97.0,3.8,97.0,0.6,235.9,764961.0,15.9,16.5,0.6,12.6
Bhutan,2012,Developing,68.7,223.0,0,0.0,188.7,97.0,1,21.9,1,97.0,3.7,97.0,0.6,2422.8,752967.0,16.1,16.7,0.6,12.3
Bhutan,2011,Developing,68.3,225.0,0,0.2,289.9,95.0,10,21.1,1,95.0,4.7,95.0,0.5,2458.5,7451.0,16.3,17.0,0.6,11.9
Bhutan,2010,Developing,67.9,228.0,1,0.3,244.0,91.0,21,2.3,1,92.0,5.2,91.0,0.5,2178.9,727641.0,16.6,17.3,0.0,11.4
Bhutan,2009,Developing,67.4,232.0,1,0.2,27.5,93.0,6,19.5,1,93.0,6.3,93.0,0.4,177.2,714458.0,16.8,17.5,0.0,10.9
Bhutan,2008,Developing,67.0,234.0,1,0.2,302.7,96.0,7,18.8,1,96.0,6.6,96.0,0.4,1795.2,795.0,17.1,17.8,0.0,10.5
Bhutan,2007,Developing,66.5,238.0,1,0.2,283.8,95.0,11,18.0,1,93.0,5.9,95.0,0.3,1741.1,686958.0,17.3,18.1,0.0,10.1
Bhutan,2006,Developing,65.8,245.0,1,0.3,169.2,95.0,2,17.4,1,96.0,5.3,95.0,0.3,1335.5,672228.0,17.5,18.3,0.0,9.6
Bhutan,2005,Developing,65.0,254.0,1,0.7,145.6,95.0,11,16.7,1,95.0,5.3,95.0,0.3,1247.6,656639.0,17.8,18.6,0.0,9.2
Bhutan,2004,Developing,64.2,263.0,1,1.0,2.6,89.0,3,16.1,1,9.0,4.4,89.0,0.3,197.5,64282.0,18.0,18.8,0.0,8.8
Bhutan,2003,Developing,63.3,273.0,1,0.5,19.2,95.0,0,15.5,1,96.0,4.9,95.0,0.2,997.7,623434.0,18.3,19.1,0.0,8.4
Bhutan,2002,Developing,62.5,282.0,1,0.3,152.0,83.0,27,14.9,1,89.0,7.8,86.0,0.1,885.6,66399.0,18.6,19.4,0.0,8.0
Bhutan,2001,Developing,61.7,29.0,1,0.1,8.6,89.0,756,14.4,1,88.0,5.9,88.0,0.1,87.9,5896.0,18.9,19.6,0.0,7.6
Bhutan,2000,Developing,62.0,312.0,1,0.2,93.4,98.0,418,13.9,1,98.0,6.9,92.0,0.1,765.9,573416.0,19.2,19.9,0.0,7.3
Bolivia (Plurinational State of),2015,Developing,77.0,186.0,8,4.6,0.0,99.0,0,52.6,10,99.0,5.9,99.0,0.1,7483.2,12753375.1,1.2,1.1,0.7,13.8
Bolivia (Plurinational State of),2014,Developing,74.0,189.0,8,3.6,0.0,98.0,0,51.9,10,99.0,6.3,98.0,0.1,7483.2,12753375.1,1.2,1.1,0.7,13.8
Bolivia (Plurinational State of),2013,Developing,71.0,192.0,8,3.8,0.0,94.0,0,51.2,10,95.0,6.0,94.0,0.1,7483.2,12753375.1,1.2,1.1,0.7,13.8
Bolivia (Plurinational State of),2012,Developing,69.8,194.0,8,3.9,0.0,93.0,0,5.6,11,93.0,5.6,93.0,0.1,7483.2,12753375.1,1.2,1.1,0.7,13.8
Bolivia (Plurinational State of),2011,Developing,69.3,198.0,9,3.9,0.0,95.0,0,49.9,11,95.0,5.5,95.0,0.2,7483.2,12753375.1,1.2,1.1,0.6,13.8
Bolivia (Plurinational State of),2010,Developing,68.7,22.0,9,4.0,0.0,91.0,0,49.3,12,9.0,5.4,91.0,0.2,7483.2,12753375.1,1.2,1.1,0.6,13.8
Bolivia (Plurinational State of),2009,Developing,68.0,27.0,10,3.9,0.0,93.0,0,48.6,12,92.0,5.8,93.0,0.2,7483.2,12753375.1,1.2,1.1,0.6,13.8
Bolivia (Plurinational State of),2008,Developing,67.4,211.0,10,3.8,0.0,88.0,0,48.0,13,87.0,5.0,88.0,0.2,7483.2,12753375.1,1.3,1.1,0.6,14.0
Bolivia (Plurinational State of),2007,Developing,66.8,216.0,11,3.5,0.0,84.0,0,47.3,14,85.0,5.0,84.0,0.2,7483.2,12753375.1,1.3,1.2,0.6,14.1
Bolivia (Plurinational State of),2006,Developing,66.2,219.0,11,3.2,0.0,83.0,0,46.7,15,82.0,5.2,83.0,0.2,7483.2,12753375.1,1.3,1.2,0.6,14.3
Bolivia (Plurinational State of),2005,Developing,65.7,222.0,12,2.9,0.0,85.0,0,46.0,16,84.0,5.7,85.0,0.2,7483.2,12753375.1,1.3,1.2,0.6,14.4
Bolivia (Plurinational State of),2004,Developing,65.1,226.0,12,2.7,0.0,84.0,0,45.4,16,84.0,5.2,84.0,0.2,7483.2,12753375.1,1.4,1.2,0.6,14.6
Bolivia (Plurinational State of),2003,Developing,64.5,23.0,13,2.4,0.0,8.0,0,44.7,17,82.0,5.3,88.0,0.2,7483.2,12753375.1,1.4,1.3,0.6,14.4
Bolivia (Plurinational State of),2002,Developing,63.9,234.0,14,2.3,0.0,77.0,0,44.0,18,76.0,6.5,77.0,0.1,7483.2,12753375.1,1.4,1.3,0.6,14.0
Bolivia (Plurinational State of),2001,Developing,63.3,238.0,14,2.2,0.0,77.0,0,43.3,19,71.0,6.3,71.0,0.1,7483.2,12753375.1,1.5,1.4,0.6,13.7
Bolivia (Plurinational State of),2000,Developing,62.6,243.0,15,2.3,0.0,77.0,122,42.6,20,74.0,5.7,75.0,0.1,7483.2,12753375.1,1.5,1.4,0.6,13.3
Bosnia and Herzegovina,2015,Developing,77.4,88.0,0,4.6,0.0,82.0,1677,55.8,0,74.0,5.9,82.0,0.1,4575.0,3535961.0,2.3,2.3,0.7,14.2
Bosnia and Herzegovina,2014,Developing,77.2,89.0,0,4.0,732.9,89.0,3000,55.3,0,86.0,9.6,86.0,0.1,5193.9,35662.0,2.4,2.4,0.7,14.2
Bosnia and Herzegovina,2013,Developing,77.0,9.0,0,4.1,75.6,91.0,0,54.7,0,87.0,9.5,89.0,0.1,535.9,364999.0,2.4,2.4,0.7,14.2
Bosnia and Herzegovina,2012,Developing,76.8,92.0,0,4.6,693.8,92.0,22,54.2,0,87.0,9.9,92.0,0.1,4716.7,36482.0,2.5,2.5,0.7,13.9
Bosnia and Herzegovina,2011,Developing,76.9,92.0,0,4.6,8.0,88.0,10,53.7,0,89.0,9.7,88.0,0.1,55.2,3688865.0,2.6,2.5,0.7,13.4
Bosnia and Herzegovina,2010,Developing,76.4,94.0,0,4.5,630.4,89.0,45,53.1,0,9.0,9.6,89.0,0.1,4611.5,372284.0,2.6,2.6,0.7,13.3
Bosnia and Herzegovina,2009,Developing,76.1,97.0,0,4.8,645.0,9.0,22,52.6,0,9.0,9.6,9.0,0.1,4697.9,3746561.0,2.7,2.7,0.7,13.3
Bosnia and Herzegovina,2008,Developing,76.0,98.0,0,5.1,66.0,88.0,8,52.1,0,92.0,8.6,91.0,0.1,575.3,3763599.0,2.8,2.7,0.7,13.1
Bosnia and Herzegovina,2007,Developing,75.4,16.0,0,5.2,8.2,94.0,166,51.5,0,95.0,8.4,95.0,0.1,418.3,3774.0,2.8,2.8,0.7,12.9
Bosnia and Herzegovina,2006,Developing,75.7,1.0,0,4.8,38.3,9.0,17,51.0,0,91.0,8.3,87.0,0.1,344.3,3779468.0,2.9,2.8,0.7,12.7
Bosnia and Herzegovina,2005,Developing,75.0,12.0,0,4.6,45.7,93.0,23,5.5,0,95.0,8.5,93.0,0.1,2968.4,378153.0,2.9,2.9,0.0,12.5
Bosnia and Herzegovina,2004,Developing,75.5,99.0,0,4.2,3.5,36.0,28,49.9,0,87.0,9.4,84.0,0.1,265.6,3781287.0,3.0,3.0,0.0,12.3
Bosnia and Herzegovina,2003,Developing,75.2,12.0,0,4.1,39.9,80.9,18,49.4,0,87.0,7.9,87.0,0.1,2214.7,3779247.0,3.0,3.0,0.0,12.1
Bosnia and Herzegovina,2002,Developing,75.4,11.0,0,3.8,151.1,80.9,28,48.8,0,86.0,7.1,8.0,0.1,1761.5,377587.0,3.1,3.1,0.0,11.9
Bosnia and Herzegovina,2001,Developing,74.9,113.0,0,3.9,143.3,80.9,0,48.2,0,92.0,7.2,91.0,0.1,1524.4,3771284.0,3.2,3.2,0.0,11.6
Bosnia and Herzegovina,2000,Developing,74.6,116.0,0,3.6,165.6,80.9,43,47.6,0,87.0,7.9,85.0,0.1,1461.8,376676.0,3.3,3.2,0.0,0.0
Botswana,2015,Developing,65.7,256.0,2,4.6,0.0,95.0,0,37.9,2,96.0,5.9,95.0,2.2,6532.7,229197.0,6.4,6.1,0.7,12.6
Botswana,2014,Developing,65.1,268.0,2,0.0,662.8,95.0,1,37.3,2,96.0,5.4,95.0,2.3,7497.8,2168573.0,6.7,6.4,0.7,12.6
Botswana,2013,Developing,64.2,286.0,2,0.0,1.1,95.0,1,36.8,2,96.0,5.8,95.0,2.8,77.6,212857.0,7.0,6.7,0.7,12.6
Botswana,2012,Developing,63.4,3.0,2,0.0,12.8,95.0,7,36.2,3,96.0,6.3,95.0,4.4,729.2,289315.0,7.3,7.0,0.7,12.5
Botswana,2011,Developing,62.2,325.0,2,5.8,669.0,95.0,8,35.7,3,96.0,5.2,95.0,5.5,7645.2,251339.0,7.7,7.4,0.7,12.4
Botswana,2010,Developing,61.1,349.0,2,6.0,547.0,95.0,853,35.2,3,96.0,5.6,95.0,6.2,6346.2,214866.0,8.0,7.8,0.7,12.3
Botswana,2009,Developing,59.2,393.0,2,5.0,426.8,94.0,184,34.7,3,96.0,6.4,96.0,9.0,5185.7,1979882.0,8.4,8.2,0.7,12.2
Botswana,2008,Developing,57.5,427.0,2,6.6,476.9,94.0,0,34.2,3,96.0,5.5,96.0,12.7,5623.4,1946351.0,8.8,8.6,0.6,12.1
Botswana,2007,Developing,56.9,436.0,2,6.2,512.6,93.0,1,33.7,3,96.0,4.7,96.0,13.4,5714.5,1914414.0,9.2,9.0,0.6,12.1
Botswana,2006,Developing,54.8,491.0,2,6.5,76.3,93.0,6,33.2,3,96.0,4.9,96.0,14.4,5374.6,1884238.0,9.6,9.4,0.6,11.9
Botswana,2005,Developing,51.7,566.0,2,6.4,629.8,92.0,5,32.7,3,96.0,5.6,96.0,20.6,5351.3,1855852.0,1.0,9.9,0.6,11.9
Botswana,2004,Developing,48.1,652.0,2,4.9,469.6,91.0,1,32.2,4,96.0,5.6,96.0,28.4,4896.6,182933.0,1.5,1.4,0.6,11.8
Botswana,2003,Developing,46.4,693.0,2,5.5,299.4,9.0,59,31.6,4,96.0,4.7,96.0,31.9,4163.7,184339.0,1.9,1.8,0.6,11.8
Botswana,2002,Developing,46.0,699.0,2,6.4,6.3,88.0,7,31.1,4,97.0,6.5,97.0,34.6,355.6,1779953.0,11.4,11.3,0.6,11.9
Botswana,2001,Developing,46.7,679.0,2,5.5,307.0,87.0,1,3.5,4,97.0,5.7,97.0,37.2,3129.0,1754935.0,11.8,11.8,0.6,11.8
Botswana,2000,Developing,47.8,647.0,2,5.4,250.9,86.0,2672,29.9,4,97.0,4.6,97.0,38.8,3349.7,172834.0,12.3,12.2,0.6,11.7
Brazil,2015,Developing,75.0,142.0,42,4.6,0.0,96.0,214,56.1,47,98.0,5.9,96.0,0.1,8757.3,2596218.0,2.7,2.6,0.8,15.2
Brazil,2014,Developing,74.8,144.0,44,7.3,83.2,96.0,876,55.3,49,96.0,8.3,93.0,0.1,1226.6,24213133.0,2.7,2.7,0.7,15.2
Brazil,2013,Developing,74.7,146.0,46,7.2,916.3,96.0,220,54.5,52,96.0,8.5,97.0,0.1,12216.9,2248632.0,2.8,2.7,0.7,14.2
Brazil,2012,Developing,74.5,148.0,49,7.5,843.2,96.0,2,53.6,54,96.0,8.3,95.0,0.1,12291.5,256983.0,2.8,2.8,0.7,14.2
Brazil,2011,Developing,74.1,152.0,51,7.6,1085.0,98.0,43,52.8,57,98.0,8.9,99.0,0.1,13167.5,198686688.0,2.9,2.8,0.7,14.0
Brazil,2010,Developing,73.8,154.0,54,7.5,1111.2,96.0,68,52.0,61,99.0,8.3,99.0,0.1,11224.2,196796269.0,2.9,2.9,0.7,13.8
Brazil,2009,Developing,73.6,157.0,57,7.3,564.5,99.0,0,51.1,64,99.0,8.7,99.0,0.1,8553.4,194895996.0,3.0,2.9,0.7,13.8
Brazil,2008,Developing,73.4,158.0,61,7.2,526.4,96.0,0,5.3,68,99.0,8.2,99.0,0.1,8787.6,19297929.0,3.0,3.0,0.7,13.3
Brazil,2007,Developing,73.3,159.0,65,7.2,394.9,99.0,0,49.4,73,99.0,8.3,99.0,0.1,7313.6,19126637.0,3.1,3.0,0.7,13.5
Brazil,2006,Developing,73.0,161.0,70,7.1,30.3,99.0,57,48.6,79,99.0,8.4,99.0,0.1,586.1,18912412.0,3.1,3.1,0.7,13.8
Brazil,2005,Developing,72.7,163.0,75,7.0,23.8,98.0,6,47.8,85,99.0,8.3,99.0,0.1,477.2,186917361.0,3.2,3.1,0.7,13.8
Brazil,2004,Developing,72.0,17.0,81,6.8,186.6,96.0,0,46.9,93,99.0,7.7,99.0,0.1,3623.5,184738458.0,3.2,3.2,0.7,14.0
Brazil,2003,Developing,71.8,172.0,88,7.0,15.9,97.0,2,46.1,100,99.0,6.9,99.0,0.1,359.6,182482149.0,3.3,3.3,0.7,14.8
Brazil,2002,Developing,71.4,176.0,95,7.0,141.0,92.0,1,45.3,109,99.0,7.1,99.0,0.1,2819.6,1815121.0,3.3,3.3,0.7,14.6
Brazil,2001,Developing,71.0,179.0,103,7.1,149.5,91.0,1,44.5,118,99.0,7.2,98.0,0.1,3147.0,1777567.0,3.4,3.4,0.7,14.3
Brazil,2000,Developing,75.0,183.0,111,7.3,179.5,94.0,36,43.7,127,99.0,7.3,98.0,0.1,3739.1,175287587.0,3.4,3.4,0.7,14.1
Brunei Darussalam,2015,Developing,77.7,78.0,0,4.6,0.0,99.0,4,41.2,0,99.0,5.9,99.0,0.1,3967.9,12753375.1,5.7,5.1,0.9,14.9
Brunei Darussalam,2014,Developing,77.6,8.0,0,0.0,269.1,99.0,1,4.2,0,99.0,2.6,99.0,0.1,4159.9,12753375.1,5.7,5.2,0.9,15.0
Brunei Darussalam,2013,Developing,77.1,84.0,0,0.0,2845.3,98.0,0,39.2,0,99.0,2.6,99.0,0.1,44597.3,12753375.1,5.8,5.2,0.9,14.9
Brunei Darussalam,2012,Developing,78.3,79.0,0,0.0,3192.6,99.0,1,38.2,0,99.0,2.3,99.0,0.1,47651.3,12753375.1,5.8,5.3,0.9,14.4
Brunei Darussalam,2011,Developing,77.4,79.0,0,1.0,295.8,93.0,4,37.2,0,99.0,2.2,97.0,0.1,4717.3,12753375.1,5.9,5.4,0.8,14.1
Brunei Darussalam,2010,Developing,76.9,79.0,0,0.9,2218.4,96.0,0,36.2,0,99.0,2.7,95.0,0.1,35268.1,12753375.1,5.9,5.4,0.8,14.2
Brunei Darussalam,2009,Developing,76.8,88.0,0,0.2,1873.7,96.0,2,35.2,0,99.0,2.9,99.0,0.1,27965.5,12753375.1,6.0,5.5,0.8,14.1
Brunei Darussalam,2008,Developing,77.2,84.0,0,0.7,2538.9,96.0,3,34.2,0,97.0,2.2,98.0,0.1,37951.3,12753375.1,6.1,5.6,0.8,14.2
Brunei Darussalam,2007,Developing,76.0,1.0,0,0.8,2048.6,97.0,0,33.2,0,95.0,2.3,99.0,0.1,32672.4,12753375.1,6.2,5.7,0.8,14.3
Brunei Darussalam,2006,Developing,76.3,93.0,0,0.7,25.0,99.0,0,32.2,0,94.0,2.2,97.0,0.1,399.0,12753375.1,6.3,5.8,0.8,14.3
Brunei Darussalam,2005,Developing,76.2,92.0,0,0.2,179.7,99.0,9,31.2,0,93.0,2.6,94.0,0.1,2612.1,12753375.1,6.4,5.9,0.8,14.1
Brunei Darussalam,2004,Developing,76.4,89.0,0,0.1,1504.3,99.0,16,3.1,0,92.0,3.1,92.0,0.1,21896.7,12753375.1,6.5,6.0,0.8,13.7
Brunei Darussalam,2003,Developing,76.0,89.0,0,0.1,1406.5,99.0,24,29.1,0,99.0,3.9,92.0,0.1,18555.6,12753375.1,6.6,6.1,0.8,13.4
Brunei Darussalam,2002,Developing,74.8,95.0,0,0.1,941.7,99.0,0,28.0,0,99.0,3.4,94.0,0.1,16846.2,12753375.1,6.7,6.1,0.8,13.3
Brunei Darussalam,2001,Developing,74.7,19.0,0,0.5,1078.7,99.0,11,27.0,0,99.0,3.6,97.0,0.1,16468.1,12753375.1,6.8,6.2,0.8,13.4
Brunei Darussalam,2000,Developing,74.4,16.0,0,0.4,11.8,99.0,42,26.1,0,99.0,3.5,99.0,0.1,188.4,12753375.1,6.8,6.3,0.8,13.4
Bulgaria,2015,Developed,74.5,137.0,0,4.6,0.0,92.0,0,65.7,1,91.0,5.9,91.0,0.1,6993.5,7177991.0,1.9,1.8,0.8,15.0
Bulgaria,2014,Developed,74.3,138.0,1,12.0,153.1,95.0,0,65.1,1,88.0,8.4,88.0,0.1,7853.3,7223938.0,1.9,1.9,0.8,14.8
Bulgaria,2013,Developed,74.1,14.0,1,12.1,149.7,95.0,14,64.5,1,95.0,7.9,95.0,0.1,7674.9,7265115.0,1.9,1.9,0.8,14.4
Bulgaria,2012,Developed,73.9,139.0,1,11.0,851.5,95.0,1,63.9,1,95.0,7.1,95.0,0.1,7378.3,735888.0,1.9,1.9,0.8,14.3
Bulgaria,2011,Developed,73.7,144.0,1,10.7,875.1,96.0,157,63.3,1,95.0,6.9,95.0,0.1,7813.8,7348328.0,2.0,2.0,0.8,14.2
Bulgaria,2010,Developed,73.4,147.0,1,10.8,766.4,95.0,22004,62.7,1,94.0,7.2,94.0,0.1,6843.3,7395599.0,2.0,2.0,0.8,13.9
Bulgaria,2009,Developed,73.2,152.0,1,10.9,661.5,96.0,2249,62.1,1,94.0,6.8,94.0,0.1,6956.0,7444443.0,2.0,2.1,0.8,13.8
Bulgaria,2008,Developed,72.9,155.0,1,11.0,108.0,96.0,1,61.5,1,96.0,6.6,95.0,0.1,7296.1,7492561.0,2.1,2.1,0.8,13.8
Bulgaria,2007,Developed,72.6,157.0,1,10.9,591.5,95.0,1,6.9,1,95.0,6.4,95.0,0.1,5932.9,7545338.0,2.1,2.2,0.8,13.5
Bulgaria,2006,Developed,72.2,161.0,1,10.4,508.6,96.0,1,6.3,1,96.0,6.7,95.0,0.1,4513.1,76122.0,2.2,2.2,0.8,13.5
Bulgaria,2005,Developed,72.1,16.0,1,10.5,456.3,96.0,3,59.7,1,97.0,7.8,96.0,0.1,3893.7,7658972.0,2.2,2.3,0.7,13.5
Bulgaria,2004,Developed,72.2,157.0,1,11.0,384.1,94.0,0,59.1,1,94.0,7.9,95.0,0.1,3381.6,771686.0,2.3,2.3,0.7,13.3
Bulgaria,2003,Developed,72.0,155.0,1,11.2,32.4,96.0,0,58.6,1,96.0,7.4,96.0,0.1,271.5,7775327.0,2.3,2.4,0.7,12.9
Bulgaria,2002,Developed,71.8,157.0,1,10.2,33.3,88.0,0,58.1,1,94.0,7.4,93.0,0.1,287.5,7837161.0,2.4,2.4,0.7,12.9
Bulgaria,2001,Developed,71.6,16.0,1,10.7,25.1,93.0,8,57.5,1,94.0,7.2,94.0,0.1,1765.0,89142.0,2.4,2.5,0.7,12.9
Bulgaria,2000,Developed,71.1,163.0,1,9.7,15.2,94.0,46,57.0,1,94.0,6.7,93.0,0.1,169.3,817172.0,2.5,2.5,0.7,12.9
Burkina Faso,2015,Developing,59.9,26.0,38,4.6,0.0,91.0,99,19.4,61,91.0,5.9,91.0,0.6,615.6,1811624.0,8.0,7.5,0.4,7.7
Burkina Faso,2014,Developing,59.3,268.0,39,0.0,8.4,91.0,343,18.8,63,91.0,5.0,91.0,0.6,75.1,17585977.0,8.2,7.7,0.4,7.7
Burkina Faso,2013,Developing,59.0,27.0,40,4.6,89.0,88.0,375,18.2,66,89.0,5.9,88.0,0.7,699.5,1772723.0,8.4,7.9,0.4,7.5
Burkina Faso,2012,Developing,58.6,271.0,41,4.8,78.8,9.0,7362,17.7,68,9.0,5.3,9.0,0.8,673.8,16571216.0,8.6,8.1,0.4,7.2
Burkina Faso,2011,Developing,58.1,275.0,42,4.5,85.6,91.0,860,17.1,71,9.0,5.2,91.0,0.9,666.8,168194.0,8.8,8.4,0.4,6.7
Burkina Faso,2010,Developing,57.5,279.0,43,4.5,90.5,91.0,2511,16.6,74,9.0,7.2,91.0,1.0,575.4,1565217.0,9.0,8.6,0.4,6.3
Burkina Faso,2009,Developing,56.9,283.0,44,4.5,81.1,92.0,54118,16.1,77,91.0,7.4,92.0,1.1,552.7,1514199.0,9.3,8.8,0.4,5.9
Burkina Faso,2008,Developing,56.1,288.0,45,4.5,107.8,93.0,395,15.6,80,92.0,6.8,93.0,1.5,569.8,14689726.0,9.5,9.1,0.3,5.4
Burkina Faso,2007,Developing,55.3,293.0,46,4.6,73.9,89.0,12,15.1,83,93.0,6.6,89.0,1.7,475.1,1425221.0,9.8,9.3,0.3,4.9
Burkina Faso,2006,Developing,54.3,32.0,47,4.7,64.2,76.0,125,14.6,86,94.0,6.6,86.0,2.0,422.6,13829177.0,1.0,9.6,0.3,4.7
Burkina Faso,2005,Developing,53.3,313.0,48,4.9,8.8,80.9,253,14.2,89,94.0,6.9,82.0,2.3,47.0,1342193.0,1.3,9.8,0.0,4.3
Burkina Faso,2004,Developing,52.4,323.0,49,4.5,57.0,80.9,77,13.7,91,83.0,6.5,79.0,2.5,371.3,133569.0,1.5,1.1,0.0,3.9
Burkina Faso,2003,Developing,51.6,332.0,49,4.6,41.6,80.9,2946,13.3,92,83.0,5.6,79.0,2.9,332.3,12654621.0,1.7,1.3,0.0,3.8
Burkina Faso,2002,Developing,51.0,338.0,49,4.5,3.2,80.9,1744,12.9,93,69.0,5.3,69.0,3.2,26.8,122931.0,11.0,1.6,0.0,3.6
Burkina Faso,2001,Developing,56.0,344.0,48,4.6,23.1,80.9,4174,12.5,93,62.0,4.8,62.0,3.6,235.5,11944587.0,11.2,1.8,0.0,3.5
Burkina Faso,2000,Developing,51.0,348.0,48,3.7,19.8,80.9,6074,12.2,92,45.0,5.6,45.0,4.0,226.5,1167942.0,11.4,11.1,0.0,3.4
Burundi,2015,Developing,59.6,288.0,21,4.6,0.0,94.0,9,18.7,31,94.0,5.9,94.0,0.7,33.7,119927.0,7.3,7.2,0.4,10.6
Burundi,2014,Developing,59.1,297.0,22,0.0,41.3,95.0,0,18.2,32,95.0,7.5,95.0,0.7,312.7,989179.0,7.4,7.3,0.4,10.6
Burundi,2013,Developing,58.6,33.0,22,0.0,40.2,96.0,0,17.6,32,96.0,8.3,96.0,1.0,282.8,96186.0,7.4,7.4,0.4,10.5
Burundi,2012,Developing,58.0,312.0,22,0.0,38.7,96.0,49,17.1,33,96.0,8.2,96.0,1.2,265.3,931971.0,7.5,7.5,0.4,10.3
Burundi,2011,Developing,57.4,321.0,22,4.2,3.6,96.0,129,16.6,33,95.0,8.6,96.0,1.5,26.5,94358.0,7.6,7.6,0.4,9.9
Burundi,2010,Developing,56.8,33.0,23,4.2,31.1,96.0,495,16.1,34,94.0,8.8,96.0,1.9,231.2,876693.0,7.7,7.7,0.4,9.3
Burundi,2009,Developing,56.2,338.0,23,4.0,2.0,94.0,305,15.7,34,96.0,7.0,94.0,2.4,24.9,848931.0,7.8,7.8,0.3,8.6
Burundi,2008,Developing,55.3,35.0,23,4.3,16.0,92.0,173,15.2,35,89.0,7.9,92.0,2.9,196.2,8212264.0,7.9,7.9,0.3,7.9
Burundi,2007,Developing,54.8,355.0,24,4.5,1.7,99.0,43,14.8,36,93.0,1.3,99.0,3.4,17.8,7939573.0,8.0,8.0,0.3,7.2
Burundi,2006,Developing,54.1,361.0,24,4.5,21.2,92.0,784,14.5,36,88.0,11.5,92.0,3.8,165.9,7675338.0,8.1,8.2,0.3,5.9
Burundi,2005,Developing,53.4,369.0,24,5.5,1.7,87.0,0,14.1,37,82.0,9.8,87.0,4.3,15.6,7423289.0,8.2,8.3,0.3,5.6
Burundi,2004,Developing,52.6,378.0,24,5.7,11.2,83.0,2,13.8,38,76.0,7.1,83.0,4.8,127.4,7182451.0,8.4,8.4,0.3,5.2
Burundi,2003,Developing,51.9,387.0,24,5.8,6.5,80.9,224,13.5,38,75.0,5.2,82.0,5.1,112.8,6953113.0,8.5,8.5,0.3,4.7
Burundi,2002,Developing,51.5,387.0,24,6.0,9.7,80.9,1016,13.3,39,74.0,5.2,81.0,5.2,122.4,6741569.0,8.7,8.7,0.3,4.4
Burundi,2001,Developing,51.3,385.0,25,6.1,10.6,80.9,0,13.0,40,72.0,5.0,81.0,5.3,133.7,6555829.0,8.8,8.8,0.3,4.5
Burundi,2000,Developing,58.0,386.0,25,6.6,9.7,80.9,18363,12.8,41,71.0,5.0,8.0,5.2,136.0,6476.0,9.0,8.9,0.3,4.5
Côte d'Ivoire,2015,Developing,53.3,397.0,57,4.6,0.0,83.0,65,28.0,79,81.0,5.9,83.0,1.9,7483.2,12753375.1,5.5,5.5,0.6,12.0
Côte d'Ivoire,2014,Developing,52.8,47.0,58,0.0,0.0,76.0,50,27.4,80,76.0,5.7,76.0,2.0,7483.2,12753375.1,5.6,5.6,0.6,12.0
Côte d'Ivoire,2013,Developing,52.3,412.0,59,3.1,0.0,8.0,48,26.8,81,79.0,5.8,8.0,2.4,7483.2,12753375.1,5.8,5.7,0.6,12.0
Côte d'Ivoire,2012,Developing,52.0,415.0,59,3.2,0.0,82.0,137,26.2,82,83.0,6.1,82.0,2.9,7483.2,12753375.1,5.9,5.9,0.6,12.0
Côte d'Ivoire,2011,Developing,51.7,419.0,60,3.1,0.0,62.0,628,25.6,83,58.0,6.4,62.0,3.3,7483.2,12753375.1,6.1,6.0,0.6,12.0
Côte d'Ivoire,2010,Developing,51.5,417.0,60,3.1,0.0,85.0,441,25.0,84,81.0,6.3,85.0,3.3,7483.2,12753375.1,6.3,6.2,0.6,12.0
Côte d'Ivoire,2009,Developing,51.0,426.0,60,2.9,0.0,81.0,183,24.4,84,77.0,6.4,81.0,3.7,7483.2,12753375.1,6.5,6.4,0.6,12.0
Côte d'Ivoire,2008,Developing,54.0,437.0,60,2.7,0.0,74.0,12,23.8,85,58.0,6.2,74.0,4.1,7483.2,12753375.1,6.6,6.6,0.6,12.0
Côte d'Ivoire,2007,Developing,49.9,443.0,61,2.6,0.0,76.0,5,23.2,87,75.0,6.3,76.0,5.3,7483.2,12753375.1,6.8,6.7,0.6,12.0
Côte d'Ivoire,2006,Developing,49.4,452.0,62,2.6,0.0,77.0,11,22.6,89,76.0,5.9,77.0,5.8,7483.2,12753375.1,7.0,6.9,0.6,12.0
Côte d'Ivoire,2005,Developing,48.7,466.0,63,3.1,0.0,76.0,115,22.1,90,87.0,5.4,76.0,6.1,7483.2,12753375.1,7.2,7.1,0.6,12.0
Côte d'Ivoire,2004,Developing,48.2,472.0,64,3.1,0.0,67.0,3466,21.5,91,76.0,5.2,67.0,6.5,7483.2,12753375.1,7.3,7.3,0.6,12.0
Côte d'Ivoire,2003,Developing,48.0,473.0,64,3.1,0.0,63.0,4770,2.9,92,68.0,4.7,61.0,6.7,7483.2,12753375.1,7.5,7.5,0.6,12.0
Côte d'Ivoire,2002,Developing,47.7,473.0,65,3.1,0.0,48.0,5882,2.4,93,7.0,4.5,64.0,6.9,7483.2,12753375.1,7.7,7.7,0.6,12.0
Côte d'Ivoire,2001,Developing,47.8,467.0,65,3.1,0.0,1.0,5790,19.9,94,7.0,4.8,66.0,7.0,7483.2,12753375.1,7.9,7.9,0.6,12.0
Côte d'Ivoire,2000,Developing,47.9,461.0,67,3.5,0.0,80.9,5729,19.4,95,66.0,6.0,65.0,7.1,7483.2,12753375.1,8.1,8.1,0.6,12.0
Cabo Verde,2015,Developing,73.3,114.0,0,4.6,0.0,96.0,0,31.3,0,93.0,5.9,93.0,0.2,2954.1,532913.0,6.6,6.6,0.6,13.5
Cabo Verde,2014,Developing,73.0,117.0,0,0.0,414.0,97.0,0,3.5,0,95.0,4.8,95.0,0.2,3529.6,526437.0,6.8,6.7,0.6,13.5
Cabo Verde,2013,Developing,72.8,12.0,0,0.0,325.6,94.0,0,29.7,0,93.0,4.3,93.0,0.2,3558.8,5216.0,6.9,6.9,0.6,13.6
Cabo Verde,2012,Developing,72.7,121.0,0,0.0,33.6,94.0,0,29.0,0,94.0,4.6,94.0,0.3,348.5,513979.0,7.1,7.1,0.6,13.2
Cabo Verde,2011,Developing,72.6,122.0,0,5.1,4.4,9.0,0,28.2,0,9.0,4.6,9.0,0.3,367.4,5867.0,7.3,7.2,0.6,13.1
Cabo Verde,2010,Developing,72.5,123.0,0,4.8,286.9,98.0,0,27.5,0,99.0,4.8,99.0,0.4,3312.8,52384.0,7.4,7.4,0.6,12.7
Cabo Verde,2009,Developing,72.4,124.0,0,4.5,340.0,98.0,0,26.8,0,99.0,4.2,99.0,0.4,3444.6,496963.0,7.6,7.6,0.6,12.4
Cabo Verde,2008,Developing,72.4,124.0,0,4.2,360.6,98.0,0,26.2,0,99.0,4.0,99.0,0.4,3639.0,491723.0,7.8,7.8,0.6,12.2
Cabo Verde,2007,Developing,72.3,126.0,0,5.3,345.5,96.0,0,25.5,0,98.0,4.3,98.0,0.6,3112.3,486438.0,8.1,8.0,0.6,11.9
Cabo Verde,2006,Developing,72.1,129.0,0,4.2,26.5,95.0,0,24.9,0,97.0,5.1,96.0,0.6,234.3,48795.0,8.3,8.3,0.6,11.9
Cabo Verde,2005,Developing,71.8,134.0,0,4.3,3.3,93.0,0,24.3,0,95.0,4.9,95.0,0.8,248.1,474567.0,8.5,8.5,0.6,11.2
Cabo Verde,2004,Developing,71.4,14.0,0,4.2,240.1,91.0,0,23.7,0,94.0,5.6,93.0,0.8,1976.5,467664.0,8.7,8.7,0.6,11.1
Cabo Verde,2003,Developing,71.1,144.0,0,4.2,209.1,66.0,0,23.2,0,93.0,5.0,92.0,0.9,1768.9,46147.0,8.9,8.9,0.6,11.3
Cabo Verde,2002,Developing,77.0,148.0,0,3.8,155.2,4.0,0,22.6,0,92.0,5.2,91.0,0.8,1373.5,45216.0,9.2,9.1,0.6,11.3
Cabo Verde,2001,Developing,73.0,152.0,0,3.8,150.7,80.9,0,22.1,0,91.0,5.2,9.0,0.8,1268.9,443716.0,9.4,9.3,0.6,11.0
Cabo Verde,2000,Developing,69.9,155.0,0,3.5,122.6,80.9,2,21.5,0,9.0,4.8,9.0,0.8,1239.4,43579.0,9.6,9.5,0.0,11.3
Cambodia,2015,Developing,68.7,174.0,10,4.6,0.0,89.0,0,19.6,12,87.0,5.9,89.0,0.2,1163.2,15517635.0,1.9,1.9,0.6,10.9
Cambodia,2014,Developing,68.3,179.0,11,0.0,12.2,88.0,0,18.9,12,87.0,5.7,88.0,0.2,198.7,152779.0,1.9,11.0,0.6,10.9
Cambodia,2013,Developing,67.8,183.0,11,0.0,8.8,83.0,0,18.2,13,66.0,5.9,83.0,0.2,128.4,1522692.0,11.0,11.1,0.5,10.8
Cambodia,2012,Developing,67.4,186.0,12,0.0,6.9,86.0,15,17.6,14,84.0,6.2,86.0,0.3,95.2,14776866.0,11.0,11.2,0.5,10.7
Cambodia,2011,Developing,67.0,19.0,13,2.1,60.2,88.0,722,17.0,15,87.0,5.6,88.0,0.3,882.5,14537886.0,11.0,11.2,0.5,10.7
Cambodia,2010,Developing,66.6,192.0,14,2.2,56.9,89.0,1156,16.4,16,88.0,6.0,89.0,0.5,785.7,143874.0,11.0,11.3,0.5,10.6
Cambodia,2009,Developing,66.1,195.0,15,2.1,48.4,92.0,4779,15.9,17,95.0,6.4,94.0,0.6,738.2,14928.0,11.1,11.4,0.5,10.5
Cambodia,2008,Developing,65.6,199.0,16,2.2,53.1,91.0,4211,15.3,18,91.0,5.5,91.0,0.7,745.8,138859.0,11.2,11.4,0.5,10.5
Cambodia,2007,Developing,65.0,24.0,16,2.1,57.7,82.0,394,14.8,20,82.0,3.8,82.0,0.9,631.7,13676693.0,11.3,11.5,0.5,10.3
Cambodia,2006,Developing,64.1,216.0,17,2.0,51.5,8.0,188,14.3,21,8.0,4.5,8.0,1.1,539.9,13474489.0,11.4,11.6,0.5,10.1
Cambodia,2005,Developing,62.9,234.0,18,2.0,62.2,80.9,264,13.9,22,82.0,5.8,82.0,1.4,474.2,132721.0,11.5,11.6,0.5,10.0
Cambodia,2004,Developing,61.5,253.0,19,1.4,8.4,80.9,352,13.5,24,86.0,6.4,85.0,1.7,48.6,1363377.0,11.6,11.7,0.5,9.7
Cambodia,2003,Developing,63.0,268.0,21,1.4,55.6,80.9,653,13.1,26,69.0,6.7,69.0,1.9,362.4,12853124.0,11.6,11.7,0.4,9.3
Cambodia,2002,Developing,59.3,273.0,23,1.4,30.9,80.9,1361,12.8,29,54.0,6.0,54.0,2.1,339.7,12634729.0,11.6,11.8,0.4,8.2
Cambodia,2001,Developing,58.5,273.0,25,1.7,27.7,80.9,3761,12.4,33,59.0,5.7,6.0,2.2,321.2,1242473.0,11.6,11.8,0.4,7.6
Cambodia,2000,Developing,57.7,274.0,27,1.5,0.3,80.9,12237,12.1,36,62.0,5.9,59.0,2.1,3.7,12152354.0,11.6,11.9,0.4,7.2
Cameroon,2015,Developing,57.3,357.0,45,4.6,0.0,84.0,1809,29.0,68,83.0,5.9,84.0,3.5,1244.4,22834522.0,5.6,5.5,0.5,10.4
Cameroon,2014,Developing,56.7,366.0,47,0.0,61.4,87.0,831,28.4,71,86.0,4.1,87.0,3.7,1441.1,2223994.0,5.7,5.7,0.5,10.4
Cameroon,2013,Developing,56.4,364.0,48,0.0,63.1,89.0,760,27.8,73,88.0,4.3,89.0,4.0,1365.3,21655715.0,5.8,5.8,0.5,10.4
Cameroon,2012,Developing,55.9,369.0,50,0.0,68.6,85.0,609,27.2,76,85.0,4.3,85.0,4.6,1255.6,2182383.0,5.9,5.9,0.5,10.4
Cameroon,2011,Developing,55.6,371.0,51,6.2,83.2,82.0,504,26.6,79,8.0,4.0,82.0,4.9,1295.6,252447.0,6.0,6.0,0.5,10.0
Cameroon,2010,Developing,55.3,37.0,53,6.2,100.9,84.0,240,26.0,82,83.0,5.3,84.0,5.5,1182.9,1997495.0,6.1,6.2,0.5,9.7
Cameroon,2009,Developing,54.8,373.0,54,5.9,9.0,8.0,251,25.4,85,79.0,5.7,8.0,6.3,123.2,19432541.0,6.3,6.3,0.5,9.2
Cameroon,2008,Developing,54.2,382.0,56,5.9,68.7,84.0,495,24.9,87,82.0,5.2,84.0,6.7,1233.5,18978.0,6.4,6.5,0.5,8.8
Cameroon,2007,Developing,53.6,395.0,57,5.4,7.6,82.0,100,24.4,89,81.0,4.8,82.0,7.0,111.7,18395389.0,6.6,6.6,0.5,8.0
Cameroon,2006,Developing,53.3,394.0,58,5.2,1.0,81.0,196,23.8,91,78.0,4.7,81.0,7.2,13.0,17899562.0,6.7,6.8,0.5,8.2
Cameroon,2005,Developing,52.8,4.0,58,5.0,73.0,79.0,605,23.3,93,79.0,4.8,8.0,7.4,952.2,1742795.0,6.9,7.0,0.5,8.3
Cameroon,2004,Developing,52.1,412.0,59,4.7,7.2,80.9,358,22.8,94,72.0,4.7,73.0,7.5,93.2,1695981.0,7.0,7.1,0.5,8.2
Cameroon,2003,Developing,51.8,412.0,60,4.6,67.6,80.9,899,22.3,95,72.0,5.0,73.0,7.7,824.9,16513822.0,7.2,7.3,0.5,8.1
Cameroon,2002,Developing,51.6,47.0,60,4.6,53.7,80.9,1448,21.8,97,66.0,4.9,66.0,7.8,676.4,1684886.0,7.4,7.5,0.5,8.4
Cameroon,2001,Developing,51.5,41.0,61,4.4,41.7,80.9,23934,21.3,99,61.0,4.7,63.0,7.9,614.7,15671927.0,7.5,7.7,0.4,7.1
Cameroon,2000,Developing,51.4,394.0,62,3.9,4.7,80.9,14629,2.9,100,57.0,4.5,62.0,7.7,68.4,15274234.0,7.7,7.8,0.4,6.9
Canada,2015,Developing,82.2,64.0,2,4.6,0.0,55.0,195,67.0,2,91.0,5.9,91.0,0.1,43315.7,3584861.0,0.6,0.5,0.9,16.3
Canada,2014,Developing,82.0,65.0,2,8.1,102.2,55.0,418,66.4,2,91.0,1.4,91.0,0.1,544.4,35544564.0,0.5,0.5,0.9,15.9
Canada,2013,Developing,81.8,67.0,2,8.2,9733.2,55.0,83,65.8,2,91.0,1.7,91.0,0.1,52413.7,35155451.0,0.5,0.5,0.9,15.9
Canada,2012,Developing,81.6,68.0,2,8.3,9748.6,7.0,10,65.3,2,99.0,1.8,95.0,0.1,52496.7,3475545.0,0.5,0.5,0.9,15.9
Canada,2011,Developing,81.5,68.0,2,8.2,971.9,7.0,803,64.7,2,87.0,1.8,87.0,0.1,5282.2,3434278.0,0.5,0.5,0.9,15.9
Canada,2010,Developing,81.2,7.0,2,8.4,8649.7,56.0,99,64.1,2,88.0,11.2,89.0,0.1,47447.5,345274.0,0.5,0.4,0.9,15.9
Canada,2009,Developing,81.0,72.0,2,8.4,864.9,42.0,14,63.6,2,89.0,11.2,91.0,0.1,4773.5,33628571.0,0.5,0.4,0.9,15.9
Canada,2008,Developing,87.0,74.0,2,8.3,8433.9,28.0,62,63.0,2,89.0,1.3,92.0,0.1,46596.3,33245773.0,0.5,0.4,0.9,15.8
Canada,2007,Developing,85.0,74.0,2,8.3,7946.7,14.0,101,62.5,2,9.0,9.8,94.0,0.1,44544.5,32887928.0,0.5,0.4,0.9,15.8
Canada,2006,Developing,85.0,75.0,2,8.2,771.2,14.0,13,61.9,2,95.0,9.8,95.0,0.1,4386.7,325755.0,0.5,0.4,0.9,15.8
Canada,2005,Developing,81.0,76.0,2,8.0,6333.2,14.0,6,61.3,2,93.0,9.6,93.0,0.1,36189.6,32312.0,0.5,0.4,0.9,15.8
Canada,2004,Developing,80.0,77.0,2,7.8,5513.3,14.0,7,6.6,2,91.0,9.6,91.0,0.1,31979.9,31995.0,0.5,0.4,0.9,15.8
Canada,2003,Developing,79.7,78.0,2,7.7,4687.8,14.0,15,6.0,2,88.0,9.5,91.0,0.1,28172.1,31676.0,0.5,0.4,0.9,15.8
Canada,2002,Developing,79.5,79.0,2,7.7,3895.9,80.9,6,59.3,2,88.0,9.4,88.0,0.1,24167.8,31362.0,0.5,0.4,0.9,15.8
Canada,2001,Developing,79.4,8.0,2,7.6,3665.1,80.9,34,58.5,2,88.0,9.1,89.0,0.1,23691.6,31819.0,0.5,0.4,0.9,15.8
Canada,2000,Developing,79.1,82.0,2,7.6,3787.5,80.9,206,57.8,2,88.0,8.7,89.0,0.1,24124.2,37697.0,0.5,0.5,0.9,15.9
Central African Republic,2015,Developing,52.5,397.0,15,4.6,0.0,47.0,150,22.7,21,47.0,5.9,47.0,4.4,348.4,45461.0,8.2,8.2,0.3,7.1
Central African Republic,2014,Developing,58.0,437.0,15,0.0,53.4,47.0,210,22.1,22,47.0,4.2,47.0,4.5,377.1,4515392.0,8.4,8.3,0.3,7.1
Central African Republic,2013,Developing,49.9,451.0,16,0.0,52.4,23.0,596,21.6,23,23.0,3.8,23.0,5.1,337.5,4499653.0,8.5,8.5,0.4,7.1
Central African Republic,2012,Developing,53.0,439.0,16,0.0,7.3,47.0,141,21.2,23,47.0,3.6,47.0,5.1,486.4,449416.0,8.7,8.6,0.4,7.1
Central African Republic,2011,Developing,49.8,443.0,16,1.7,58.5,47.0,679,2.7,24,47.0,3.7,47.0,5.8,494.3,4476153.0,8.8,8.8,0.4,6.8
Central African Republic,2010,Developing,49.2,446.0,17,1.7,43.5,45.0,2,2.2,24,46.0,3.9,45.0,6.6,446.4,4448525.0,9.0,8.9,0.4,6.6
Central African Republic,2009,Developing,48.6,453.0,17,1.6,40.5,42.0,11,19.8,25,45.0,3.6,42.0,7.3,450.0,44423.0,9.1,9.1,0.3,6.4
Central African Republic,2008,Developing,47.6,477.0,17,1.5,67.3,80.9,12,19.4,25,46.0,4.3,45.0,8.3,456.9,4345386.0,9.3,9.2,0.3,6.3
Central African Republic,2007,Developing,46.8,495.0,17,1.5,60.0,80.9,49,19.0,26,46.0,4.4,48.0,9.0,397.1,42758.0,9.4,9.4,0.3,6.2
Central African Republic,2006,Developing,46.3,56.0,17,1.5,46.9,80.9,3,18.6,26,47.0,4.0,51.0,10.0,347.7,421758.0,9.6,9.6,0.3,6.0
Central African Republic,2005,Developing,45.9,511.0,17,1.5,40.9,80.9,471,18.2,26,47.0,4.3,54.0,11.2,327.1,412791.0,9.7,9.7,0.3,5.9
Central African Republic,2004,Developing,45.7,512.0,17,1.5,41.5,80.9,1233,17.9,26,45.0,4.1,51.0,12.0,313.2,45536.0,9.9,9.9,0.3,5.7
Central African Republic,2003,Developing,45.7,51.0,17,1.5,46.1,80.9,652,17.5,26,44.0,4.3,47.0,12.8,286.3,3981665.0,1.0,1.1,0.3,5.6
Central African Republic,2002,Developing,45.6,58.0,17,1.5,31.6,80.9,938,17.2,25,42.0,4.2,44.0,13.4,253.8,397612.0,1.2,1.2,0.3,5.4
Central African Republic,2001,Developing,45.6,54.0,17,1.5,33.7,80.9,2837,16.8,25,4.0,4.0,4.0,13.9,243.2,383223.0,1.4,1.4,0.3,5.3
Central African Republic,2000,Developing,46.0,49.0,16,1.5,30.8,80.9,3207,16.5,25,38.0,4.2,37.0,14.3,243.5,3754986.0,1.5,1.5,0.3,5.2
Chad,2015,Developing,53.1,356.0,46,4.6,0.0,46.0,418,19.1,77,52.0,5.9,46.0,2.8,777.2,149413.0,8.5,8.4,0.4,7.3
Chad,2014,Developing,52.6,362.0,46,0.0,11.3,37.0,1275,18.7,78,44.0,3.6,37.0,2.9,126.0,13569438.0,8.7,8.5,0.4,7.3
Chad,2013,Developing,52.2,366.0,46,0.6,76.5,39.0,226,18.2,78,46.0,3.4,39.0,3.1,986.1,13133589.0,8.8,8.7,0.4,7.3
Chad,2012,Developing,51.8,367.0,46,0.6,57.8,4.0,120,17.9,79,51.0,3.0,4.0,3.6,973.5,1275135.0,9.0,8.9,0.4,7.3
Chad,2011,Developing,51.6,365.0,46,0.6,67.8,33.0,8650,17.5,79,4.0,3.2,33.0,3.9,989.2,12288651.0,9.2,9.1,0.4,6.7
Chad,2010,Developing,51.2,364.0,46,0.5,43.6,39.0,194,17.1,80,43.0,3.0,39.0,4.1,896.6,1188722.0,9.4,9.3,0.4,6.7
Chad,2009,Developing,57.0,37.0,46,0.5,5.0,24.0,165,16.7,80,32.0,3.3,24.0,4.4,84.5,1152786.0,9.6,9.5,0.3,6.3
Chad,2008,Developing,49.6,394.0,46,0.5,49.1,17.0,63,16.4,80,3.0,2.9,19.0,4.7,929.8,11133861.0,9.8,9.7,0.3,6.0
Chad,2007,Developing,49.4,394.0,46,0.4,6.0,80.9,441,16.1,80,38.0,3.4,28.0,4.9,81.7,177578.0,1.0,1.0,0.3,5.7
Chad,2006,Developing,48.5,414.0,45,0.4,62.7,80.9,1594,15.7,80,49.0,3.3,4.0,5.1,712.2,1421597.0,1.3,1.2,0.3,5.5
Chad,2005,Developing,48.6,46.0,45,0.4,8.9,80.9,2,15.4,79,37.0,3.9,25.0,5.2,66.2,1679.0,1.5,1.4,0.3,5.6
Chad,2004,Developing,48.5,45.0,44,0.3,72.4,80.9,10324,15.1,78,31.0,5.7,21.0,5.2,454.7,97143.0,1.7,1.6,0.3,5.6
Chad,2003,Developing,48.4,43.0,44,0.4,4.0,80.9,15801,14.8,77,36.0,5.5,23.0,5.1,292.6,935321.0,1.9,1.8,0.3,5.4
Chad,2002,Developing,48.1,43.0,43,0.4,3.0,80.9,7277,14.4,76,31.0,8.3,25.0,5.0,22.9,91689.0,11.1,11.0,0.3,5.1
Chad,2001,Developing,48.0,4.0,42,0.3,26.9,80.9,24908,14.1,75,26.0,6.9,26.0,4.8,197.3,866312.0,11.3,11.2,0.3,4.9
Chad,2000,Developing,47.6,44.0,41,0.2,21.5,80.9,3546,13.9,74,3.0,6.3,36.0,4.6,166.2,8342559.0,11.5,11.4,0.0,4.7
Chile,2015,Developing,85.0,82.0,2,4.6,0.0,97.0,9,63.8,2,96.0,5.9,96.0,0.1,13653.2,17762681.0,0.8,0.8,0.8,16.3
Chile,2014,Developing,83.0,83.0,2,7.2,2353.0,95.0,0,63.1,2,95.0,7.8,95.0,0.1,14817.4,17613798.0,0.8,0.8,0.8,16.2
Chile,2013,Developing,81.0,84.0,2,7.2,2442.2,9.0,0,62.5,2,9.0,7.5,91.0,0.1,15941.4,17462982.0,0.8,0.8,0.8,15.6
Chile,2012,Developing,79.9,84.0,2,6.8,2260.8,9.0,0,61.8,2,9.0,7.2,9.0,0.1,15431.9,1739746.0,0.8,0.8,0.8,15.5
Chile,2011,Developing,79.8,86.0,2,7.3,211.6,94.0,6,61.2,2,93.0,7.0,94.0,0.1,1475.7,17153357.0,0.8,0.8,0.8,15.4
Chile,2010,Developing,79.1,89.0,2,7.9,177.5,92.0,0,6.6,2,92.0,7.0,92.0,0.1,1286.2,16993354.0,0.8,0.9,0.8,15.2
Chile,2009,Developing,79.3,91.0,2,7.7,181.5,94.0,1,59.9,2,94.0,7.4,94.0,0.1,1243.3,16829442.0,0.8,0.9,0.8,15.3
Chile,2008,Developing,79.6,88.0,2,7.3,241.6,95.0,0,59.3,2,95.0,6.9,95.0,0.1,1781.4,16661942.0,0.9,0.9,0.8,15.2
Chile,2007,Developing,78.9,9.0,2,7.4,209.5,92.0,0,58.7,2,95.0,6.3,96.0,0.1,1526.9,16491687.0,0.9,0.9,0.8,14.8
Chile,2006,Developing,78.9,91.0,2,7.3,1275.7,95.0,0,58.1,2,94.0,6.2,94.0,0.1,9484.7,16319792.0,0.9,0.9,0.8,14.9
Chile,2005,Developing,78.4,93.0,2,7.6,955.0,80.9,0,57.4,2,92.0,6.7,91.0,0.1,7615.3,1614764.0,0.9,1.0,0.8,14.6
Chile,2004,Developing,78.0,97.0,2,6.3,78.8,80.9,0,56.8,2,94.0,6.9,93.0,0.1,621.8,15973778.0,0.9,1.0,0.8,14.3
Chile,2003,Developing,77.9,1.0,2,6.4,584.1,80.9,1,56.1,2,96.0,7.3,96.0,0.1,4787.7,15799542.0,1.0,1.0,0.8,14.0
Chile,2002,Developing,77.8,11.0,2,6.1,675.8,80.9,0,55.4,3,97.0,6.5,97.0,0.1,4463.5,15623635.0,1.0,1.0,0.8,13.9
Chile,2001,Developing,77.3,16.0,2,6.1,687.5,80.9,0,54.7,3,96.0,6.5,97.0,0.1,4595.7,15444969.0,1.0,1.0,0.8,13.7
Chile,2000,Developing,77.3,13.0,2,6.2,74.1,80.9,0,54.0,3,91.0,6.4,91.0,0.1,511.4,15262754.0,1.1,1.1,0.8,13.5
China,2015,Developing,76.1,85.0,157,4.6,0.0,99.0,42361,32.9,183,99.0,5.9,99.0,0.1,869.2,137122.0,3.6,2.9,0.7,13.5
China,2014,Developing,75.8,86.0,171,5.8,109.9,99.0,52628,31.9,198,99.0,5.5,99.0,0.1,7683.5,136427.0,3.7,3.0,0.7,13.1
China,2013,Developing,75.6,88.0,185,5.8,10.0,99.0,26883,3.9,216,99.0,5.4,99.0,0.1,777.8,135738.0,3.8,3.2,0.7,12.7
China,2012,Developing,75.4,89.0,201,5.7,94.4,99.0,6183,3.0,233,99.0,5.3,99.0,0.1,6337.9,135695.0,3.9,3.3,0.7,12.4
China,2011,Developing,75.2,91.0,215,5.6,91.3,99.0,9943,29.0,251,99.0,5.3,99.0,0.1,5633.8,134413.0,4.1,3.5,0.7,12.8
China,2010,Developing,75.0,92.0,231,5.8,5.7,99.0,38159,28.1,268,99.0,4.9,99.0,0.1,456.5,133775.0,4.2,3.6,0.7,12.5
China,2009,Developing,74.9,93.0,248,4.9,50.3,99.0,52461,27.3,288,99.0,5.8,99.0,0.1,3838.4,133126.0,4.4,3.8,0.7,12.2
China,2008,Developing,74.5,97.0,266,4.3,39.2,95.0,131441,26.5,308,99.0,4.6,97.0,0.1,3471.2,1324655.0,4.5,4.0,0.7,11.9
China,2007,Developing,74.4,96.0,285,3.9,312.7,92.0,109023,25.7,332,94.0,4.3,93.0,0.1,2695.4,1317885.0,4.7,4.1,0.7,11.4
China,2006,Developing,74.2,98.0,307,3.3,29.7,91.0,99602,24.9,360,94.0,4.5,93.0,0.1,299.2,13112.0,4.8,4.3,0.6,11.0
China,2005,Developing,73.9,99.0,332,2.9,171.7,84.0,124219,24.1,392,87.0,4.7,87.0,0.1,1753.4,13372.0,5.0,4.4,0.6,10.6
China,2004,Developing,73.5,11.0,360,3.0,1.6,79.0,70549,23.4,427,87.0,4.7,87.0,0.1,158.7,129675.0,5.1,4.6,0.6,10.2
China,2003,Developing,73.1,13.0,391,3.0,122.9,75.0,71879,22.6,467,87.0,4.8,86.0,0.1,1288.6,12884.0,5.3,4.7,0.6,9.9
China,2002,Developing,72.7,16.0,422,2.9,106.4,7.0,58341,21.9,511,86.0,4.8,86.0,0.1,1148.6,1284.0,5.5,4.9,0.6,9.7
China,2001,Developing,72.2,11.0,457,2.8,14.2,65.0,88962,21.2,558,86.0,4.6,86.0,0.1,153.2,127185.0,5.7,5.0,0.6,9.6
China,2000,Developing,71.7,115.0,490,3.1,17.5,6.0,71093,2.5,608,86.0,4.6,85.0,0.1,959.4,1262645.0,5.9,5.1,0.6,9.5
Colombia,2015,Developing,74.8,143.0,10,4.6,0.0,91.0,1,57.9,12,91.0,5.9,91.0,0.1,644.5,48228697.0,2.1,1.9,0.7,13.6
Colombia,2014,Developing,74.6,144.0,11,4.4,1435.5,9.0,0,57.2,12,9.0,7.2,9.0,0.1,7913.4,47791911.0,2.1,1.9,0.7,13.6
Colombia,2013,Developing,74.4,145.0,11,4.4,15.2,91.0,1,56.4,13,91.0,6.8,91.0,0.1,83.6,47342981.0,2.1,1.9,0.7,13.3
Colombia,2012,Developing,74.3,143.0,11,4.4,1487.9,92.0,1,55.7,13,91.0,6.9,91.0,0.1,7885.0,46881475.0,2.1,1.9,0.7,13.2
Colombia,2011,Developing,74.2,144.0,12,4.4,184.3,85.0,6,55.0,14,85.0,6.6,85.0,0.1,7227.7,4646646.0,2.2,2.0,0.7,13.0
Colombia,2010,Developing,73.6,15.0,12,4.3,113.2,88.0,0,54.2,15,88.0,6.8,88.0,0.1,625.7,4591897.0,2.2,2.0,0.7,12.8
Colombia,2009,Developing,73.6,15.0,13,4.3,941.6,92.0,0,53.5,15,92.0,7.1,92.0,0.1,5148.4,45416181.0,2.2,2.0,0.7,12.4
Colombia,2008,Developing,73.5,146.0,14,4.5,978.1,92.0,0,52.8,16,92.0,6.6,92.0,0.1,5433.7,4491544.0,2.3,2.0,0.7,12.2
Colombia,2007,Developing,73.5,144.0,14,4.7,780.6,93.0,0,52.0,17,93.0,6.2,93.0,0.1,4674.2,44374572.0,2.3,2.1,0.7,11.9
Colombia,2006,Developing,73.1,147.0,15,4.5,62.4,93.0,0,51.3,17,94.0,6.1,93.0,0.1,379.8,43835722.0,2.3,2.1,0.7,11.5
Colombia,2005,Developing,73.1,144.0,15,4.4,532.0,93.0,0,5.5,18,93.0,5.8,93.0,0.1,3386.3,43285634.0,2.4,2.1,0.7,11.1
Colombia,2004,Developing,72.8,148.0,16,4.3,42.2,89.0,0,49.8,19,89.0,5.4,89.0,0.1,274.2,42724163.0,2.4,2.2,0.7,11.3
Colombia,2003,Developing,72.4,15.0,16,4.2,417.8,92.0,0,49.0,19,92.0,5.9,92.0,0.1,2246.3,42152151.0,2.5,2.2,0.7,11.6
Colombia,2002,Developing,71.8,163.0,17,4.5,393.9,78.0,139,48.2,20,83.0,5.7,81.0,0.1,2355.7,41572491.0,2.5,2.3,0.7,11.5
Colombia,2001,Developing,71.5,165.0,17,4.4,404.4,8.0,3,47.5,21,83.0,6.0,8.0,0.1,2395.9,498899.0,2.5,2.3,0.7,11.4
Colombia,2000,Developing,71.4,167.0,18,4.7,477.1,78.0,1,46.7,21,82.0,5.9,79.0,0.1,2472.2,443958.0,2.6,2.3,0.7,11.3
Comoros,2015,Developing,63.5,227.0,1,4.6,0.0,91.0,0,24.2,2,92.0,5.9,91.0,0.8,727.6,777424.0,6.7,6.5,0.5,11.1
Comoros,2014,Developing,63.2,23.0,1,0.0,73.9,88.0,0,23.7,2,87.0,6.8,87.0,0.8,853.0,759385.0,6.8,6.6,0.5,11.1
Comoros,2013,Developing,62.9,233.0,1,0.0,61.6,88.0,0,23.2,2,85.0,6.5,87.0,0.8,834.3,7415.0,6.8,6.6,0.5,10.9
Comoros,2012,Developing,62.5,237.0,2,0.0,78.4,89.0,1,22.6,2,85.0,7.1,86.0,0.8,788.6,723868.0,6.9,6.7,0.5,10.8
Comoros,2011,Developing,62.2,241.0,2,0.1,59.7,83.0,3,22.1,2,85.0,6.1,83.0,0.2,829.8,76569.0,7.0,6.8,0.5,10.6
Comoros,2010,Developing,61.8,246.0,2,0.1,47.3,74.0,0,21.6,2,82.0,5.8,74.0,0.1,769.2,689692.0,7.1,6.9,0.5,10.5
Comoros,2009,Developing,61.3,251.0,2,0.2,57.0,83.0,1,21.1,2,84.0,3.8,83.0,0.1,778.5,673252.0,7.2,7.0,0.5,10.3
Comoros,2008,Developing,61.0,255.0,2,0.1,93.4,81.0,0,2.6,2,81.0,5.1,81.0,0.1,796.0,657229.0,7.2,7.1,0.5,10.2
Comoros,2007,Developing,66.0,259.0,2,0.2,9.1,75.0,0,2.1,2,75.0,4.9,75.0,0.1,72.8,64162.0,7.3,7.2,0.5,10.0
Comoros,2006,Developing,63.0,262.0,2,0.2,77.0,69.0,85,19.6,2,69.0,4.6,69.0,0.1,648.4,626425.0,7.4,7.3,0.5,9.9
Comoros,2005,Developing,60.0,266.0,2,0.2,70.0,68.0,912,19.2,2,67.0,4.3,68.0,0.1,621.9,611627.0,7.5,7.4,0.4,9.7
Comoros,2004,Developing,59.8,269.0,2,0.3,7.2,77.0,0,18.8,2,73.0,4.0,76.0,0.1,616.4,597228.0,7.5,7.5,0.0,9.5
Comoros,2003,Developing,59.6,271.0,2,0.3,45.1,28.0,0,18.4,2,8.0,3.6,8.0,0.1,544.6,583211.0,7.6,7.6,0.0,9.2
Comoros,2002,Developing,59.5,271.0,2,0.1,29.4,80.9,0,18.0,2,98.0,3.4,89.0,0.1,433.3,569479.0,7.7,7.7,0.0,8.8
Comoros,2001,Developing,59.5,272.0,1,0.1,19.7,80.9,0,17.6,2,7.0,2.9,7.0,0.1,395.9,555888.0,7.8,7.8,0.0,8.5
Comoros,2000,Developing,59.5,272.0,1,0.1,35.0,80.9,0,17.3,2,7.0,3.6,7.0,0.1,375.9,542357.0,7.9,7.9,0.0,8.2
Congo,2015,Developing,64.7,267.0,7,4.6,0.0,8.0,1359,27.4,10,8.0,5.9,8.0,2.8,7483.2,12753375.1,7.5,7.1,0.6,11.1
Congo,2014,Developing,64.2,275.0,7,0.0,0.0,9.0,71,26.8,10,9.0,5.2,9.0,3.0,7483.2,12753375.1,7.6,7.3,0.6,11.1
Congo,2013,Developing,63.9,274.0,7,0.0,0.0,85.0,124,26.2,10,85.0,5.9,85.0,3.0,7483.2,12753375.1,7.7,7.4,0.6,11.1
Congo,2012,Developing,63.7,273.0,7,0.0,0.0,62.0,260,25.6,10,61.0,4.0,85.0,3.3,7483.2,12753375.1,7.9,7.5,0.6,10.2
Congo,2011,Developing,62.9,285.0,7,3.8,0.0,7.0,315,25.0,10,69.0,2.8,82.0,3.5,7483.2,12753375.1,8.0,7.6,0.6,10.7
Congo,2010,Developing,62.0,298.0,7,3.5,0.0,74.0,4,24.5,10,72.0,2.3,74.0,3.8,7483.2,12753375.1,8.1,7.7,0.5,10.5
Congo,2009,Developing,68.0,314.0,7,3.5,0.0,75.0,1,23.9,11,76.0,2.3,78.0,4.0,7483.2,12753375.1,8.3,7.9,0.5,10.3
Congo,2008,Developing,59.4,338.0,8,2.6,0.0,73.0,2,23.3,11,77.0,2.9,79.0,4.3,7483.2,12753375.1,8.4,8.0,0.5,10.0
Congo,2007,Developing,58.2,354.0,8,2.8,0.0,64.0,84,22.8,11,71.0,2.5,72.0,5.0,7483.2,12753375.1,8.5,8.2,0.5,9.8
Congo,2006,Developing,56.9,368.0,8,2.2,0.0,80.9,126,22.3,12,73.0,2.4,73.0,5.5,7483.2,12753375.1,8.7,8.3,0.5,9.6
Congo,2005,Developing,55.3,394.0,8,2.0,0.0,80.9,146,21.7,13,62.0,2.4,62.0,5.9,7483.2,12753375.1,8.8,8.5,0.5,9.4
Congo,2004,Developing,54.1,48.0,9,2.6,0.0,80.9,3524,21.2,13,67.0,2.6,67.0,6.3,7483.2,12753375.1,9.0,8.6,0.5,9.2
Congo,2003,Developing,53.2,417.0,9,2.5,0.0,80.9,3712,2.7,14,5.0,2.6,5.0,6.8,7483.2,12753375.1,9.1,8.8,0.5,9.4
Congo,2002,Developing,52.6,424.0,9,2.5,0.0,80.9,2788,2.3,14,41.0,2.5,41.0,7.2,7483.2,12753375.1,9.3,8.9,0.5,9.5
Congo,2001,Developing,52.7,419.0,9,2.3,0.0,80.9,2152,19.8,14,32.0,2.4,31.0,7.6,7483.2,12753375.1,9.4,9.0,0.5,9.7
Congo,2000,Developing,52.9,416.0,9,2.3,0.0,80.9,1678,19.3,14,31.0,2.1,33.0,7.8,7483.2,12753375.1,9.5,9.2,0.5,9.8
Cook Islands,2013,Developing,69.2,164.8,0,0.0,0.0,98.0,0,82.8,0,98.0,3.6,98.0,0.1,7483.2,12753375.1,0.1,0.1,0.6,12.0
Costa Rica,2015,Developing,79.6,95.0,1,4.6,0.0,92.0,0,6.5,1,92.0,5.9,92.0,0.1,1146.4,487852.0,1.7,1.7,0.8,14.2
Costa Rica,2014,Developing,79.5,96.0,1,3.5,384.5,91.0,1,59.5,1,91.0,9.3,91.0,0.1,1647.4,4757575.0,1.7,1.7,0.8,13.9
Costa Rica,2013,Developing,79.4,96.0,1,3.4,386.1,94.0,0,58.5,1,95.0,9.5,95.0,0.1,1569.7,47641.0,1.7,1.7,0.8,13.7
Costa Rica,2012,Developing,79.2,97.0,1,3.3,2568.2,91.0,0,57.5,1,9.0,9.6,91.0,0.1,9985.4,4654122.0,1.8,1.7,0.8,13.6
Costa Rica,2011,Developing,79.0,98.0,1,3.4,2429.9,84.0,0,56.5,1,82.0,9.7,85.0,0.1,9186.6,46474.0,1.8,1.7,0.8,13.4
Costa Rica,2010,Developing,78.1,16.0,1,3.6,2377.0,89.0,0,55.5,1,93.0,9.7,88.0,0.1,8199.4,454528.0,1.8,1.8,0.7,13.3
Costa Rica,2009,Developing,79.2,96.0,1,4.1,24.9,87.0,0,54.4,1,8.0,9.7,86.0,0.1,689.4,4488263.0,1.9,1.8,0.7,13.1
Costa Rica,2008,Developing,78.9,99.0,1,4.2,1859.1,89.0,0,53.4,1,89.0,9.1,9.0,0.1,6911.1,442958.0,1.9,1.8,0.7,12.9
Costa Rica,2007,Developing,78.9,93.0,1,4.2,150.9,89.0,0,52.4,1,89.0,8.4,89.0,0.1,612.6,4369469.0,1.9,1.9,0.7,12.8
Costa Rica,2006,Developing,78.0,16.0,1,4.2,1185.4,88.0,0,51.4,1,89.0,7.8,89.0,0.1,5245.2,438794.0,2.0,1.9,0.7,12.6
Costa Rica,2005,Developing,78.6,97.0,1,4.1,1002.8,9.0,1,5.3,1,91.0,7.7,91.0,0.1,4697.1,4247841.0,2.0,2.0,0.7,12.4
Costa Rica,2004,Developing,77.7,12.0,1,4.1,1043.1,89.0,0,49.3,1,9.0,7.8,9.0,0.1,4425.6,418738.0,2.1,2.0,0.7,12.2
Costa Rica,2003,Developing,78.0,1.0,1,4.0,1070.3,86.0,1,48.3,1,88.0,8.4,88.0,0.1,4167.7,4125971.0,2.2,2.1,0.7,12.1
Costa Rica,2002,Developing,78.3,99.0,1,4.2,112.9,94.0,0,47.3,1,94.0,8.2,94.0,0.1,462.1,46324.0,2.2,2.2,0.7,11.9
Costa Rica,2001,Developing,77.5,1.0,1,4.3,868.4,8.0,0,46.4,1,92.0,7.2,91.0,0.1,3981.5,3996798.0,2.3,2.2,0.7,11.7
Costa Rica,2000,Developing,77.6,98.0,1,4.3,94.2,89.0,0,45.4,1,8.0,7.1,88.0,0.1,388.4,3925443.0,2.4,2.3,0.7,11.6
Croatia,2015,Developed,78.0,95.0,0,4.6,0.0,94.0,206,63.7,0,94.0,5.9,94.0,0.1,11579.7,42364.0,1.5,1.4,0.8,15.3
Croatia,2014,Developed,77.8,97.0,0,12.1,1884.1,95.0,0,63.1,0,95.0,7.8,95.0,0.1,13467.5,4238389.0,1.5,1.5,0.8,15.1
Croatia,2013,Developed,77.7,97.0,0,12.4,1899.1,96.0,0,62.5,0,96.0,7.8,96.0,0.1,13574.7,4255689.0,1.5,1.5,0.8,14.9
Croatia,2012,Developed,77.1,14.0,0,11.5,1851.7,98.0,2,61.9,0,96.0,7.8,96.0,0.1,13236.0,4267558.0,1.5,1.5,0.8,14.6
Croatia,2011,Developed,77.0,14.0,0,12.2,1913.4,97.0,12,61.3,0,96.0,7.8,96.0,0.1,14539.2,428622.0,1.6,1.5,0.8,14.5
Croatia,2010,Developed,76.6,16.0,0,12.1,206.9,97.0,7,6.6,0,97.0,8.2,97.0,0.1,1355.7,4417781.0,1.6,1.6,0.8,14.2
Croatia,2009,Developed,76.3,19.0,0,12.2,2160.4,97.0,2,6.0,0,96.0,8.2,96.0,0.1,14157.1,442978.0,1.7,1.6,0.8,14.2
Croatia,2008,Developed,76.0,116.0,0,12.1,2425.4,97.0,51,59.4,0,96.0,7.7,96.0,0.1,15893.9,443458.0,1.7,1.7,0.8,14.3
Croatia,2007,Developed,75.8,114.0,0,12.6,2019.8,95.0,0,58.7,0,96.0,7.4,96.0,0.1,13546.7,4436.0,1.8,1.7,0.8,14.3
Croatia,2006,Developed,75.9,113.0,0,11.8,1555.7,80.9,1,58.1,0,96.0,7.0,96.0,0.1,11363.4,444.0,1.8,1.8,0.8,13.9
Croatia,2005,Developed,75.2,116.0,0,11.6,167.2,80.9,2,57.5,0,96.0,6.9,96.0,0.1,1224.2,4442.0,1.8,1.8,0.8,13.6
Croatia,2004,Developed,75.4,114.0,0,13.1,1116.4,80.9,54,56.9,0,96.0,6.6,96.0,0.1,9365.7,4439.0,1.9,1.9,0.8,13.3
Croatia,2003,Developed,74.7,122.0,0,13.8,93.7,80.9,19,56.3,0,95.0,6.3,94.0,0.1,785.9,444.0,1.9,1.9,0.8,12.9
Croatia,2002,Developed,74.8,124.0,0,13.4,11.6,80.9,6,55.8,0,95.0,6.2,95.0,0.1,653.7,444.0,2.0,2.0,0.8,12.6
Croatia,2001,Developed,74.9,126.0,0,13.2,651.0,80.9,8,55.2,0,94.0,7.2,94.0,0.1,5245.4,444.0,2.0,2.0,0.7,12.3
Croatia,2000,Developed,74.7,127.0,0,12.7,649.4,80.9,9,54.7,0,94.0,7.7,93.0,0.1,4919.6,4426.0,2.1,2.1,0.7,12.2
Cuba,2015,Developing,79.1,92.0,1,4.6,0.0,99.0,0,61.4,1,99.0,5.9,99.0,0.1,762.3,12753375.1,3.5,3.3,0.8,13.9
Cuba,2014,Developing,79.0,93.0,1,4.4,13.7,97.0,0,6.7,1,99.0,11.6,99.0,0.1,75.5,12753375.1,3.4,3.3,0.8,14.0
Cuba,2013,Developing,78.7,96.0,1,4.2,95.7,96.0,0,59.9,1,99.0,9.5,99.0,0.1,676.2,12753375.1,3.4,3.3,0.8,14.7
Cuba,2012,Developing,78.7,96.0,1,4.2,742.2,96.0,0,59.2,1,98.0,8.6,99.0,0.1,6425.9,12753375.1,3.4,3.2,0.8,15.7
Cuba,2011,Developing,78.8,92.0,1,4.1,102.1,96.0,0,58.4,1,99.0,1.6,97.0,0.1,675.9,12753375.1,3.4,3.2,0.8,16.5
Cuba,2010,Developing,78.0,98.0,1,4.1,787.3,96.0,0,57.7,1,99.0,1.2,96.0,0.1,5676.1,12753375.1,3.4,3.2,0.8,17.6
Cuba,2009,Developing,78.1,11.0,1,4.0,818.9,96.0,0,56.9,1,99.0,11.8,96.0,0.1,5484.8,12753375.1,3.4,3.2,0.8,17.7
Cuba,2008,Developing,77.9,12.0,1,4.3,708.6,95.0,0,56.2,1,99.0,1.8,95.0,0.1,5376.4,12753375.1,3.4,3.2,0.8,17.1
Cuba,2007,Developing,78.1,14.0,1,4.1,750.7,93.0,0,55.4,1,99.0,1.4,93.0,0.1,5184.5,12753375.1,3.4,3.2,0.8,16.0
Cuba,2006,Developing,78.0,14.0,1,4.2,523.5,89.0,0,54.6,1,99.0,7.7,89.0,0.1,4669.7,12753375.1,3.4,3.2,0.7,14.7
Cuba,2005,Developing,77.2,19.0,1,4.5,518.9,95.0,0,53.8,1,99.0,9.4,89.0,0.1,3779.6,12753375.1,3.4,3.3,0.7,14.2
Cuba,2004,Developing,77.3,17.0,1,4.4,4.5,99.0,0,53.0,1,98.0,6.1,88.0,0.1,339.7,12753375.1,3.4,3.3,0.7,13.2
Cuba,2003,Developing,77.4,18.0,1,4.4,60.3,99.0,0,52.1,1,98.0,6.3,72.0,0.1,3192.7,12753375.1,3.5,3.3,0.7,12.9
Cuba,2002,Developing,77.7,19.0,1,4.1,334.8,98.0,0,51.3,1,98.0,6.5,99.0,0.1,2994.3,12753375.1,3.5,3.3,0.7,12.5
Cuba,2001,Developing,76.7,115.0,1,4.0,322.6,98.0,0,5.4,1,99.0,6.3,98.0,0.1,2832.2,12753375.1,3.6,3.4,0.7,12.3
Cuba,2000,Developing,76.9,115.0,1,3.9,49.3,98.0,0,49.4,1,98.0,6.7,95.0,0.1,2741.1,12753375.1,3.6,3.4,0.7,12.1
Cyprus,2015,Developed,85.0,52.0,0,4.6,0.0,97.0,0,6.3,0,97.0,5.9,97.0,0.1,2375.1,116985.0,1.0,1.0,0.9,14.3
Cyprus,2014,Developed,83.0,53.0,0,0.0,207.3,96.0,10,59.8,0,99.0,7.4,99.0,0.1,2734.9,115239.0,0.9,1.0,0.8,14.0
Cyprus,2013,Developed,81.0,54.0,0,9.0,212.1,96.0,0,59.2,0,99.0,7.5,99.0,0.1,2798.0,1143896.0,0.9,1.0,0.8,13.8
Cyprus,2012,Developed,80.0,56.0,0,10.6,2159.8,96.0,1,58.7,0,99.0,7.4,99.0,0.1,28951.2,113562.0,0.9,1.0,0.8,13.8
Cyprus,2011,Developed,79.7,57.0,0,10.7,2443.3,96.0,0,58.3,0,99.0,7.5,99.0,0.1,32233.8,1124835.0,0.9,1.0,0.8,13.8
Cyprus,2010,Developed,79.5,59.0,0,11.3,283.3,96.0,18,57.8,0,99.0,7.2,99.0,0.1,3818.5,111267.0,0.9,1.0,0.9,14.6
Cyprus,2009,Developed,79.3,6.0,0,10.8,230.3,96.0,0,57.3,0,99.0,7.4,99.0,0.1,3215.8,19876.0,0.9,1.0,0.8,14.1
Cyprus,2008,Developed,79.1,62.0,0,12.0,239.6,93.0,1,56.8,0,97.0,6.9,97.0,0.1,3539.7,181563.0,0.9,1.0,0.8,13.7
Cyprus,2007,Developed,78.9,63.0,0,11.6,1958.5,93.0,0,56.3,0,97.0,6.5,97.0,0.1,31386.6,163712.0,0.9,1.0,0.8,13.5
Cyprus,2006,Developed,78.8,64.0,0,11.5,1700.8,93.0,0,55.8,0,97.0,6.3,97.0,0.1,27170.0,14559.0,0.9,1.0,0.8,13.4
Cyprus,2005,Developed,78.7,65.0,0,11.4,1562.5,88.0,1,55.3,0,98.0,6.4,98.0,0.1,25324.5,127658.0,0.9,1.0,0.8,13.5
Cyprus,2004,Developed,78.6,65.0,0,13.0,1586.7,88.0,0,54.8,0,98.0,6.4,98.0,0.1,23932.5,1141.0,0.9,1.0,0.8,13.4
Cyprus,2003,Developed,78.5,66.0,0,10.6,158.7,88.0,0,54.3,0,98.0,6.8,98.0,0.1,2293.5,993563.0,0.9,1.0,0.8,13.0
Cyprus,2002,Developed,78.4,68.0,0,11.7,1128.1,88.0,0,53.8,0,98.0,6.1,98.0,0.1,16372.3,976966.0,0.9,1.0,0.8,12.5
Cyprus,2001,Developed,78.2,69.0,0,10.2,100.8,89.0,0,53.3,0,97.0,5.8,97.0,0.1,1562.9,96282.0,0.9,1.0,0.8,12.4
Cyprus,2000,Developed,78.1,7.0,0,9.6,950.8,89.0,0,52.8,0,97.0,5.8,97.0,0.1,14672.9,943286.0,0.9,1.0,0.8,12.5
Czechia,2015,Developed,78.8,86.0,0,4.6,0.0,97.0,9,66.1,0,97.0,5.9,97.0,0.1,7483.2,12753375.1,1.8,1.8,0.6,12.0
Czechia,2014,Developed,78.6,88.0,0,12.7,0.0,99.0,222,65.6,0,99.0,7.4,97.0,0.1,7483.2,12753375.1,1.8,1.9,0.6,12.0
Czechia,2013,Developed,78.2,9.0,0,12.4,0.0,99.0,15,65.1,0,99.0,7.5,98.0,0.1,7483.2,12753375.1,1.8,1.9,0.6,12.0
Czechia,2012,Developed,78.0,93.0,0,12.7,0.0,99.0,22,64.5,0,99.0,7.5,99.0,0.1,7483.2,12753375.1,1.8,1.9,0.6,12.0
Czechia,2011,Developed,77.8,97.0,0,12.4,0.0,99.0,17,64.0,0,99.0,7.5,99.0,0.1,7483.2,12753375.1,1.9,1.9,0.6,12.0
Czechia,2010,Developed,77.5,99.0,0,12.7,0.0,99.0,0,63.6,0,99.0,7.4,99.0,0.1,7483.2,12753375.1,1.9,2.0,0.6,12.0
Czechia,2009,Developed,77.1,12.0,0,13.2,0.0,99.0,5,63.1,0,99.0,7.8,99.0,0.1,7483.2,12753375.1,1.9,2.0,0.6,12.0
Czechia,2008,Developed,77.0,16.0,0,13.2,0.0,99.0,2,62.6,0,99.0,6.8,99.0,0.1,7483.2,12753375.1,1.9,2.0,0.6,12.0
Czechia,2007,Developed,76.8,17.0,0,13.4,0.0,99.0,2,62.2,0,99.0,6.5,99.0,0.1,7483.2,12753375.1,2.0,2.1,0.6,12.0
Czechia,2006,Developed,76.5,19.0,0,13.0,0.0,98.0,7,61.8,0,98.0,6.7,98.0,0.1,7483.2,12753375.1,2.0,2.1,0.6,12.0
Czechia,2005,Developed,75.9,114.0,0,13.2,0.0,99.0,0,61.3,0,96.0,6.9,97.0,0.1,7483.2,12753375.1,2.1,2.1,0.6,12.0
Czechia,2004,Developed,75.8,116.0,0,13.2,0.0,98.0,17,6.8,0,96.0,6.9,98.0,0.1,7483.2,12753375.1,2.1,2.2,0.6,12.0
Czechia,2003,Developed,75.2,122.0,0,13.0,0.0,92.0,30,6.4,0,97.0,7.1,97.0,0.1,7483.2,12753375.1,2.2,2.2,0.6,12.0
Czechia,2002,Developed,75.3,12.0,0,13.5,0.0,86.0,4,59.9,0,97.0,6.8,98.0,0.1,7483.2,12753375.1,2.2,2.3,0.6,12.0
Czechia,2001,Developed,75.1,123.0,0,13.4,0.0,80.9,6,59.4,0,97.0,6.4,98.0,0.1,7483.2,12753375.1,2.2,2.3,0.6,12.0
Czechia,2000,Developed,74.7,126.0,0,13.2,0.0,80.9,9,59.0,0,98.0,6.3,98.0,0.1,7483.2,12753375.1,2.3,2.3,0.6,12.0
Democratic People's Republic of Korea,2015,Developing,76.0,139.0,6,4.6,0.0,96.0,0,32.9,7,99.0,5.9,96.0,0.1,7483.2,12753375.1,4.9,4.9,0.6,12.0
Democratic People's Republic of Korea,2014,Developing,73.0,142.0,6,0.0,0.0,93.0,3,32.4,8,99.0,5.9,93.0,0.1,7483.2,12753375.1,4.9,4.9,0.6,12.0
Democratic People's Republic of Korea,2013,Developing,71.0,146.0,6,3.4,0.0,93.0,0,31.8,8,99.0,5.9,93.0,0.1,7483.2,12753375.1,5.0,5.0,0.6,12.0
Democratic People's Republic of Korea,2012,Developing,69.8,149.0,7,3.6,0.0,96.0,0,31.3,9,99.0,5.9,96.0,0.1,7483.2,12753375.1,5.1,5.1,0.6,12.0
Democratic People's Republic of Korea,2011,Developing,69.4,153.0,8,3.4,0.0,94.0,0,3.8,10,99.0,5.9,94.0,0.1,7483.2,12753375.1,5.1,5.2,0.6,12.0
Democratic People's Republic of Korea,2010,Developing,69.0,157.0,8,3.1,0.0,93.0,0,3.3,10,99.0,5.9,93.0,0.1,7483.2,12753375.1,5.2,5.2,0.6,12.0
Democratic People's Republic of Korea,2009,Developing,68.7,161.0,9,3.4,0.0,93.0,0,29.7,11,98.0,5.9,93.0,0.1,7483.2,12753375.1,5.3,5.3,0.6,12.0
Democratic People's Republic of Korea,2008,Developing,68.6,164.0,9,3.2,0.0,92.0,8,29.2,12,98.0,5.9,92.0,0.1,7483.2,12753375.1,5.4,5.4,0.6,12.0
Democratic People's Republic of Korea,2007,Developing,68.5,166.0,9,3.1,0.0,92.0,3550,28.7,12,99.0,5.9,92.0,0.1,7483.2,12753375.1,5.5,5.5,0.6,12.0
Democratic People's Republic of Korea,2006,Developing,68.5,165.0,10,3.3,0.0,96.0,0,28.2,12,98.0,5.9,89.0,0.1,7483.2,12753375.1,5.6,5.6,0.6,12.0
Democratic People's Republic of Korea,2005,Developing,68.5,165.0,10,3.2,0.0,92.0,0,27.7,13,97.0,5.9,79.0,0.1,7483.2,12753375.1,5.7,5.7,0.6,12.0
Democratic People's Republic of Korea,2004,Developing,68.4,165.0,11,3.1,0.0,98.0,0,27.2,14,99.0,5.9,72.0,0.1,7483.2,12753375.1,5.7,5.7,0.6,12.0
Democratic People's Republic of Korea,2003,Developing,68.1,165.0,12,3.1,0.0,27.0,0,26.7,15,99.0,5.9,68.0,0.1,7483.2,12753375.1,5.8,5.8,0.6,12.0
Democratic People's Republic of Korea,2002,Developing,67.6,167.0,14,3.1,0.0,80.9,0,26.2,18,99.0,5.9,64.0,0.1,7483.2,12753375.1,5.9,5.9,0.6,12.0
Democratic People's Republic of Korea,2001,Developing,66.6,177.0,16,2.5,0.0,80.9,0,25.7,21,98.0,5.9,62.0,0.1,7483.2,12753375.1,5.9,6.0,0.6,12.0
Democratic People's Republic of Korea,2000,Developing,65.4,192.0,18,3.5,0.0,80.9,0,25.2,25,93.0,5.9,56.0,0.1,7483.2,12753375.1,6.0,6.0,0.6,12.0
Democratic Republic of the Congo,2015,Developing,59.8,258.0,236,4.6,0.0,81.0,5020,21.6,308,78.0,5.9,81.0,1.1,7483.2,12753375.1,9.5,9.3,0.6,12.0
Democratic Republic of the Congo,2014,Developing,59.3,266.0,237,0.0,0.0,8.0,33711,21.1,312,79.0,4.3,8.0,1.1,7483.2,12753375.1,9.7,9.5,0.6,12.0
Democratic Republic of the Congo,2013,Developing,58.8,272.0,238,0.0,0.0,74.0,88381,2.6,314,74.0,3.9,74.0,1.2,7483.2,12753375.1,9.9,9.6,0.6,12.0
Democratic Republic of the Congo,2012,Developing,58.3,277.0,239,0.0,0.0,75.0,72029,2.1,317,76.0,3.8,75.0,1.5,7483.2,12753375.1,1.0,9.8,0.6,12.0
Democratic Republic of the Congo,2011,Developing,57.9,278.0,239,1.8,0.0,74.0,133802,19.6,319,77.0,3.5,74.0,1.6,7483.2,12753375.1,1.2,1.0,0.6,12.0
Democratic Republic of the Congo,2010,Developing,57.4,283.0,239,1.8,0.0,6.0,5407,19.1,321,76.0,4.4,6.0,1.6,7483.2,12753375.1,1.4,1.2,0.6,12.0
Democratic Republic of the Congo,2009,Developing,56.7,292.0,238,2.1,0.0,72.0,57,18.6,323,78.0,5.6,72.0,1.7,7483.2,12753375.1,1.6,1.4,0.6,12.0
Democratic Republic of the Congo,2008,Developing,56.3,295.0,237,2.1,0.0,65.0,12461,18.2,324,64.0,4.5,65.0,1.8,7483.2,12753375.1,1.8,1.7,0.6,12.0
Democratic Republic of the Congo,2007,Developing,55.7,299.0,236,1.5,0.0,7.0,55577,17.8,326,72.0,3.6,7.0,1.9,7483.2,12753375.1,11.1,1.9,0.6,12.0
Democratic Republic of the Congo,2006,Developing,55.0,36.0,235,1.5,0.0,80.9,80123,17.3,327,62.0,3.4,62.0,2.0,7483.2,12753375.1,11.3,11.1,0.6,12.0
Democratic Republic of the Congo,2005,Developing,54.3,314.0,233,1.4,0.0,80.9,182485,16.9,329,6.0,3.1,6.0,2.0,7483.2,12753375.1,11.5,11.3,0.6,12.0
Democratic Republic of the Congo,2004,Developing,53.5,323.0,232,1.4,0.0,80.9,44934,16.5,330,52.0,3.3,54.0,2.1,7483.2,12753375.1,11.7,11.5,0.6,12.0
Democratic Republic of the Congo,2003,Developing,52.8,332.0,231,1.8,0.0,80.9,21956,16.1,331,47.0,3.2,41.0,2.2,7483.2,12753375.1,11.9,11.7,0.6,12.0
Democratic Republic of the Congo,2002,Developing,52.1,341.0,229,1.9,0.0,80.9,30466,15.7,331,4.0,2.6,38.0,2.4,7483.2,12753375.1,12.1,11.9,0.6,12.0
Democratic Republic of the Congo,2001,Developing,51.8,34.0,227,1.9,0.0,80.9,8072,15.3,332,3.0,2.7,3.0,2.4,7483.2,12753375.1,12.2,12.1,0.6,12.0
Democratic Republic of the Congo,2000,Developing,51.3,346.0,226,2.0,0.0,80.9,8282,14.9,332,42.0,1.4,4.0,2.5,7483.2,12753375.1,12.4,12.3,0.6,12.0
Denmark,2015,Developed,86.0,71.0,0,4.6,0.0,80.9,9,58.8,0,93.0,5.9,93.0,0.1,5314.6,5683483.0,1.1,0.9,0.9,19.2
Denmark,2014,Developed,84.0,73.0,0,9.6,10468.8,80.9,27,58.4,0,94.0,1.8,94.0,0.1,62425.5,5643475.0,1.1,0.9,0.9,19.2
Denmark,2013,Developed,81.0,75.0,0,9.5,10261.8,80.9,17,58.1,0,94.0,11.2,94.0,0.1,61191.2,5614932.0,1.1,0.9,0.9,18.7
Denmark,2012,Developed,80.0,76.0,0,9.3,928.4,80.9,2,57.7,0,94.0,2.0,94.0,0.1,5857.5,5591572.0,1.1,0.9,0.9,18.4
Denmark,2011,Developed,79.7,79.0,0,10.5,10251.1,80.9,84,57.4,0,91.0,1.9,91.0,0.1,61753.7,557572.0,1.1,0.9,0.9,16.9
Denmark,2010,Developed,79.2,84.0,0,10.3,954.5,80.9,5,57.0,0,9.0,11.8,9.0,0.1,5841.4,5547683.0,1.1,0.9,0.9,16.8
Denmark,2009,Developed,78.9,86.0,0,10.1,9765.6,80.9,6,56.6,0,89.0,11.5,89.0,0.1,58163.3,552395.0,1.1,0.9,0.9,16.8
Denmark,2008,Developed,78.8,88.0,0,10.7,10761.2,80.9,14,56.3,0,88.0,1.2,88.0,0.1,64322.7,5493621.0,1.1,0.9,0.9,16.8
Denmark,2007,Developed,78.4,93.0,0,11.0,9703.1,80.9,2,55.9,0,87.0,10.0,87.0,0.1,58487.5,5461438.0,1.2,0.9,0.9,16.7
Denmark,2006,Developed,78.1,93.0,0,11.0,851.0,80.9,27,55.4,0,93.0,9.9,93.0,0.1,5227.0,5437272.0,1.2,0.9,0.9,16.9
Denmark,2005,Developed,78.1,92.0,0,11.3,7627.4,80.9,2,55.0,0,93.0,9.8,93.0,0.1,48799.8,5419432.0,1.2,1.0,0.9,16.6
Denmark,2004,Developed,77.7,98.0,0,11.3,6948.8,80.9,0,54.4,0,95.0,9.7,95.0,0.1,46511.6,544523.0,1.2,1.0,0.9,16.5
Denmark,2003,Developed,77.3,11.0,0,11.5,651.0,80.9,0,53.9,0,96.0,9.5,96.0,0.1,4458.8,539574.0,1.2,1.0,0.9,16.3
Denmark,2002,Developed,77.0,14.0,0,11.3,4801.5,80.9,32,53.3,0,98.0,9.3,98.0,0.1,33228.7,5375931.0,1.2,1.0,0.9,16.6
Denmark,2001,Developed,77.0,12.0,0,11.6,530.5,80.9,11,52.8,0,97.0,9.1,97.0,0.1,3751.6,5358783.0,1.3,1.0,0.9,16.2
Denmark,2000,Developed,76.9,12.0,0,11.7,508.7,80.9,14,52.2,0,97.0,8.7,97.0,0.1,3743.6,5339616.0,1.3,1.0,0.9,16.5
Djibouti,2015,Developing,63.5,241.0,1,4.6,0.0,84.0,47,35.0,1,84.0,5.9,84.0,2.1,1862.2,927414.0,5.6,5.4,0.5,6.3
Djibouti,2014,Developing,63.0,252.0,1,0.4,24.7,78.0,0,34.4,1,78.0,1.6,78.0,2.1,174.9,912164.0,5.6,5.4,0.5,6.3
Djibouti,2013,Developing,62.7,256.0,1,0.5,229.4,82.0,28,33.8,2,82.0,9.1,82.0,2.1,1622.6,896688.0,5.6,5.4,0.5,6.3
Djibouti,2012,Developing,62.2,263.0,1,0.5,217.2,81.0,709,33.2,2,81.0,8.9,81.0,1.9,1536.2,881185.0,5.6,5.5,0.5,6.3
Djibouti,2011,Developing,61.8,268.0,1,0.4,20.4,87.0,49,32.7,2,87.0,8.7,87.0,2.7,144.0,865937.0,5.6,5.5,0.5,5.9
Djibouti,2010,Developing,61.3,273.0,1,0.4,187.5,88.0,7,32.2,2,88.0,8.8,88.0,3.1,1326.0,851146.0,5.6,5.6,0.4,5.5
Djibouti,2009,Developing,69.0,279.0,1,0.5,177.3,89.0,48,31.7,2,89.0,8.4,89.0,3.2,1253.7,83684.0,5.7,5.6,0.4,5.3
Djibouti,2008,Developing,62.0,289.0,1,0.5,171.8,88.0,143,31.3,2,89.0,8.5,89.0,3.3,1214.8,822934.0,5.7,5.6,0.4,5.0
Djibouti,2007,Developing,59.8,296.0,1,0.5,20.9,25.0,24,3.9,2,88.0,7.7,88.0,3.5,147.6,8942.0,5.8,5.7,0.4,4.5
Djibouti,2006,Developing,59.1,39.0,2,1.0,121.5,80.9,49,3.6,2,72.0,7.5,72.0,3.7,965.7,79628.0,5.8,5.7,0.4,4.3
Djibouti,2005,Developing,58.6,318.0,2,1.2,12.7,80.9,298,3.2,2,71.0,7.2,71.0,3.9,94.7,783254.0,5.9,5.8,0.4,4.0
Djibouti,2004,Developing,58.1,326.0,2,1.2,106.0,80.9,71,29.8,2,64.0,6.8,64.0,4.0,864.2,77752.0,6.0,5.9,0.4,3.7
Djibouti,2003,Developing,58.0,325.0,2,1.0,94.1,80.9,37,29.4,2,68.0,6.2,68.0,4.2,820.0,758615.0,6.1,5.9,0.4,3.5
Djibouti,2002,Developing,57.9,322.0,2,1.0,13.5,80.9,50,29.0,2,62.0,5.5,62.0,4.3,792.2,746221.0,6.2,6.0,0.4,3.3
Djibouti,2001,Developing,57.7,323.0,2,0.9,92.5,80.9,79,28.6,2,49.0,5.4,53.0,4.3,781.2,732711.0,6.3,6.1,0.4,2.9
Djibouti,2000,Developing,57.4,325.0,2,1.3,92.0,80.9,183,28.2,2,46.0,5.8,46.0,4.1,768.2,717584.0,6.4,6.1,0.4,2.9
Dominica,2013,Developing,69.2,164.8,0,0.0,11.4,96.0,0,58.4,0,96.0,5.6,96.0,0.1,722.8,12753375.1,2.7,2.6,0.7,12.7
Dominican Republic,2015,Developing,73.9,152.0,6,4.6,0.0,81.0,0,58.9,7,87.0,5.9,85.0,0.3,6468.5,1528394.0,3.3,3.2,0.7,13.2
Dominican Republic,2014,Developing,73.6,154.0,6,5.9,1088.2,89.0,0,57.9,7,9.0,4.4,91.0,0.3,6268.7,145844.0,3.3,3.2,0.7,13.2
Dominican Republic,2013,Developing,73.4,157.0,6,5.9,97.5,8.0,0,56.8,7,82.0,4.1,83.0,0.3,627.6,1281296.0,3.3,3.2,0.7,13.2
Dominican Republic,2012,Developing,72.1,174.0,6,5.9,857.1,74.0,0,55.8,7,85.0,4.3,85.0,0.4,5968.9,115495.0,3.3,3.2,0.7,13.1
Dominican Republic,2011,Developing,73.1,16.0,6,5.9,843.8,8.0,2,54.7,7,84.0,4.2,84.0,0.7,5759.6,12795.0,3.3,3.2,0.7,13.0
Dominican Republic,2010,Developing,72.7,166.0,6,6.0,664.6,83.0,0,53.6,8,85.0,4.6,88.0,0.9,5451.7,9897985.0,3.3,3.3,0.7,12.9
Dominican Republic,2009,Developing,73.6,157.0,6,6.0,587.9,8.0,0,52.6,8,85.0,4.4,82.0,1.2,4952.7,9767758.0,3.4,3.3,0.7,12.9
Dominican Republic,2008,Developing,73.3,161.0,6,6.1,49.1,81.0,0,51.5,8,86.0,4.2,82.0,1.4,511.4,963652.0,3.4,3.3,0.7,12.8
Dominican Republic,2007,Developing,72.9,164.0,6,6.0,74.8,81.0,0,5.4,8,86.0,4.3,85.0,1.6,4647.3,954353.0,3.4,3.4,0.7,12.7
Dominican Republic,2006,Developing,72.3,178.0,7,6.2,353.0,84.0,0,49.3,8,88.0,4.3,89.0,1.8,3836.5,9371338.0,3.5,3.4,0.7,12.6
Dominican Republic,2005,Developing,69.7,28.0,7,5.7,289.7,87.0,0,48.2,8,86.0,4.3,87.0,2.0,3681.6,9237566.0,3.5,3.4,0.7,12.6
Dominican Republic,2004,Developing,69.3,214.0,7,5.2,182.6,82.0,0,47.2,8,66.0,4.3,79.0,2.1,2422.0,912998.0,3.6,3.5,0.7,12.5
Dominican Republic,2003,Developing,73.0,22.0,7,6.3,293.0,79.0,0,46.1,8,65.0,5.5,79.0,2.3,2372.6,896776.0,3.6,3.5,0.7,12.4
Dominican Republic,2002,Developing,71.4,189.0,7,6.4,4.7,63.0,0,45.1,8,74.0,5.8,82.0,2.4,38.5,8832285.0,3.7,3.6,0.7,12.3
Dominican Republic,2001,Developing,71.2,188.0,7,6.1,340.0,66.0,113,44.1,9,71.0,5.6,72.0,2.5,2862.2,8697126.0,3.8,3.6,0.7,12.3
Dominican Republic,2000,Developing,72.0,176.0,7,6.6,44.8,68.0,253,43.1,9,71.0,5.9,78.0,2.5,282.4,8562622.0,3.8,3.7,0.7,12.2
Ecuador,2015,Developing,76.2,118.0,6,4.6,0.0,78.0,0,54.2,7,84.0,5.9,78.0,0.1,625.6,16144368.0,1.2,1.1,0.7,14.0
Ecuador,2014,Developing,76.0,121.0,6,3.8,79.1,83.0,0,53.5,7,84.0,9.2,83.0,0.1,6432.2,1593112.0,1.2,1.1,0.7,14.0
Ecuador,2013,Developing,76.0,121.0,6,3.8,59.1,87.0,0,52.8,8,87.0,7.3,87.0,0.1,675.0,15661547.0,1.3,1.1,0.7,13.4
Ecuador,2012,Developing,75.5,127.0,7,3.9,41.9,88.0,72,52.1,8,85.0,6.5,87.0,0.1,572.1,15419666.0,1.3,1.2,0.7,13.3
Ecuador,2011,Developing,75.3,131.0,7,4.0,344.7,88.0,257,51.4,8,85.0,5.9,88.0,0.1,5223.4,15177355.0,1.3,1.2,0.7,13.2
Ecuador,2010,Developing,75.0,134.0,7,4.0,367.9,9.0,0,5.7,8,88.0,5.9,91.0,0.1,4657.3,1493469.0,1.3,1.2,0.7,13.1
Ecuador,2009,Developing,75.1,137.0,7,3.9,282.1,91.0,0,5.0,8,91.0,5.6,94.0,0.1,4255.6,14691275.0,1.3,1.2,0.7,13.1
Ecuador,2008,Developing,74.6,139.0,7,3.8,197.9,93.0,1,49.3,9,94.0,5.7,96.0,0.1,4275.0,14447562.0,1.3,1.2,0.7,13.0
Ecuador,2007,Developing,74.7,14.0,7,3.6,19.6,94.0,0,48.6,9,95.0,5.9,96.0,0.2,359.7,1425453.0,1.4,1.3,0.7,12.9
Ecuador,2006,Developing,74.4,144.0,8,3.5,19.1,96.0,0,47.9,9,92.0,5.9,96.0,0.3,335.8,1396748.0,1.4,1.3,0.7,12.8
Ecuador,2005,Developing,74.2,151.0,8,3.5,18.1,92.0,0,47.2,9,89.0,5.9,92.0,0.3,321.9,13735233.0,1.4,1.3,0.7,12.8
Ecuador,2004,Developing,74.4,148.0,8,3.6,16.4,88.0,0,46.5,9,9.0,6.2,88.0,0.3,278.6,1359647.0,1.5,1.3,0.7,12.7
Ecuador,2003,Developing,74.4,151.0,8,3.7,18.3,82.0,0,45.8,10,97.0,6.5,87.0,0.3,244.5,1328961.0,1.5,1.4,0.7,12.6
Ecuador,2002,Developing,73.6,157.0,8,3.9,187.4,75.0,0,45.1,10,88.0,4.6,88.0,0.3,2184.0,13726.0,1.5,1.4,0.7,12.5
Ecuador,2001,Developing,73.4,158.0,9,4.1,14.6,69.0,2,44.3,10,9.0,3.9,89.0,0.3,193.7,12852755.0,1.6,1.5,0.7,12.4
Ecuador,2000,Developing,72.8,163.0,9,4.0,84.2,36.0,0,43.6,11,83.0,3.4,87.0,0.3,1451.3,12628596.0,1.6,1.5,0.7,12.4
Egypt,2015,Developing,79.0,159.0,51,4.6,0.0,93.0,5432,61.1,60,93.0,5.9,93.0,0.1,7483.2,12753375.1,2.8,2.8,0.7,13.1
Egypt,2014,Developing,78.0,161.0,53,0.2,0.0,94.0,1314,6.2,62,94.0,5.6,94.0,0.1,7483.2,12753375.1,2.8,2.8,0.7,13.1
Egypt,2013,Developing,79.0,159.0,54,0.2,0.0,97.0,405,59.4,63,97.0,5.5,97.0,0.1,7483.2,12753375.1,2.9,2.8,0.7,12.8
Egypt,2012,Developing,72.0,165.0,54,0.2,0.0,93.0,245,58.6,64,93.0,5.3,93.0,0.1,7483.2,12753375.1,2.9,2.8,0.7,12.4
Egypt,2011,Developing,74.0,168.0,55,0.2,0.0,96.0,26,57.8,64,96.0,5.4,96.0,0.1,7483.2,12753375.1,2.9,2.9,0.7,12.4
Egypt,2010,Developing,70.0,173.0,54,0.2,0.0,97.0,16,57.0,64,97.0,4.8,97.0,0.1,7483.2,12753375.1,3.0,2.9,0.7,12.2
Egypt,2009,Developing,69.9,174.0,54,0.2,0.0,97.0,608,56.2,64,97.0,5.1,97.0,0.1,7483.2,12753375.1,3.0,3.0,0.7,12.0
Egypt,2008,Developing,69.8,172.0,54,0.2,0.0,97.0,668,55.5,65,97.0,4.8,97.0,0.1,7483.2,12753375.1,3.1,3.0,0.7,11.9
Egypt,2007,Developing,69.7,171.0,55,0.2,0.0,98.0,1684,54.8,65,98.0,5.0,98.0,0.1,7483.2,12753375.1,3.1,3.1,0.6,11.7
Egypt,2006,Developing,69.5,175.0,55,0.2,0.0,98.0,953,54.2,66,98.0,5.2,98.0,0.1,7483.2,12753375.1,3.2,3.1,0.6,11.5
Egypt,2005,Developing,69.4,174.0,56,0.2,0.0,98.0,77,53.5,68,98.0,5.6,98.0,0.1,7483.2,12753375.1,3.2,3.2,0.6,11.4
Egypt,2004,Developing,69.0,176.0,57,0.2,0.0,97.0,80,52.9,70,97.0,5.2,97.0,0.1,7483.2,12753375.1,3.3,3.2,0.6,11.2
Egypt,2003,Developing,68.6,178.0,59,0.1,0.0,98.0,164,52.3,72,98.0,5.4,98.0,0.1,7483.2,12753375.1,3.3,3.3,0.6,11.3
Egypt,2002,Developing,68.7,177.0,61,0.1,0.0,97.0,653,51.8,75,97.0,6.0,97.0,0.1,7483.2,12753375.1,3.4,3.4,0.6,11.2
Egypt,2001,Developing,68.6,177.0,63,0.1,0.0,99.0,2150,51.2,78,99.0,5.8,99.0,0.1,7483.2,12753375.1,3.5,3.4,0.6,11.1
Egypt,2000,Developing,68.8,171.0,65,0.1,0.0,98.0,2633,5.7,82,98.0,5.5,98.0,0.1,7483.2,12753375.1,3.6,3.5,0.6,11.0
El Salvador,2015,Developing,73.5,178.0,2,4.6,0.0,91.0,0,56.1,2,92.0,5.9,91.0,0.2,4127.1,6312478.0,1.6,1.5,0.7,13.2
El Salvador,2014,Developing,73.3,181.0,2,2.5,665.7,93.0,0,55.4,2,93.0,6.8,94.0,0.2,3988.8,6281189.0,1.6,1.6,0.7,13.2
El Salvador,2013,Developing,73.0,184.0,2,2.4,653.7,92.0,0,54.7,2,92.0,7.0,92.0,0.2,3895.7,625777.0,1.6,1.6,0.7,13.2
El Salvador,2012,Developing,73.0,181.0,2,2.5,591.8,92.0,0,54.1,2,93.0,6.7,92.0,0.3,3827.8,6221246.0,1.6,1.6,0.7,13.2
El Salvador,2011,Developing,72.0,197.0,2,2.4,549.3,89.0,0,53.4,2,9.0,6.8,89.0,0.3,3736.6,619256.0,1.7,1.6,0.7,13.0
El Salvador,2010,Developing,72.0,191.0,2,2.4,469.4,89.0,0,52.8,2,89.0,6.9,89.0,0.3,3474.4,6164626.0,1.7,1.6,0.7,12.9
El Salvador,2009,Developing,71.4,23.0,2,2.5,416.4,91.0,0,52.1,2,91.0,6.8,91.0,0.3,3366.5,6137276.0,1.7,1.6,0.7,12.8
El Salvador,2008,Developing,71.7,194.0,2,2.7,54.0,98.0,0,51.4,3,98.0,6.2,98.0,0.3,357.3,61131.0,1.8,1.7,0.7,13.4
El Salvador,2007,Developing,71.2,23.0,2,2.8,52.3,99.0,0,5.8,3,99.0,6.3,99.0,0.3,334.8,683475.0,1.8,1.7,0.7,12.9
El Salvador,2006,Developing,75.0,211.0,3,2.8,57.7,96.0,0,5.1,3,96.0,6.7,96.0,0.2,363.0,656478.0,1.8,1.7,0.7,12.9
El Salvador,2005,Developing,71.0,213.0,3,2.8,440.6,89.0,0,49.4,3,89.0,7.2,89.0,0.2,2835.3,628961.0,1.9,1.8,0.6,12.7
El Salvador,2004,Developing,70.0,215.0,3,2.9,398.6,9.0,0,48.6,3,9.0,7.3,9.0,0.3,2632.8,6775.0,1.9,1.8,0.6,12.4
El Salvador,2003,Developing,69.9,29.0,3,3.1,400.1,94.0,0,47.8,4,93.0,7.6,94.0,0.3,2519.7,5971535.0,2.0,1.9,0.6,12.0
El Salvador,2002,Developing,73.0,24.0,3,3.0,29.7,81.0,0,47.0,4,81.0,7.9,81.0,0.4,248.4,59433.0,2.0,1.9,0.6,11.8
El Salvador,2001,Developing,68.9,219.0,4,2.9,332.1,75.0,2,46.2,4,94.0,8.2,92.0,0.4,2338.8,595962.0,2.1,2.0,0.6,11.6
El Salvador,2000,Developing,69.0,218.0,4,2.8,353.7,99.0,0,45.3,5,98.0,8.2,99.0,0.4,2238.4,5867626.0,2.1,2.0,0.6,11.3
Equatorial Guinea,2015,Developing,58.2,32.0,3,4.6,0.0,16.0,1250,24.5,4,17.0,5.9,16.0,4.2,1347.3,1175389.0,8.4,8.3,0.6,9.2
Equatorial Guinea,2014,Developing,57.9,32.0,3,0.0,13.4,2.0,13,24.0,4,24.0,3.8,2.0,4.4,192.6,1129424.0,8.5,8.4,0.6,9.2
Equatorial Guinea,2013,Developing,57.4,327.0,3,10.7,156.4,80.9,321,23.5,4,3.0,3.7,3.0,5.7,2247.0,183746.0,8.6,8.6,0.6,9.2
Equatorial Guinea,2012,Developing,56.7,337.0,3,11.9,1500.4,80.9,1190,23.0,4,3.0,4.0,24.0,8.2,21557.7,138593.0,8.7,8.7,0.6,9.2
Equatorial Guinea,2011,Developing,56.2,344.0,3,11.0,1493.1,80.9,0,22.6,4,39.0,3.3,41.0,7.7,21451.9,99429.0,8.9,8.8,0.6,9.2
Equatorial Guinea,2010,Developing,56.1,339.0,3,9.9,1192.7,80.9,0,22.1,4,59.0,3.8,44.0,7.2,17136.4,95114.0,9.0,9.0,0.6,9.2
Equatorial Guinea,2009,Developing,55.7,34.0,3,8.0,115.1,80.9,78,21.7,4,57.0,5.3,43.0,7.3,1653.3,99111.0,9.2,9.2,0.6,9.1
Equatorial Guinea,2008,Developing,55.4,338.0,3,8.3,1705.7,80.9,436,21.3,4,55.0,2.3,42.0,6.3,22742.4,868418.0,9.3,9.3,0.6,9.1
Equatorial Guinea,2007,Developing,55.0,339.0,3,6.9,1024.5,80.9,5,2.9,4,54.0,2.2,41.0,5.9,15761.8,829327.0,9.5,9.5,0.6,9.0
Equatorial Guinea,2006,Developing,54.8,337.0,3,7.3,827.6,80.9,0,2.5,4,52.0,2.1,4.0,5.3,12732.3,792217.0,9.7,9.6,0.6,9.0
Equatorial Guinea,2005,Developing,54.4,337.0,3,7.2,12.1,80.9,0,2.2,4,5.0,1.6,39.0,4.9,185.6,757317.0,9.8,9.8,0.6,8.7
Equatorial Guinea,2004,Developing,54.1,336.0,3,6.3,44.5,80.9,38,19.8,4,48.0,2.4,38.0,4.4,685.3,724817.0,1.0,1.0,0.6,8.5
Equatorial Guinea,2003,Developing,53.8,334.0,3,7.1,309.8,80.9,18,19.5,4,46.0,2.2,37.0,3.6,3577.2,694611.0,1.2,1.1,0.6,8.4
Equatorial Guinea,2002,Developing,53.5,334.0,3,6.0,234.8,80.9,24,19.1,4,44.0,2.5,36.0,2.9,2711.2,66647.0,1.4,1.3,0.5,8.2
Equatorial Guinea,2001,Developing,53.1,334.0,3,5.1,197.8,80.9,1339,18.7,4,43.0,1.8,35.0,2.3,2283.9,639762.0,1.6,1.4,0.5,8.0
Equatorial Guinea,2000,Developing,52.7,336.0,3,4.5,15.0,80.9,0,18.3,4,41.0,2.7,34.0,1.9,172.7,614323.0,1.7,1.6,0.0,0.0
Eritrea,2015,Developing,64.7,255.0,5,4.6,0.0,95.0,198,18.6,7,95.0,5.9,95.0,0.4,7483.2,12753375.1,8.4,8.2,0.4,5.0
Eritrea,2014,Developing,64.4,261.0,5,0.0,0.0,94.0,127,18.0,8,94.0,3.3,94.0,0.4,7483.2,12753375.1,8.5,8.3,0.4,5.0
Eritrea,2013,Developing,64.0,266.0,6,0.0,0.0,94.0,45,17.5,8,94.0,3.1,94.0,0.5,7483.2,12753375.1,8.6,8.4,0.4,5.0
Eritrea,2012,Developing,63.6,274.0,6,0.0,0.0,94.0,194,17.0,8,94.0,3.0,94.0,0.6,7483.2,12753375.1,8.7,8.6,0.4,5.0
Eritrea,2011,Developing,62.9,286.0,6,0.6,21.0,96.0,48,16.5,8,96.0,3.6,96.0,0.7,582.8,447469.0,8.8,8.7,0.4,5.0
Eritrea,2010,Developing,62.1,298.0,6,0.6,17.4,9.0,51,16.0,9,9.0,3.2,9.0,0.9,482.1,43984.0,8.9,8.8,0.4,5.1
Eritrea,2009,Developing,61.4,311.0,6,0.6,1.6,92.0,82,15.5,9,92.0,3.3,92.0,1.0,43.8,431334.0,9.0,8.9,0.4,5.2
Eritrea,2008,Developing,67.0,322.0,6,0.5,11.8,94.0,0,15.1,9,94.0,3.7,94.0,1.1,326.8,4232636.0,9.1,9.1,0.4,5.2
Eritrea,2007,Developing,62.0,329.0,6,1.2,11.4,91.0,55,14.7,9,91.0,3.3,91.0,1.3,317.3,4153332.0,9.2,9.2,0.4,5.3
Eritrea,2006,Developing,59.7,336.0,7,1.0,10.6,94.0,128,14.3,9,94.0,3.3,94.0,1.4,297.8,466648.0,9.3,9.3,0.4,5.3
Eritrea,2005,Developing,59.4,34.0,7,1.1,5.1,96.0,19,13.9,9,96.0,3.0,96.0,1.6,276.8,39697.0,9.4,9.5,0.0,5.4
Eritrea,2004,Developing,59.1,342.0,7,0.6,10.3,84.0,24,13.6,10,98.0,3.1,98.0,1.8,287.4,3858623.0,9.6,9.6,0.0,5.0
Eritrea,2003,Developing,58.8,343.0,7,0.6,6.9,91.0,376,13.3,10,95.0,3.5,93.0,1.9,232.8,3738265.0,9.7,9.7,0.0,4.7
Eritrea,2002,Developing,58.5,343.0,7,0.8,0.7,86.0,460,13.1,10,92.0,4.2,9.0,1.9,21.8,3614639.0,9.9,9.9,0.0,4.4
Eritrea,2001,Developing,58.1,345.0,7,0.6,5.6,80.9,204,12.8,10,89.0,4.0,86.0,2.0,215.1,3497124.0,1.0,1.0,0.0,4.3
Eritrea,2000,Developing,45.3,593.0,7,0.8,0.7,80.9,789,12.6,10,82.0,4.4,81.0,1.9,28.2,339281.0,1.2,1.1,0.0,3.9
Estonia,2015,Developing,77.6,119.0,0,4.6,0.0,91.0,4,59.9,0,93.0,5.9,93.0,0.1,1774.9,131547.0,1.9,1.9,0.9,16.5
Estonia,2014,Developing,77.3,122.0,0,0.0,2700.1,93.0,0,59.4,0,93.0,6.4,93.0,0.1,19941.5,1314545.0,1.9,1.9,0.9,16.5
Estonia,2013,Developing,76.9,127.0,0,0.0,261.3,93.0,2,59.0,0,94.0,6.5,94.0,0.1,1929.8,1317997.0,1.9,1.9,0.9,16.5
Estonia,2012,Developing,76.3,135.0,0,0.0,2263.1,94.0,4,58.5,0,94.0,6.4,94.0,0.1,17421.9,1322696.0,1.9,1.9,0.8,16.5
Estonia,2011,Developing,76.1,138.0,0,0.0,2146.9,94.0,7,58.0,0,93.0,5.8,93.0,0.1,17454.8,1327439.0,1.9,2.0,0.8,16.4
Estonia,2010,Developing,75.6,137.0,0,15.0,1802.0,94.0,0,57.6,0,94.0,6.2,94.0,0.1,14638.6,1331475.0,1.9,2.0,0.8,16.2
Estonia,2009,Developing,74.9,156.0,0,15.0,1717.1,95.0,0,57.1,0,95.0,6.9,95.0,0.1,14726.3,1334515.0,2.0,2.0,0.8,16.1
Estonia,2008,Developing,74.2,167.0,0,17.0,225.1,94.0,0,56.7,0,95.0,6.6,95.0,0.1,1894.5,13379.0,2.0,2.1,0.8,16.1
Estonia,2007,Developing,73.0,189.0,0,17.9,1904.1,95.0,1,56.3,0,95.0,5.2,95.0,0.1,16586.5,13468.0,2.0,2.1,0.8,16.1
Estonia,2006,Developing,73.0,188.0,0,16.6,244.4,95.0,27,55.9,0,95.0,5.1,95.0,0.1,12595.4,134681.0,2.1,2.2,0.8,16.1
Estonia,2005,Developing,72.8,189.0,0,15.5,153.5,95.0,2,55.5,0,96.0,5.2,96.0,0.1,1338.3,1354775.0,2.1,2.2,0.8,15.9
Estonia,2004,Developing,72.3,195.0,0,15.1,101.1,9.0,0,55.2,0,95.0,5.1,94.0,0.1,885.5,136255.0,2.2,2.3,0.8,15.7
Estonia,2003,Developing,71.9,199.0,0,11.6,132.7,80.9,0,54.9,0,95.0,4.9,94.0,0.1,7174.2,13772.0,2.2,2.3,0.8,15.6
Estonia,2002,Developing,71.2,211.0,0,11.5,7.8,80.9,0,54.6,0,94.0,4.8,94.0,0.1,538.3,137935.0,2.3,2.4,0.8,15.4
Estonia,2001,Developing,78.0,225.0,0,0.0,88.6,80.9,0,54.3,0,94.0,4.8,94.0,0.1,4499.0,1388115.0,2.4,2.5,0.8,15.0
Estonia,2000,Developing,78.0,218.0,0,0.0,5.3,80.9,9,54.0,0,93.0,5.3,93.0,0.1,47.3,1396985.0,2.5,2.5,0.8,14.4
Ethiopia,2015,Developing,64.8,225.0,136,4.6,0.0,77.0,17745,17.6,194,75.0,5.9,77.0,0.6,645.5,9987333.0,1.4,1.2,0.4,8.4
Ethiopia,2014,Developing,64.2,234.0,140,0.0,90.0,77.0,12739,17.2,202,75.0,4.9,77.0,0.6,571.2,97366774.0,1.5,1.3,0.4,8.4
Ethiopia,2013,Developing,63.7,237.0,145,1.9,8.3,72.0,5253,16.8,211,7.0,5.2,72.0,0.9,52.2,94887724.0,1.6,1.4,0.4,8.4
Ethiopia,2012,Developing,63.3,241.0,150,1.8,86.8,69.0,4347,16.4,221,7.0,5.8,69.0,1.2,468.6,92444183.0,1.7,1.5,0.4,8.4
Ethiopia,2011,Developing,62.6,249.0,156,1.3,67.8,65.0,3255,16.0,231,7.0,6.5,65.0,1.4,354.8,946756.0,1.9,1.6,0.4,8.2
Ethiopia,2010,Developing,61.8,261.0,162,1.3,67.7,62.0,4235,15.6,243,69.0,6.9,61.0,1.7,341.4,877267.0,11.0,1.7,0.4,8.1
Ethiopia,2009,Developing,68.0,274.0,169,1.2,53.8,56.0,1176,15.3,256,65.0,4.4,58.0,2.0,379.8,85416253.0,11.1,1.8,0.4,8.1
Ethiopia,2008,Developing,59.8,289.0,177,1.1,38.6,52.0,3511,14.9,270,63.0,4.3,54.0,2.4,325.4,83184892.0,11.2,1.9,0.4,7.6
Ethiopia,2007,Developing,58.5,39.0,186,1.1,30.5,47.0,1446,14.5,286,61.0,4.7,5.0,2.8,243.3,8149.0,11.3,11.0,0.4,7.1
Ethiopia,2006,Developing,57.2,328.0,196,1.2,22.2,80.9,1451,14.2,304,59.0,4.5,46.0,3.3,193.8,7885689.0,11.4,11.1,0.3,6.6
Ethiopia,2005,Developing,56.0,343.0,206,1.0,18.0,80.9,357,13.8,323,56.0,4.2,44.0,3.7,161.6,7672783.0,11.5,11.2,0.3,5.8
Ethiopia,2004,Developing,55.0,354.0,217,0.9,1.5,80.9,73,13.5,342,54.0,4.2,4.0,4.1,135.8,7462445.0,11.5,11.3,0.3,5.4
Ethiopia,2003,Developing,54.0,363.0,228,0.8,11.0,80.9,228,13.2,360,55.0,4.6,37.0,4.4,118.9,72545144.0,11.6,11.5,0.3,5.2
Ethiopia,2002,Developing,53.2,369.0,237,0.8,10.8,80.9,3332,12.9,377,55.0,4.7,35.0,4.6,111.4,7497192.0,11.7,11.6,0.3,4.9
Ethiopia,2001,Developing,52.5,372.0,246,0.8,1.2,80.9,2366,12.6,392,55.0,4.3,32.0,4.9,12.2,68492257.0,11.8,11.7,0.3,4.3
Ethiopia,2000,Developing,51.2,391.0,253,0.9,11.6,80.9,1660,12.3,404,55.0,4.4,3.0,5.0,123.9,66537331.0,11.9,11.8,0.0,3.9
Fiji,2015,Developing,69.9,188.0,0,4.6,0.0,99.0,0,62.7,0,99.0,5.9,99.0,0.1,4921.9,892149.0,4.0,3.7,0.7,15.3
Fiji,2014,Developing,69.7,19.0,0,0.0,50.5,99.0,0,61.9,0,99.0,4.5,99.0,0.1,546.4,88586.0,4.0,3.7,0.7,15.2
Fiji,2013,Developing,69.6,192.0,0,0.0,460.6,99.0,0,61.1,0,99.0,4.3,99.0,0.1,4763.7,879715.0,4.0,3.7,0.7,15.0
Fiji,2012,Developing,69.4,195.0,0,0.0,431.5,99.0,0,6.2,0,99.0,4.2,99.0,0.1,4546.7,873596.0,4.0,3.7,0.7,14.9
Fiji,2011,Developing,69.2,197.0,0,0.0,401.8,99.0,0,59.5,0,99.0,4.6,99.0,0.1,4353.1,86786.0,4.0,3.7,0.7,14.7
Fiji,2010,Developing,69.1,2.0,0,2.2,62.1,99.0,0,58.7,0,99.0,4.2,99.0,0.1,3652.0,85995.0,4.0,3.7,0.7,14.6
Fiji,2009,Developing,68.9,23.0,0,2.3,60.7,99.0,1,58.0,0,99.0,4.3,99.0,0.1,3369.5,851967.0,4.0,3.7,0.7,14.5
Fiji,2008,Developing,68.7,26.0,0,1.9,81.0,99.0,0,57.3,0,99.0,3.7,99.0,0.1,4177.7,84334.0,4.0,3.7,0.7,14.3
Fiji,2007,Developing,68.6,29.0,0,2.1,5.9,99.0,0,56.6,0,99.0,3.7,99.0,0.1,478.8,834812.0,4.1,3.8,0.7,14.2
Fiji,2006,Developing,68.5,211.0,0,2.1,52.1,99.0,136,55.9,0,98.0,3.8,98.0,0.1,3749.9,827411.0,4.1,3.8,0.7,14.0
Fiji,2005,Developing,68.3,214.0,0,2.0,64.4,99.0,0,55.1,0,97.0,3.6,96.0,0.1,3658.6,821817.0,4.1,3.8,0.7,13.9
Fiji,2004,Developing,68.1,218.0,0,1.6,44.0,99.0,37,54.2,0,96.0,3.6,95.0,0.1,3332.9,818354.0,4.2,3.9,0.7,13.4
Fiji,2003,Developing,68.0,22.0,0,1.8,253.8,99.0,305,53.2,0,95.0,3.4,94.0,0.1,2836.0,816628.0,4.2,3.9,0.7,13.3
Fiji,2002,Developing,67.9,22.0,0,1.9,206.1,99.0,304,52.2,0,94.0,3.5,93.0,0.1,2259.6,815691.0,4.2,3.9,0.7,13.3
Fiji,2001,Developing,67.8,221.0,0,1.9,20.7,98.0,17,51.2,0,92.0,3.3,91.0,0.1,238.9,814218.0,4.3,4.0,0.7,13.2
Fiji,2000,Developing,67.7,221.0,0,2.0,31.3,98.0,0,5.2,0,91.0,3.9,9.0,0.1,276.1,811223.0,4.3,4.0,0.7,13.1
Finland,2015,Developing,81.1,76.0,0,4.6,0.0,80.9,2,62.1,0,97.0,5.9,97.0,0.1,4245.4,5479531.0,0.9,0.8,0.9,17.0
Finland,2014,Developing,89.0,78.0,0,8.8,6164.5,80.9,0,61.7,0,98.0,9.7,98.0,0.1,49914.6,5461512.0,0.9,0.8,0.9,17.0
Finland,2013,Developing,87.0,79.0,0,9.0,6115.5,80.9,2,61.4,0,98.0,9.6,98.0,0.1,49638.8,5438972.0,0.9,0.8,0.9,17.0
Finland,2012,Developing,84.0,82.0,0,9.2,5889.0,80.9,0,61.0,0,99.0,9.3,99.0,0.1,47415.6,5413971.0,0.9,0.8,0.9,17.0
Finland,2011,Developing,83.0,86.0,0,9.8,71.0,80.9,27,6.6,0,99.0,9.1,99.0,0.1,579.7,5388272.0,0.9,0.8,0.9,16.9
Finland,2010,Developing,79.9,89.0,0,9.7,591.7,80.9,5,6.2,0,99.0,9.5,99.0,0.1,4622.4,5363352.0,0.9,0.8,0.9,16.8
Finland,2009,Developing,79.7,91.0,0,10.0,579.7,80.9,2,59.8,0,99.0,9.2,99.0,0.1,4717.2,5338871.0,0.9,0.8,0.9,17.0
Finland,2008,Developing,79.6,94.0,0,10.3,678.9,80.9,5,59.4,0,97.0,8.3,99.0,0.1,5341.3,5313399.0,0.9,0.8,0.9,17.1
Finland,2007,Developing,79.3,96.0,0,10.4,6147.1,80.9,0,59.0,0,97.0,8.9,99.0,0.1,48288.5,528872.0,0.9,0.8,0.9,17.2
Finland,2006,Developing,79.2,96.0,0,10.2,524.8,80.9,0,58.6,0,97.0,8.4,97.0,0.1,4112.7,5266268.0,0.9,0.8,0.9,17.2
Finland,2005,Developing,78.9,11.0,0,9.9,4816.6,80.9,1,58.1,0,97.0,8.4,97.0,0.1,38969.2,524696.0,0.9,0.8,0.9,17.1
Finland,2004,Developing,78.7,12.0,0,9.9,4508.8,80.9,0,57.6,0,96.0,8.2,98.0,0.1,37636.1,5228172.0,0.9,0.8,0.9,18.3
Finland,2003,Developing,78.4,98.0,0,9.3,3869.0,80.9,0,57.1,0,96.0,8.2,98.0,0.1,32816.2,521314.0,0.9,0.8,0.9,18.1
Finland,2002,Developing,78.1,98.0,0,9.2,3099.4,80.9,0,56.6,0,95.0,7.8,98.0,0.1,26834.3,52598.0,0.9,0.8,0.9,18.0
Finland,2001,Developing,78.0,1.0,0,8.9,2775.3,80.9,1,56.1,0,95.0,7.4,98.0,0.1,24913.2,51888.0,0.9,0.8,0.9,17.7
Finland,2000,Developing,77.5,15.0,0,8.6,397.8,80.9,0,55.5,0,96.0,7.2,99.0,0.1,24253.3,517629.0,0.9,0.9,0.8,17.3
France,2015,Developing,82.4,78.0,2,4.6,0.0,86.0,157,62.5,3,98.0,5.9,98.0,0.1,36526.8,6662468.0,0.7,0.6,0.9,16.3
France,2014,Developing,82.2,79.0,3,11.5,6739.7,83.0,267,62.0,3,98.0,11.5,98.0,0.1,42955.2,66331957.0,0.6,0.6,0.9,16.2
France,2013,Developing,82.0,81.0,3,11.1,6647.0,74.0,272,61.6,3,99.0,11.6,99.0,0.1,42554.1,6599857.0,0.6,0.6,0.9,16.2
France,2012,Developing,81.5,83.0,3,11.5,751.4,78.0,0,61.1,3,99.0,11.4,99.0,0.1,4838.2,6565979.0,0.6,0.6,0.9,16.1
France,2011,Developing,81.7,83.0,3,11.8,683.9,74.0,14949,6.6,3,99.0,11.3,99.0,0.1,4381.3,65342776.0,0.6,0.6,0.9,16.1
France,2010,Developing,81.3,86.0,3,11.7,72.8,65.0,5048,6.1,3,99.0,11.2,99.0,0.1,473.3,6527512.0,0.6,0.6,0.9,16.0
France,2009,Developing,81.1,88.0,3,11.8,6415.4,51.0,1541,59.6,3,98.0,11.3,98.0,0.1,41631.1,647744.0,0.6,0.6,0.9,16.0
France,2008,Developing,89.0,88.0,3,11.9,7002.8,47.0,604,59.1,3,98.0,1.6,98.0,0.1,45413.7,6437499.0,0.6,0.6,0.9,16.1
France,2007,Developing,89.0,89.0,3,12.2,64.7,42.0,39,58.6,3,99.0,1.4,98.0,0.1,416.6,6416229.0,0.6,0.6,0.9,16.1
France,2006,Developing,86.0,92.0,3,12.4,5690.0,39.0,40,58.0,4,99.0,1.5,99.0,0.1,36544.6,63621376.0,0.6,0.6,0.9,16.1
France,2005,Developing,81.0,93.0,3,12.2,5451.7,35.0,36,57.5,4,98.0,1.6,98.0,0.1,34879.7,63179356.0,0.6,0.6,0.9,15.5
France,2004,Developing,82.0,94.0,3,13.2,5291.2,35.0,4448,57.0,4,99.0,1.5,98.0,0.1,33874.7,6274897.0,0.6,0.6,0.9,15.5
France,2003,Developing,79.3,99.0,3,13.5,4572.4,28.0,0,56.4,4,96.0,1.4,97.0,0.1,29691.2,62244884.0,0.6,0.6,0.9,15.4
France,2002,Developing,79.2,11.0,3,13.8,3779.7,29.0,5185,55.8,4,97.0,1.2,97.0,0.1,24275.2,6185267.0,0.7,0.6,0.9,15.5
France,2001,Developing,79.0,13.0,3,13.9,3451.2,28.0,0,55.2,4,98.0,9.9,97.0,0.1,22527.3,61357431.0,0.7,0.6,0.8,15.6
France,2000,Developing,78.8,13.0,3,13.6,3410.3,26.0,10000,54.6,4,98.0,9.8,97.0,0.1,22465.6,6912498.0,0.7,0.6,0.8,15.7
Gabon,2015,Developing,66.0,229.0,2,4.6,0.0,8.0,27,36.3,3,79.0,5.9,8.0,2.7,7389.0,193175.0,6.1,5.9,0.7,12.6
Gabon,2014,Developing,65.5,237.0,2,0.0,715.3,7.0,33,35.8,3,68.0,3.4,7.0,2.8,9692.2,1875713.0,6.1,6.0,0.7,12.6
Gabon,2013,Developing,64.6,255.0,2,8.9,154.9,79.0,122,35.2,3,77.0,4.0,79.0,3.7,9679.7,1817271.0,6.2,6.1,0.7,12.5
Gabon,2012,Developing,63.5,276.0,2,8.3,805.4,82.0,2,34.6,3,8.0,3.1,82.0,4.9,9774.2,1756817.0,6.3,6.2,0.7,12.5
Gabon,2011,Developing,62.8,289.0,2,8.9,133.5,75.0,2,34.1,3,75.0,3.1,75.0,6.0,1716.2,169711.0,6.4,6.3,0.7,12.5
Gabon,2010,Developing,62.3,294.0,2,8.8,145.3,67.0,1,33.5,3,68.0,3.4,67.0,7.0,8754.1,16421.0,6.5,6.4,0.7,12.5
Gabon,2009,Developing,61.7,31.0,2,8.6,52.3,79.0,0,33.0,3,74.0,3.4,76.0,8.0,763.7,1586754.0,6.7,6.5,0.7,12.4
Gabon,2008,Developing,61.6,298.0,2,8.8,11.1,82.0,3,32.4,3,81.0,2.5,82.0,8.9,194.3,1536411.0,6.8,6.6,0.7,12.4
Gabon,2007,Developing,61.6,291.0,2,9.0,545.4,75.0,0,31.9,3,78.0,2.9,81.0,10.0,8352.8,1489193.0,6.9,6.8,0.6,12.4
Gabon,2006,Developing,61.4,288.0,2,8.0,40.5,52.0,90,31.4,3,44.0,2.9,45.0,10.7,727.8,1444844.0,7.1,6.9,0.6,12.4
Gabon,2005,Developing,65.0,37.0,2,7.7,353.2,28.0,0,3.8,3,44.0,2.8,45.0,10.9,6741.3,143126.0,7.2,7.1,0.6,12.4
Gabon,2004,Developing,59.7,322.0,2,8.1,443.5,80.9,63,3.3,3,44.0,3.3,45.0,11.1,5685.6,136425.0,7.4,7.2,0.6,12.3
Gabon,2003,Developing,59.7,32.0,2,6.5,352.2,80.9,0,29.8,3,44.0,3.5,45.0,11.0,4892.1,1328146.0,7.5,7.4,0.6,12.3
Gabon,2002,Developing,59.7,315.0,2,8.3,22.7,80.9,110,29.2,3,44.0,3.2,45.0,10.7,412.6,129449.0,7.7,7.5,0.6,12.3
Gabon,2001,Developing,59.8,37.0,2,9.3,183.7,80.9,5129,28.7,3,44.0,3.2,45.0,10.1,3976.1,1262259.0,7.8,7.7,0.6,12.3
Gabon,2000,Developing,61.0,296.0,2,8.9,218.2,80.9,15,28.1,3,44.0,2.9,45.0,9.5,4116.5,1231122.0,8.0,7.8,0.6,12.2
Gambia,2015,Developing,61.1,262.0,3,4.6,0.0,97.0,71,27.3,5,96.0,5.9,97.0,1.7,7483.2,12753375.1,7.3,7.2,0.5,8.9
Gambia,2014,Developing,68.0,266.0,3,0.0,0.0,96.0,1,26.7,5,97.0,7.3,96.0,1.7,7483.2,12753375.1,7.5,7.3,0.4,8.9
Gambia,2013,Developing,66.0,266.0,3,0.0,0.0,97.0,0,26.0,5,96.0,6.5,97.0,1.6,7483.2,12753375.1,7.6,7.5,0.4,8.9
Gambia,2012,Developing,62.0,269.0,3,0.0,0.0,98.0,0,25.4,5,98.0,6.1,98.0,1.4,7483.2,12753375.1,7.8,7.7,0.4,8.8
Gambia,2011,Developing,59.8,277.0,3,3.4,0.0,96.0,0,24.8,5,95.0,6.2,96.0,1.8,7483.2,12753375.1,8.0,7.9,0.4,8.7
Gambia,2010,Developing,59.3,284.0,3,3.5,0.0,97.0,2,24.1,6,97.0,5.8,97.0,2.1,7483.2,12753375.1,8.2,8.1,0.4,8.8
Gambia,2009,Developing,59.0,286.0,3,3.0,0.0,97.0,0,23.5,6,97.0,5.8,98.0,2.7,7483.2,12753375.1,8.4,8.3,0.4,8.9
Gambia,2008,Developing,58.7,287.0,3,2.8,0.0,98.0,0,22.8,6,96.0,6.0,96.0,3.0,7483.2,12753375.1,8.6,8.5,0.4,8.6
Gambia,2007,Developing,58.5,288.0,3,2.6,0.0,97.0,0,22.2,6,94.0,5.8,95.0,3.1,7483.2,12753375.1,8.8,8.7,0.4,8.4
Gambia,2006,Developing,58.2,288.0,3,2.9,0.0,95.0,0,21.5,6,94.0,5.5,95.0,3.0,7483.2,12753375.1,9.0,8.9,0.4,8.1
Gambia,2005,Developing,57.7,294.0,3,2.3,0.0,95.0,0,2.9,6,94.0,5.0,95.0,3.0,7483.2,12753375.1,9.2,9.1,0.4,7.8
Gambia,2004,Developing,57.3,296.0,3,2.5,0.0,95.0,0,2.3,6,88.0,4.3,87.0,2.9,7483.2,12753375.1,9.4,9.3,0.4,7.6
Gambia,2003,Developing,57.0,297.0,3,2.5,0.0,94.0,119,19.7,6,87.0,4.2,87.0,2.7,7483.2,12753375.1,9.6,9.6,0.4,7.3
Gambia,2002,Developing,56.6,298.0,3,2.1,0.0,92.0,32,19.1,6,86.0,3.8,87.0,2.5,7483.2,12753375.1,9.8,9.8,0.4,7.0
Gambia,2001,Developing,56.3,3.0,3,2.2,0.0,91.0,99,18.5,6,85.0,3.7,87.0,2.3,7483.2,12753375.1,1.0,1.0,0.4,6.8
Gambia,2000,Developing,55.9,33.0,3,2.2,0.0,91.0,336,18.0,6,84.0,3.6,8.0,2.0,7483.2,12753375.1,1.2,1.2,0.4,6.5
Georgia,2015,Developing,74.4,129.0,1,4.6,0.0,94.0,431,56.2,1,91.0,5.9,94.0,0.1,3764.6,37171.0,2.7,2.8,0.8,13.9
Georgia,2014,Developing,74.5,125.0,1,6.1,221.5,91.0,3188,55.3,1,91.0,7.4,91.0,0.1,4429.7,3727.0,2.7,2.8,0.8,13.5
Georgia,2013,Developing,74.5,128.0,1,5.9,180.4,96.0,7872,54.4,1,94.0,7.2,93.0,0.1,4274.4,3776.0,2.7,2.8,0.8,13.5
Georgia,2012,Developing,74.2,13.0,1,7.7,158.3,92.0,31,53.6,1,93.0,8.6,92.0,0.1,4142.9,3825.0,2.6,2.8,0.7,13.4
Georgia,2011,Developing,73.9,127.0,1,8.1,198.9,89.0,64,52.8,1,88.0,9.4,94.0,0.1,3725.6,3875.0,2.6,2.8,0.7,13.3
Georgia,2010,Developing,73.8,132.0,1,7.2,194.2,95.0,22,52.0,1,88.0,1.5,92.0,0.1,2964.5,3926.0,2.6,2.8,0.7,13.3
Georgia,2009,Developing,73.2,133.0,1,6.7,18.5,54.0,23,51.3,1,93.0,1.2,88.0,0.1,276.6,3978.0,2.6,2.8,0.7,12.8
Georgia,2008,Developing,73.9,128.0,1,7.2,151.8,89.0,56,5.5,1,9.0,9.0,92.0,0.1,3174.9,43.0,2.6,2.8,0.7,13.1
Georgia,2007,Developing,74.4,12.0,1,8.7,106.2,94.0,44,49.9,1,88.0,8.2,98.0,0.1,2492.1,482.0,2.7,2.9,0.7,12.5
Georgia,2006,Developing,73.9,126.0,1,6.2,110.1,84.0,334,49.2,1,89.0,8.4,88.0,0.1,1872.7,4136.0,2.7,2.9,0.7,12.6
Georgia,2005,Developing,73.9,128.0,1,4.7,9.4,79.0,1356,48.6,1,82.0,8.6,82.0,0.1,153.6,419.0,2.8,2.9,0.7,12.2
Georgia,2004,Developing,72.3,134.0,1,3.7,7.1,64.0,6847,48.1,1,66.0,8.5,78.0,0.1,127.4,4245.0,2.8,3.0,0.7,12.0
Georgia,2003,Developing,72.7,132.0,1,3.4,70.5,48.0,216,47.5,2,74.0,8.5,75.0,0.1,928.2,431.0,2.9,3.0,0.7,11.8
Georgia,2002,Developing,71.7,142.0,2,2.7,60.6,51.0,199,47.0,2,89.0,8.7,84.0,0.1,779.4,4357.0,2.9,3.0,0.7,11.8
Georgia,2001,Developing,73.0,121.0,2,2.8,57.1,61.0,35,46.5,2,83.0,7.8,87.0,0.1,734.0,43864.0,3.0,3.1,0.7,11.7
Georgia,2000,Developing,71.8,129.0,2,3.3,47.8,55.0,50,46.0,2,81.0,6.9,8.0,0.1,692.0,44183.0,3.1,3.1,0.0,11.4
Germany,2015,Developed,81.0,68.0,2,4.6,0.0,88.0,2464,62.3,3,94.0,5.9,95.0,0.1,41176.9,81686611.0,1.1,1.1,0.9,17.1
Germany,2014,Developed,89.0,69.0,2,11.0,941.8,88.0,443,61.9,3,94.0,11.3,95.0,0.1,4792.7,89825.0,1.1,1.1,0.9,17.0
Germany,2013,Developed,86.0,71.0,2,10.9,895.9,88.0,1771,61.4,3,94.0,11.2,95.0,0.1,4653.9,864565.0,1.1,1.1,0.9,16.9
Germany,2012,Developed,86.0,71.0,2,11.2,839.9,88.0,166,6.9,3,94.0,2.0,95.0,0.1,4465.2,8425823.0,1.1,1.1,0.9,16.9
Germany,2011,Developed,85.0,74.0,2,11.2,869.8,88.0,1607,6.4,3,94.0,1.9,95.0,0.1,4681.3,8274983.0,1.1,1.1,0.9,16.8
Germany,2010,Developed,81.0,76.0,2,11.2,7584.1,88.0,780,59.9,3,94.0,11.2,95.0,0.1,41785.6,8177693.0,1.1,1.1,0.9,16.7
Germany,2009,Developed,80.0,79.0,2,11.2,7641.3,88.0,574,59.5,3,95.0,11.4,96.0,0.1,41732.8,819237.0,1.1,1.1,0.9,16.7
Germany,2008,Developed,79.9,8.0,2,11.4,8285.3,87.0,917,59.0,3,95.0,1.4,96.0,0.1,45699.2,821197.0,1.1,1.1,0.9,16.6
Germany,2007,Developed,79.8,82.0,3,11.5,7777.6,86.0,567,58.5,3,95.0,1.2,96.0,0.1,41814.8,82266372.0,1.1,1.1,0.9,16.6
Germany,2006,Developed,79.6,84.0,3,11.8,6407.5,87.0,2307,58.0,3,94.0,1.3,96.0,0.1,36447.9,82376451.0,1.1,1.1,0.9,16.5
Germany,2005,Developed,79.2,85.0,3,11.7,6012.9,9.0,778,57.6,3,95.0,1.5,96.0,0.1,34696.6,82469422.0,1.1,1.1,0.9,16.4
Germany,2004,Developed,79.1,86.0,3,11.8,5842.4,88.0,121,57.1,3,96.0,1.4,96.0,0.1,34165.9,8251626.0,1.1,1.1,0.9,16.4
Germany,2003,Developed,78.5,9.0,3,11.9,582.6,9.0,779,56.6,4,96.0,1.6,97.0,0.1,3360.0,82534176.0,1.1,1.1,0.9,16.3
Germany,2002,Developed,78.4,91.0,3,12.2,437.1,87.0,4657,56.1,4,97.0,1.4,93.0,0.1,2525.2,82488495.0,1.2,1.1,0.9,16.3
Germany,2001,Developed,78.3,92.0,3,12.5,4057.6,86.0,6024,55.6,4,96.0,1.1,93.0,0.1,23687.3,82349925.0,1.2,1.1,0.9,16.2
Germany,2000,Developed,78.0,95.0,3,12.9,4238.5,84.0,0,55.1,4,94.0,1.1,9.0,0.1,23718.7,8221158.0,1.2,1.2,0.9,16.2
Ghana,2015,Developing,62.4,249.0,37,4.6,0.0,88.0,23,28.6,52,88.0,5.9,88.0,0.7,1361.1,27582821.0,6.2,6.1,0.6,11.4
Ghana,2014,Developing,62.1,253.0,37,0.0,97.7,98.0,124,28.0,54,93.0,3.6,98.0,0.8,1432.2,26962563.0,6.4,6.3,0.6,11.7
Ghana,2013,Developing,61.9,254.0,38,0.0,28.7,9.0,319,27.3,55,91.0,4.6,9.0,0.9,1814.5,26346251.0,6.6,6.4,0.6,11.5
Ghana,2012,Developing,61.6,257.0,39,0.0,151.9,92.0,1613,26.7,56,91.0,4.8,92.0,0.9,1629.8,2573349.0,6.7,6.6,0.6,11.2
Ghana,2011,Developing,61.2,263.0,40,1.6,225.2,91.0,120,26.1,58,91.0,4.8,91.0,1.3,1575.0,25121796.0,6.9,6.8,0.6,10.9
Ghana,2010,Developing,69.0,267.0,40,1.7,196.0,94.0,641,25.5,59,94.0,5.3,94.0,1.9,1312.7,2451214.0,7.1,7.0,0.5,10.5
Ghana,2009,Developing,66.0,271.0,41,1.8,30.7,94.0,101,24.9,60,94.0,5.2,94.0,2.1,186.8,2393831.0,7.3,7.2,0.5,10.4
Ghana,2008,Developing,63.0,275.0,41,1.8,161.0,93.0,82,24.2,61,92.0,4.8,93.0,2.2,1224.4,2329864.0,7.5,7.4,0.5,9.8
Ghana,2007,Developing,59.9,28.0,41,1.2,3.2,94.0,6,23.6,61,94.0,5.3,94.0,2.6,19.7,227212.0,7.7,7.6,0.5,9.1
Ghana,2006,Developing,59.4,288.0,41,1.7,129.0,84.0,420,23.0,62,84.0,4.6,84.0,2.9,922.9,22113425.0,7.9,7.9,0.5,8.7
Ghana,2005,Developing,58.9,296.0,41,1.5,78.7,84.0,435,22.4,62,85.0,4.5,84.0,3.1,498.2,215429.0,8.1,8.1,0.5,8.1
Ghana,2004,Developing,58.3,34.0,41,1.5,53.2,8.0,60,21.8,62,81.0,4.0,8.0,3.2,423.2,2986536.0,8.4,8.3,0.5,7.7
Ghana,2003,Developing,57.9,38.0,41,1.5,31.1,8.0,1939,21.2,63,8.0,3.1,8.0,3.4,373.3,2446782.0,8.6,8.5,0.5,7.9
Ghana,2002,Developing,57.6,31.0,42,1.6,3.3,8.0,12289,2.7,63,8.0,3.7,78.0,3.5,39.5,19924522.0,8.8,8.8,0.5,7.6
Ghana,2001,Developing,57.4,39.0,42,1.5,25.6,80.9,13476,2.1,64,81.0,3.6,79.0,3.5,273.7,1942165.0,9.0,9.0,0.5,8.0
Ghana,2000,Developing,57.2,38.0,43,1.6,20.7,80.9,23068,19.5,65,88.0,3.0,88.0,3.6,263.1,18938762.0,9.2,9.2,0.5,7.7
Greece,2015,Developing,81.0,72.0,0,4.6,0.0,96.0,1,66.5,0,99.0,5.9,99.0,0.1,187.8,182883.0,0.8,0.7,0.9,17.2
Greece,2014,Developing,88.0,73.0,0,7.5,2163.0,96.0,1,66.0,0,99.0,8.8,99.0,0.1,21673.8,1892413.0,0.8,0.7,0.9,17.2
Greece,2013,Developing,86.0,74.0,0,7.5,2183.1,98.0,3,65.4,0,99.0,9.3,99.0,0.1,21874.8,1965211.0,0.8,0.7,0.9,17.1
Greece,2012,Developing,84.0,76.0,0,8.2,2529.0,98.0,3,64.9,0,99.0,9.2,99.0,0.1,22242.7,114511.0,0.8,0.7,0.9,16.8
Greece,2011,Developing,85.0,76.0,0,8.0,3192.9,95.0,40,64.3,0,99.0,9.8,99.0,0.1,25916.3,1114899.0,0.8,0.7,0.9,16.7
Greece,2010,Developing,83.0,76.0,0,9.0,3189.8,95.0,149,63.7,0,99.0,9.2,99.0,0.1,26917.8,11121341.0,0.8,0.7,0.9,16.4
Greece,2009,Developing,80.0,78.0,0,9.1,372.7,95.0,2,63.1,0,99.0,9.8,99.0,0.1,2972.0,111717.0,0.8,0.7,0.9,16.2
Greece,2008,Developing,79.9,77.0,0,9.5,3682.9,95.0,1,62.4,0,99.0,9.8,99.0,0.1,31997.3,1177841.0,0.8,0.7,0.9,15.9
Greece,2007,Developing,79.4,8.0,0,9.7,3632.2,95.0,2,61.8,0,99.0,9.4,99.0,0.1,28827.3,1148473.0,0.8,0.7,0.9,16.4
Greece,2006,Developing,79.7,77.0,0,9.4,318.6,94.0,0,61.2,1,98.0,9.3,98.0,0.1,2481.2,112362.0,0.8,0.7,0.8,16.3
Greece,2005,Developing,79.3,81.0,0,9.9,2785.1,93.0,122,6.5,1,96.0,9.4,96.0,0.1,22551.7,1987314.0,0.8,0.7,0.8,15.6
Greece,2004,Developing,79.2,81.0,0,9.6,287.6,92.0,1,59.9,1,95.0,8.3,95.0,0.1,21955.1,1955141.0,0.8,0.8,0.8,15.3
Greece,2003,Developing,79.1,81.0,0,9.5,2124.9,92.0,0,59.2,1,93.0,8.6,94.0,0.1,18477.6,19287.0,0.8,0.8,0.8,15.2
Greece,2002,Developing,79.0,81.0,1,8.1,160.9,91.0,5,58.6,1,92.0,8.7,92.0,0.1,1411.3,19222.0,0.8,0.8,0.8,14.6
Greece,2001,Developing,78.7,83.0,1,8.6,1403.0,9.0,12,58.0,1,9.0,8.5,91.0,0.1,12538.2,1862132.0,0.9,0.8,0.8,14.2
Greece,2000,Developing,78.2,84.0,1,8.5,122.2,89.0,56,57.4,1,89.0,7.6,89.0,0.1,1243.0,18588.0,0.9,0.8,0.8,13.9
Grenada,2015,Developing,73.6,142.0,0,4.6,0.0,92.0,0,48.4,0,99.0,5.9,92.0,0.1,9212.2,12753375.1,3.8,3.8,0.8,15.8
Grenada,2014,Developing,73.5,143.0,0,8.4,789.3,97.0,0,47.4,0,81.0,6.1,97.0,0.1,8569.8,12753375.1,3.8,3.8,0.7,15.8
Grenada,2013,Developing,73.3,144.0,0,8.2,780.4,97.0,0,46.5,0,98.0,6.2,97.0,0.1,7955.6,12753375.1,3.8,3.8,0.7,15.8
Grenada,2012,Developing,73.1,146.0,0,8.1,866.0,97.0,0,45.6,0,98.0,6.4,97.0,0.1,7583.2,12753375.1,3.8,3.8,0.7,15.8
Grenada,2011,Developing,72.9,15.0,0,7.8,11.6,94.0,0,44.7,0,95.0,6.3,95.0,0.1,741.5,12753375.1,3.8,3.8,0.7,15.8
Grenada,2010,Developing,72.6,154.0,0,7.9,145.8,97.0,0,43.9,0,94.0,6.4,97.0,0.1,7365.7,12753375.1,3.8,3.8,0.0,15.8
Grenada,2009,Developing,72.4,158.0,0,8.4,146.4,99.0,0,43.1,0,99.0,6.2,99.0,0.1,7395.9,12753375.1,3.8,3.8,0.0,15.6
Grenada,2008,Developing,72.1,162.0,0,8.9,755.0,99.0,0,42.4,0,99.0,5.8,99.0,0.1,7946.9,12753375.1,3.8,3.9,0.0,15.4
Grenada,2007,Developing,71.9,164.0,0,9.1,95.2,96.0,0,41.8,0,96.0,5.9,96.0,0.1,7322.6,12753375.1,3.9,3.9,0.0,15.3
Grenada,2006,Developing,71.7,167.0,0,9.1,662.3,91.0,0,41.1,0,91.0,6.0,91.0,0.1,6764.7,12753375.1,3.9,3.9,0.0,15.1
Grenada,2005,Developing,71.5,169.0,0,8.8,119.6,99.0,0,4.5,0,99.0,5.5,99.0,0.1,6754.5,12753375.1,3.9,4.0,0.0,14.9
Grenada,2004,Developing,73.0,187.0,0,8.4,101.0,83.0,0,39.9,0,84.0,5.2,83.0,0.1,5836.2,12753375.1,4.0,4.0,0.0,14.8
Grenada,2003,Developing,71.1,173.0,0,9.8,77.9,97.0,0,39.4,0,98.0,5.9,97.0,0.1,5773.7,12753375.1,4.0,4.1,0.0,14.6
Grenada,2002,Developing,79.0,176.0,0,10.7,513.3,98.0,0,38.8,0,98.0,6.7,98.0,0.1,5292.2,12753375.1,4.1,4.1,0.0,14.4
Grenada,2001,Developing,77.0,178.0,0,9.6,81.1,96.0,0,38.2,0,96.0,7.7,96.0,0.1,520.0,12753375.1,4.2,4.2,0.0,14.3
Grenada,2000,Developing,74.0,182.0,0,9.4,676.5,80.9,0,37.7,0,97.0,6.6,97.0,0.1,5117.6,12753375.1,4.3,4.2,0.0,14.1
Guatemala,2015,Developing,71.9,186.0,10,4.6,0.0,74.0,0,5.6,12,9.0,5.9,74.0,0.4,3923.6,16252429.0,1.2,1.2,0.6,10.7
Guatemala,2014,Developing,71.7,187.0,10,1.9,657.5,73.0,0,49.9,13,65.0,6.2,73.0,0.4,3687.8,15923559.0,1.2,1.2,0.6,10.7
Guatemala,2013,Developing,71.4,189.0,11,1.9,582.1,85.0,0,49.3,13,84.0,6.3,85.0,0.4,3452.8,15596214.0,1.2,1.2,0.6,10.7
Guatemala,2012,Developing,71.3,189.0,11,2.0,484.7,96.0,0,48.6,13,94.0,6.3,96.0,0.4,3299.7,1527156.0,1.2,1.2,0.6,10.6
Guatemala,2011,Developing,71.1,193.0,11,2.2,457.8,88.0,0,47.9,14,88.0,6.3,88.0,0.4,3187.8,14948919.0,1.2,1.2,0.6,10.5
Guatemala,2010,Developing,77.0,196.0,12,2.1,443.3,94.0,0,47.2,14,94.0,6.6,94.0,0.4,2825.5,1463417.0,1.3,1.3,0.6,10.5
Guatemala,2009,Developing,76.0,198.0,12,2.1,445.4,92.0,0,46.5,15,92.0,6.8,92.0,0.4,2635.8,1431628.0,1.3,1.3,0.6,10.4
Guatemala,2008,Developing,79.0,19.0,13,2.2,472.2,95.0,0,45.9,15,96.0,6.7,95.0,0.4,2794.2,146366.0,1.3,1.3,0.6,10.4
Guatemala,2007,Developing,75.0,192.0,13,2.4,381.0,85.0,0,45.2,16,85.0,6.9,85.0,0.4,2490.0,137286.0,1.3,1.3,0.6,10.1
Guatemala,2006,Developing,69.7,24.0,14,2.4,352.0,89.0,0,44.5,17,9.0,7.7,89.0,0.4,2256.6,133978.0,1.4,1.4,0.6,9.8
Guatemala,2005,Developing,69.2,28.0,14,2.4,41.5,87.0,0,43.8,18,87.0,6.8,87.0,0.4,277.8,139628.0,1.4,1.4,0.6,9.6
Guatemala,2004,Developing,69.6,21.0,15,2.4,288.4,80.9,0,43.1,18,88.0,6.8,87.0,0.4,1872.7,12796925.0,1.4,1.4,0.6,9.3
Guatemala,2003,Developing,69.4,24.0,15,2.5,249.3,80.9,0,42.4,19,84.0,6.9,84.0,0.4,1753.3,125478.0,1.4,1.4,0.6,9.0
Guatemala,2002,Developing,69.3,21.0,16,2.4,25.3,80.9,0,41.7,20,82.0,6.7,82.0,0.3,171.8,1228848.0,1.5,1.5,0.6,8.8
Guatemala,2001,Developing,68.4,211.0,16,2.5,225.1,80.9,0,41.1,20,78.0,6.8,77.0,0.3,1568.4,11924946.0,1.5,1.5,0.5,8.5
Guatemala,2000,Developing,67.7,221.0,17,2.6,238.7,80.9,0,4.4,21,8.0,5.2,81.0,0.2,1655.6,1165743.0,1.6,1.6,0.5,8.2
Guinea,2015,Developing,59.0,284.0,26,4.6,0.0,54.0,243,23.3,40,42.0,5.9,54.0,0.5,554.5,1291533.0,7.3,7.3,0.4,8.8
Guinea,2014,Developing,58.1,299.0,27,0.0,50.6,51.0,175,22.7,41,42.0,5.6,51.0,0.5,562.0,118559.0,7.5,7.4,0.4,8.6
Guinea,2013,Developing,58.8,284.0,27,0.0,5.1,63.0,53,22.2,41,63.0,5.5,63.0,1.0,54.2,11536615.0,7.7,7.6,0.4,8.5
Guinea,2012,Developing,58.4,288.0,28,0.0,4.3,62.0,6,21.7,42,63.0,5.4,62.0,1.9,52.3,11281469.0,7.8,7.8,0.4,8.5
Guinea,2011,Developing,58.1,29.0,28,0.2,42.3,63.0,11,21.2,43,63.0,4.7,63.0,2.0,459.3,113517.0,8.0,8.0,0.4,8.4
Guinea,2010,Developing,57.8,291.0,29,0.2,29.7,64.0,45,2.8,44,62.0,4.5,64.0,2.2,438.8,179417.0,8.2,8.2,0.4,8.3
Guinea,2009,Developing,57.3,297.0,29,0.2,24.8,57.0,264,2.3,46,6.0,3.9,57.0,2.3,436.7,1556524.0,8.4,8.4,0.4,8.1
Guinea,2008,Developing,56.8,33.0,30,0.2,19.7,57.0,89,19.8,47,59.0,3.2,6.0,2.3,437.4,1323142.0,8.6,8.6,0.4,7.9
Guinea,2007,Developing,56.4,36.0,31,0.2,1.4,57.0,3,19.4,48,46.0,3.8,63.0,2.4,49.5,196727.0,8.9,8.8,0.4,7.6
Guinea,2006,Developing,55.6,317.0,31,0.2,10.4,80.9,4,19.0,49,53.0,3.2,57.0,2.6,296.7,9881428.0,9.1,9.1,0.4,7.1
Guinea,2005,Developing,54.7,327.0,32,0.2,1.1,80.9,99,18.5,51,59.0,2.8,59.0,2.7,33.4,9679745.0,9.3,9.3,0.3,6.6
Guinea,2004,Developing,54.0,334.0,33,0.3,18.9,80.9,10,18.1,53,65.0,3.1,6.0,2.8,386.3,949229.0,9.5,9.5,0.3,5.1
Guinea,2003,Developing,53.3,338.0,34,0.2,2.4,80.9,2497,17.7,55,61.0,3.5,57.0,2.9,37.2,939848.0,9.7,9.7,0.3,5.9
Guinea,2002,Developing,52.9,337.0,35,0.2,21.3,80.9,2151,17.3,56,56.0,3.8,53.0,3.0,322.8,9137345.0,9.9,9.9,0.3,5.5
Guinea,2001,Developing,52.5,336.0,36,0.2,19.9,80.9,7408,16.9,58,52.0,3.6,5.0,3.0,315.8,8971139.0,1.1,1.1,0.3,5.1
Guinea,2000,Developing,52.5,328.0,37,0.2,2.2,80.9,11294,16.6,60,47.0,3.5,46.0,3.0,34.5,888546.0,1.3,1.3,0.3,4.8
Guinea-Bissau,2015,Developing,58.9,275.0,4,4.6,0.0,87.0,153,26.3,6,87.0,5.9,87.0,3.2,596.9,177526.0,7.1,7.0,0.4,9.2
Guinea-Bissau,2014,Developing,58.4,282.0,4,0.0,50.1,87.0,1,25.6,6,87.0,5.6,87.0,3.4,642.6,1725744.0,7.3,7.1,0.4,9.2
Guinea-Bissau,2013,Developing,58.1,279.0,4,0.0,8.2,87.0,0,25.0,6,87.0,6.1,87.0,4.5,61.6,1681495.0,7.5,7.3,0.4,9.1
Guinea-Bissau,2012,Developing,57.6,285.0,4,0.0,0.9,87.0,0,24.3,6,87.0,6.0,87.0,5.3,67.8,1638139.0,7.7,7.5,0.4,9.1
Guinea-Bissau,2011,Developing,57.1,289.0,4,3.6,40.5,86.0,0,23.7,7,85.0,5.5,86.0,5.7,692.7,1596154.0,7.8,7.7,0.4,9.0
Guinea-Bissau,2010,Developing,56.7,287.0,4,3.2,53.3,83.0,26,23.1,7,82.0,6.7,83.0,5.9,544.0,155588.0,8.0,7.9,0.4,8.9
Guinea-Bissau,2009,Developing,56.3,288.0,4,2.5,47.1,8.0,0,22.5,7,78.0,6.8,8.0,6.0,544.2,1517448.0,8.3,8.1,0.4,8.9
Guinea-Bissau,2008,Developing,55.6,297.0,5,2.6,28.3,80.9,12,21.9,7,77.0,6.5,77.0,6.0,583.5,148841.0,8.5,8.4,0.4,8.8
Guinea-Bissau,2007,Developing,55.0,32.0,5,3.0,31.1,80.9,1,21.3,7,76.0,6.1,74.0,5.7,481.7,1445958.0,8.7,8.6,0.4,8.8
Guinea-Bissau,2006,Developing,54.4,36.0,5,3.2,21.5,80.9,0,2.7,8,74.0,5.9,71.0,5.6,418.9,1412669.0,8.9,8.8,0.4,8.3
Guinea-Bissau,2005,Developing,53.9,37.0,5,3.1,22.1,80.9,0,2.1,8,73.0,5.7,68.0,5.4,425.0,138838.0,9.2,9.0,0.0,8.0
Guinea-Bissau,2004,Developing,53.5,38.0,5,2.6,13.5,80.9,3526,19.6,8,69.0,5.4,64.0,5.0,393.3,135345.0,9.4,9.3,0.0,7.7
Guinea-Bissau,2003,Developing,53.0,38.0,5,2.2,2.5,80.9,1158,19.0,8,65.0,5.6,6.0,4.6,36.6,132122.0,9.6,9.5,0.0,7.4
Guinea-Bissau,2002,Developing,52.8,35.0,5,2.5,24.7,80.9,298,18.5,8,61.0,5.8,57.0,4.1,321.5,1293523.0,9.8,9.7,0.0,7.1
Guinea-Bissau,2001,Developing,52.5,32.0,5,2.5,0.9,80.9,126,17.9,9,56.0,5.4,53.0,3.6,39.5,1267512.0,1.0,1.0,0.0,6.7
Guinea-Bissau,2000,Developing,52.1,3.0,5,2.8,6.7,80.9,0,17.4,9,52.0,4.9,49.0,3.1,297.8,1243229.0,1.2,1.2,0.0,6.4
Guyana,2015,Developing,66.2,215.0,0,4.6,0.0,95.0,0,46.7,1,92.0,5.9,95.0,0.3,4136.7,768514.0,5.5,5.3,0.6,10.3
Guyana,2014,Developing,66.0,217.0,0,7.6,4.1,98.0,0,45.9,1,97.0,5.2,98.0,0.3,43.8,763393.0,5.5,5.3,0.6,10.3
Guyana,2013,Developing,65.9,218.0,0,7.6,345.9,98.0,0,45.0,1,98.0,5.1,98.0,0.3,3944.2,75881.0,5.5,5.3,0.6,10.3
Guyana,2012,Developing,65.8,22.0,0,7.6,497.5,97.0,0,44.1,1,97.0,6.6,97.0,0.3,3785.9,75391.0,5.6,5.3,0.6,10.6
Guyana,2011,Developing,65.6,229.0,0,7.6,536.2,93.0,0,43.2,1,93.0,6.8,93.0,0.4,3439.6,7491.0,5.6,5.3,0.6,10.3
Guyana,2010,Developing,65.9,221.0,0,7.5,48.0,95.0,0,42.4,1,95.0,6.6,95.0,0.4,326.3,746556.0,5.6,5.3,0.6,10.2
Guyana,2009,Developing,66.1,218.0,0,7.5,466.7,98.0,0,41.6,1,97.0,7.3,98.0,0.3,2716.4,745693.0,5.6,5.4,0.6,10.5
Guyana,2008,Developing,66.3,218.0,1,7.3,493.3,93.0,0,4.9,1,93.0,7.5,93.0,0.8,2576.1,746314.0,5.6,5.4,0.6,10.7
Guyana,2007,Developing,65.7,232.0,1,7.2,362.9,94.0,0,4.3,1,94.0,6.5,94.0,1.9,2327.6,747869.0,5.7,5.5,0.6,11.2
Guyana,2006,Developing,65.2,24.0,1,7.0,170.6,93.0,0,39.6,1,92.0,4.7,93.0,1.1,1945.6,74961.0,5.7,5.5,0.6,11.7
Guyana,2005,Developing,65.0,238.0,1,7.3,17.5,93.0,0,39.0,1,93.0,5.8,93.0,1.8,198.5,75946.0,5.7,5.5,0.6,11.4
Guyana,2004,Developing,65.1,237.0,1,7.8,1.8,91.0,0,38.4,1,91.0,5.7,91.0,1.9,145.6,751652.0,5.8,5.6,0.6,11.2
Guyana,2003,Developing,65.3,237.0,1,7.9,16.5,9.0,0,37.8,1,91.0,6.0,9.0,2.1,986.8,751857.0,5.8,5.6,0.6,11.1
Guyana,2002,Developing,65.3,244.0,1,7.7,10.9,91.0,0,37.1,1,93.0,5.8,91.0,2.3,96.9,751884.0,5.9,5.7,0.6,11.0
Guyana,2001,Developing,65.4,247.0,1,6.7,15.5,85.0,0,36.4,1,9.0,5.8,85.0,1.7,925.6,752263.0,5.9,5.7,0.6,10.9
Guyana,2000,Developing,65.4,246.0,1,6.6,16.8,80.9,0,35.7,1,79.0,5.8,88.0,1.1,946.6,75331.0,5.9,5.8,0.6,10.9
Haiti,2015,Developing,63.5,24.0,14,4.6,0.0,6.0,0,49.9,18,56.0,5.9,6.0,0.5,814.5,171161.0,3.9,3.9,0.5,9.1
Haiti,2014,Developing,63.1,245.0,14,0.0,5.1,48.0,0,48.8,19,55.0,7.6,48.0,0.5,83.1,1572466.0,3.9,3.9,0.5,9.1
Haiti,2013,Developing,62.7,253.0,14,5.7,5.0,68.0,0,47.7,19,67.0,8.1,68.0,0.5,81.3,1431776.0,3.9,3.9,0.5,9.1
Haiti,2012,Developing,62.3,259.0,15,5.7,26.4,80.9,0,46.5,20,67.0,9.9,67.0,0.8,766.8,128921.0,3.9,3.9,0.5,8.9
Haiti,2011,Developing,62.3,259.0,15,5.7,4.1,80.9,0,45.3,20,67.0,1.4,68.0,1.5,74.9,114554.0,4.0,4.0,0.5,8.7
Haiti,2010,Developing,36.3,682.0,23,5.8,36.3,80.9,0,44.2,58,66.0,8.9,66.0,1.9,662.3,9999617.0,4.0,4.0,0.5,8.6
Haiti,2009,Developing,62.5,251.0,16,5.8,41.3,80.9,0,43.0,21,65.0,6.7,65.0,2.0,668.3,985287.0,4.1,4.1,0.5,8.5
Haiti,2008,Developing,62.1,259.0,16,6.0,63.8,80.9,0,41.8,22,64.0,5.9,63.0,2.4,674.8,97529.0,4.2,4.2,0.5,8.4
Haiti,2007,Developing,61.8,266.0,17,6.1,56.8,80.9,0,4.7,23,62.0,5.6,63.0,2.7,615.8,9556889.0,4.2,4.2,0.5,8.4
Haiti,2006,Developing,61.1,28.0,17,6.2,7.0,80.9,0,39.6,23,61.0,5.7,6.0,3.3,55.5,949457.0,4.3,4.3,0.5,8.3
Haiti,2005,Developing,65.0,29.0,17,5.6,38.1,80.9,0,38.5,24,6.0,4.4,6.0,3.9,465.3,926344.0,4.4,4.4,0.5,8.2
Haiti,2004,Developing,58.7,32.0,18,6.1,64.4,80.9,0,37.5,24,58.0,5.6,55.0,4.3,387.9,9119178.0,4.5,4.5,0.5,8.1
Haiti,2003,Developing,59.7,3.0,18,6.6,44.3,80.9,0,36.5,25,56.0,5.3,53.0,4.6,329.8,8976552.0,4.5,4.6,0.4,8.1
Haiti,2002,Developing,59.3,33.0,19,6.1,50.3,80.9,0,35.6,26,54.0,5.5,48.0,4.8,393.2,8834733.0,4.6,4.7,0.4,8.0
Haiti,2001,Developing,58.9,35.0,19,6.2,60.8,80.9,159,34.8,27,52.0,5.6,45.0,5.0,413.7,8692567.0,4.7,4.7,0.4,7.9
Haiti,2000,Developing,58.6,35.0,20,4.8,74.5,80.9,992,34.0,28,5.0,6.6,41.0,5.1,462.5,85492.0,4.8,4.8,0.4,7.8
Honduras,2015,Developing,74.6,147.0,3,4.6,0.0,97.0,0,51.0,4,97.0,5.9,97.0,0.3,2326.2,896829.0,2.1,2.1,0.6,11.2
Honduras,2014,Developing,74.5,149.0,3,2.9,345.4,97.0,0,5.2,4,97.0,8.7,97.0,0.3,2242.7,889216.0,2.1,2.1,0.6,11.4
Honduras,2013,Developing,74.3,15.0,4,3.1,311.8,97.0,0,49.3,4,97.0,9.2,97.0,0.4,2136.8,8657785.0,2.2,2.1,0.6,11.6
Honduras,2012,Developing,74.1,151.0,4,3.1,363.6,97.0,0,48.4,4,97.0,9.8,97.0,0.4,2178.4,855646.0,2.2,2.1,0.6,11.6
Honduras,2011,Developing,73.9,153.0,4,3.1,32.2,97.0,0,47.6,5,97.0,8.6,97.0,0.4,212.6,83516.0,2.2,2.2,0.6,11.7
Honduras,2010,Developing,73.6,156.0,4,3.1,302.1,97.0,0,46.8,5,97.0,8.4,97.0,0.4,1932.9,8194778.0,2.3,2.2,0.6,11.5
Honduras,2009,Developing,73.4,157.0,4,3.1,286.1,97.0,0,45.9,5,97.0,8.8,97.0,0.5,1815.5,83521.0,2.3,2.2,0.6,11.3
Honduras,2008,Developing,73.2,159.0,4,3.1,231.9,92.0,0,45.1,5,93.0,8.4,93.0,0.6,1751.6,7872658.0,2.3,2.3,0.6,11.1
Honduras,2007,Developing,73.0,16.0,5,3.2,222.5,93.0,0,44.3,6,94.0,7.9,94.0,0.7,1592.6,777972.0,2.4,2.3,0.6,10.9
Honduras,2006,Developing,72.8,161.0,5,3.2,192.9,94.0,0,43.5,6,94.0,7.6,95.0,0.8,1437.6,754146.0,2.4,2.4,0.6,10.8
Honduras,2005,Developing,72.5,163.0,5,3.2,203.7,97.0,0,42.8,6,98.0,7.8,98.0,0.9,1311.7,737343.0,2.5,2.4,0.6,10.6
Honduras,2004,Developing,72.2,165.0,5,3.0,188.2,93.0,0,42.0,7,94.0,7.9,94.0,1.2,1217.7,724153.0,2.6,2.5,0.6,10.4
Honduras,2003,Developing,71.9,166.0,6,3.0,194.4,91.0,0,41.2,7,92.0,8.3,92.0,1.4,1157.3,733821.0,2.6,2.5,0.6,10.3
Honduras,2002,Developing,71.6,169.0,6,3.1,154.9,94.0,0,4.4,7,95.0,7.3,95.0,1.5,1132.9,6863157.0,2.7,2.6,0.6,10.1
Honduras,2001,Developing,71.3,171.0,6,2.7,15.4,95.0,0,39.6,8,99.0,6.9,96.0,1.6,113.5,669361.0,2.7,2.7,0.6,9.9
Honduras,2000,Developing,71.0,174.0,6,2.6,28.8,93.0,0,38.8,8,88.0,6.6,94.0,1.7,188.8,6524283.0,2.8,2.7,0.6,9.8
Hungary,2015,Developed,75.8,134.0,0,4.6,0.0,80.9,0,64.8,0,99.0,5.9,99.0,0.1,12365.6,984328.0,1.6,1.6,0.8,15.6
Hungary,2014,Developed,75.6,137.0,0,0.0,160.9,80.9,0,64.2,0,99.0,7.4,99.0,0.1,14118.0,9866468.0,1.7,1.6,0.8,15.8
Hungary,2013,Developed,75.5,139.0,0,10.9,155.2,80.9,1,63.6,1,99.0,7.5,99.0,0.1,13613.6,989382.0,1.7,1.7,0.8,15.4
Hungary,2012,Developed,75.0,146.0,0,11.3,164.3,80.9,2,63.0,1,99.0,7.7,99.0,0.1,12834.3,992362.0,1.7,1.7,0.8,15.4
Hungary,2011,Developed,74.8,15.0,0,11.5,17.8,80.9,5,62.4,1,99.0,7.8,99.0,0.1,1448.9,9971727.0,1.7,1.7,0.8,15.4
Hungary,2010,Developed,74.5,156.0,0,10.8,19.2,80.9,0,61.7,1,99.0,7.8,99.0,0.1,1325.5,123.0,1.8,1.8,0.8,15.3
Hungary,2009,Developed,74.2,162.0,0,11.5,1281.2,80.9,1,61.1,1,99.0,7.5,99.0,0.1,12967.2,12265.0,1.8,1.8,0.8,15.3
Hungary,2008,Developed,74.1,165.0,1,11.6,181.8,80.9,0,6.5,1,99.0,7.3,99.0,0.1,15669.3,138188.0,1.9,1.9,0.8,15.3
Hungary,2007,Developed,73.5,176.0,1,12.6,163.3,80.9,0,59.9,1,99.0,7.5,99.0,0.1,13842.7,15578.0,1.9,1.9,0.8,15.3
Hungary,2006,Developed,73.4,177.0,1,13.2,1299.5,80.9,1,59.3,1,99.0,8.1,99.0,0.1,11398.8,17137.0,2.0,2.0,0.8,15.2
Hungary,2005,Developed,72.9,182.0,1,12.9,1317.1,80.9,2,58.8,1,99.0,8.3,99.0,0.1,11161.7,18765.0,2.0,2.0,0.8,15.0
Hungary,2004,Developed,72.9,18.0,1,13.3,146.9,80.9,0,58.2,1,99.0,8.8,99.0,0.1,1259.5,117146.0,2.1,2.1,0.8,15.3
Hungary,2003,Developed,72.5,184.0,1,13.2,1030.2,80.9,0,57.6,1,99.0,8.4,99.0,0.1,8396.3,1129552.0,2.1,2.1,0.8,14.9
Hungary,2002,Developed,72.5,184.0,1,13.3,9.0,80.9,0,57.1,1,98.0,7.5,99.0,0.1,665.6,115868.0,2.2,2.2,0.8,14.6
Hungary,2001,Developed,72.3,185.0,1,13.2,7.6,80.9,20,56.6,1,99.0,7.1,99.0,0.1,527.9,1187576.0,2.2,2.2,0.8,14.2
Hungary,2000,Developed,71.7,193.0,1,12.2,75.4,80.9,1,56.1,1,99.0,7.6,99.0,0.1,4623.5,121971.0,2.3,2.3,0.8,13.9
Iceland,2015,Developed,82.7,49.0,0,4.6,0.0,80.9,0,61.0,0,92.0,5.9,92.0,0.1,5734.4,33815.0,1.0,0.9,0.9,19.0
Iceland,2014,Developed,82.5,49.0,0,7.5,8254.0,80.9,0,6.6,0,9.0,8.9,9.0,0.1,52473.1,327386.0,1.0,0.9,0.9,19.0
Iceland,2013,Developed,82.4,5.0,0,7.3,764.5,80.9,0,6.2,0,91.0,8.8,91.0,0.1,4781.4,323764.0,1.0,0.9,0.9,19.0
Iceland,2012,Developed,82.5,5.0,0,7.8,6818.5,80.9,0,59.7,0,89.0,8.7,89.0,0.1,44333.9,32716.0,1.0,0.9,0.9,18.7
Iceland,2011,Developed,82.1,51.0,0,8.1,7.0,80.9,0,59.3,0,95.0,8.7,95.0,0.1,46.2,31914.0,0.9,0.9,0.9,18.6
Iceland,2010,Developed,81.8,53.0,0,8.2,6005.6,80.9,0,58.9,0,96.0,8.9,96.0,0.1,41676.4,31841.0,0.9,0.9,0.9,18.4
Iceland,2009,Developed,81.6,55.0,0,10.2,687.6,80.9,0,58.5,0,96.0,9.1,96.0,0.1,4461.9,318499.0,0.9,0.9,0.9,18.4
Iceland,2008,Developed,81.4,58.0,0,8.5,7613.8,80.9,0,58.1,0,98.0,8.8,98.0,0.1,55575.3,317414.0,0.9,0.9,0.9,18.2
Iceland,2007,Developed,81.3,59.0,0,7.5,12043.0,80.9,0,57.8,0,97.0,8.8,97.0,0.1,68348.3,311566.0,0.9,0.9,0.9,18.2
Iceland,2006,Developed,81.1,61.0,0,7.2,1003.1,80.9,0,57.4,0,97.0,9.0,97.0,0.1,5613.5,33782.0,0.9,0.9,0.9,18.1
Iceland,2005,Developed,81.0,62.0,0,7.0,10631.2,80.9,0,56.9,0,95.0,9.2,95.0,0.1,56249.8,296734.0,0.9,0.9,0.9,17.9
Iceland,2004,Developed,88.0,65.0,0,6.8,8506.1,80.9,0,56.5,0,99.0,9.6,99.0,0.1,46917.3,29274.0,1.0,0.9,0.9,18.3
Iceland,2003,Developed,87.0,65.0,0,6.6,725.5,80.9,0,55.9,0,97.0,1.7,97.0,0.1,3945.0,289521.0,1.0,0.9,0.9,17.6
Iceland,2002,Developed,84.0,7.0,0,6.6,5948.1,80.9,0,55.4,0,95.0,9.9,95.0,0.1,31996.2,287523.0,1.0,0.9,0.9,17.2
Iceland,2001,Developed,80.0,72.0,0,6.4,5048.3,80.9,0,54.8,0,92.0,9.1,92.0,0.1,28585.9,284968.0,1.0,0.9,0.9,17.1
Iceland,2000,Developed,79.7,74.0,0,6.2,5809.1,80.9,0,54.2,0,98.0,9.3,98.0,0.1,31813.4,28125.0,1.0,0.9,0.8,16.8
India,2015,Developing,68.3,181.0,910,4.6,0.0,87.0,90387,18.7,1100,86.0,5.9,87.0,0.2,1613.2,1395398.0,26.7,27.3,0.6,11.6
India,2014,Developing,68.0,184.0,957,3.1,86.5,79.0,79563,18.1,1200,84.0,4.7,85.0,0.2,1573.1,1293859294.0,26.8,27.4,0.6,11.6
India,2013,Developing,67.6,187.0,1000,3.1,67.7,7.0,13822,17.5,1300,82.0,4.5,83.0,0.2,1452.2,127856227.0,26.8,27.5,0.6,11.5
India,2012,Developing,67.3,19.0,1100,3.1,65.0,73.0,18668,17.0,1400,79.0,4.4,82.0,0.2,1447.0,126365852.0,26.9,27.6,0.6,11.3
India,2011,Developing,66.8,193.0,1100,3.0,64.6,44.0,33634,16.4,1500,79.0,4.3,82.0,0.2,1461.7,124723629.0,26.9,27.7,0.6,10.8
India,2010,Developing,66.4,196.0,1200,2.8,57.7,38.0,31458,15.9,1600,76.0,4.3,79.0,0.2,1345.8,12398691.0,27.0,27.8,0.6,10.4
India,2009,Developing,66.0,2.0,1300,2.5,0.8,37.0,56188,15.4,1700,73.0,4.4,74.0,0.2,19.3,121427132.0,27.0,27.8,0.6,10.5
India,2008,Developing,65.5,23.0,1300,1.9,43.0,29.0,44258,14.9,1800,69.0,4.3,7.0,0.3,991.5,119714696.0,27.0,27.9,0.6,10.2
India,2007,Developing,65.2,26.0,1400,1.6,5.2,6.0,41144,14.4,1900,67.0,4.2,64.0,0.3,118.2,1179681239.0,27.1,28.0,0.5,9.9
India,2006,Developing,64.8,28.0,1500,1.4,34.9,6.0,64185,13.9,2000,66.0,4.2,65.0,0.3,792.3,1161977719.0,27.1,28.0,0.5,9.7
India,2005,Developing,64.4,211.0,1500,1.3,3.5,8.0,36711,13.5,2000,65.0,4.3,65.0,0.3,77.8,1144118674.0,27.2,28.1,0.5,9.4
India,2004,Developing,64.0,214.0,1600,1.2,27.3,6.0,55443,13.0,2100,58.0,4.2,63.0,0.3,621.3,1126135777.0,27.2,28.2,0.5,9.2
India,2003,Developing,63.7,216.0,1700,1.2,19.5,80.9,47147,12.6,2200,57.0,4.3,61.0,0.3,541.1,11827848.0,27.3,28.3,0.5,8.6
India,2002,Developing,63.3,219.0,1700,1.1,17.8,80.9,40044,12.2,2300,58.0,4.4,59.0,0.3,466.3,18987112.0,27.4,28.4,0.5,8.4
India,2001,Developing,62.9,222.0,1800,1.0,19.0,80.9,51780,11.8,2400,58.0,4.5,59.0,0.3,447.1,171477855.0,27.5,28.5,0.5,8.3
India,2000,Developing,62.5,224.0,1800,0.9,19.3,80.9,38835,11.4,2500,57.0,4.3,58.0,0.3,438.9,1535912.0,27.7,28.6,0.5,8.3
Indonesia,2015,Developing,69.1,176.0,114,4.6,0.0,78.0,15099,27.4,136,8.0,5.9,78.0,0.3,3336.2,258162113.0,1.4,1.2,0.7,12.9
Indonesia,2014,Developing,68.9,179.0,119,0.1,200.1,78.0,12943,26.5,142,8.0,2.9,78.0,0.3,3491.6,255131116.0,1.4,1.2,0.7,12.9
Indonesia,2013,Developing,68.7,181.0,124,0.1,22.8,85.0,8419,25.6,148,86.0,2.9,85.0,0.3,362.7,25232263.0,1.5,1.3,0.7,12.9
Indonesia,2012,Developing,68.5,183.0,129,0.1,254.5,83.0,15489,24.7,154,84.0,2.9,83.0,0.3,3688.0,248883232.0,1.5,1.4,0.7,12.6
Indonesia,2011,Developing,68.3,185.0,134,0.1,211.9,81.0,21893,23.8,161,81.0,2.7,81.0,0.3,3634.3,24577511.0,1.6,1.5,0.7,12.3
Indonesia,2010,Developing,68.1,187.0,138,0.1,190.5,83.0,18869,22.9,167,82.0,2.7,81.0,0.3,3113.5,242524123.0,1.6,1.5,0.7,12.1
Indonesia,2009,Developing,67.9,189.0,143,0.1,125.8,82.0,20818,22.1,174,85.0,2.8,78.0,0.3,2254.4,23934478.0,1.7,1.6,0.6,11.7
Indonesia,2008,Developing,67.7,189.0,149,0.1,10.3,82.0,15369,21.3,181,83.0,2.8,77.0,0.2,216.5,236159276.0,1.7,1.7,0.6,11.7
Indonesia,2007,Developing,67.5,19.0,154,0.1,102.6,76.0,19456,2.5,188,77.0,3.1,73.0,0.2,1855.9,232989141.0,1.8,1.7,0.6,11.0
Indonesia,2006,Developing,67.3,191.0,159,0.1,72.0,66.0,20422,19.7,194,78.0,2.9,72.0,0.1,1586.3,22983822.0,1.8,1.8,0.6,10.9
Indonesia,2005,Developing,67.2,19.0,163,0.1,5.4,65.0,15853,19.0,201,79.0,2.8,72.0,0.1,126.9,22671273.0,1.9,1.9,0.6,11.1
Indonesia,2004,Developing,65.3,213.0,174,0.1,55.4,64.0,29171,18.2,237,79.0,2.4,71.0,0.1,1148.6,223614649.0,1.9,1.9,0.6,11.0
Indonesia,2003,Developing,66.9,189.0,173,0.1,8.5,64.0,24457,17.5,215,8.0,2.5,71.0,0.1,164.6,22545214.0,1.9,11.0,0.6,10.8
Indonesia,2002,Developing,66.7,189.0,177,0.1,43.2,63.0,14492,16.7,222,8.0,2.3,7.0,0.1,899.6,2175859.0,11.0,11.1,0.6,10.6
Indonesia,2001,Developing,66.5,188.0,182,0.1,34.0,62.0,3825,16.0,229,77.0,2.2,76.0,0.1,748.0,2145652.0,11.0,11.1,0.6,10.6
Indonesia,2000,Developing,66.3,188.0,187,0.1,3.4,65.0,3344,15.4,237,72.0,2.0,75.0,0.1,78.9,21154429.0,11.0,11.2,0.6,10.7
Iran (Islamic Republic of),2015,Developing,75.5,83.0,18,4.6,0.0,98.0,615,59.7,21,98.0,5.9,98.0,0.1,7483.2,12753375.1,8.5,8.6,0.8,14.8
Iran (Islamic Republic of),2014,Developing,75.4,83.0,19,0.0,0.0,99.0,99,58.5,22,99.0,6.9,99.0,0.1,7483.2,12753375.1,8.3,8.4,0.8,14.9
Iran (Islamic Republic of),2013,Developing,75.3,83.0,20,0.0,0.0,99.0,189,57.2,23,98.0,6.5,98.0,0.1,7483.2,12753375.1,8.2,8.3,0.8,15.0
Iran (Islamic Republic of),2012,Developing,75.1,85.0,21,0.0,0.0,98.0,332,56.0,24,99.0,7.0,99.0,0.1,7483.2,12753375.1,8.0,8.2,0.8,13.6
Iran (Islamic Republic of),2011,Developing,74.7,93.0,22,0.0,0.0,99.0,73,54.8,25,99.0,7.1,99.0,0.1,7483.2,12753375.1,7.9,8.1,0.7,13.1
Iran (Islamic Republic of),2010,Developing,74.1,16.0,22,0.0,0.0,99.0,538,53.6,26,99.0,8.2,99.0,0.1,7483.2,12753375.1,7.8,8.0,0.7,12.9
Iran (Islamic Republic of),2009,Developing,73.3,122.0,23,0.0,0.0,99.0,262,52.5,27,99.0,7.6,99.0,0.1,7483.2,12753375.1,7.7,7.9,0.7,12.8
Iran (Islamic Republic of),2008,Developing,72.7,135.0,24,0.0,0.0,99.0,127,51.4,28,99.0,6.3,99.0,0.1,7483.2,12753375.1,7.6,7.8,0.7,12.1
Iran (Islamic Republic of),2007,Developing,72.4,138.0,25,0.0,0.0,97.0,133,5.4,29,98.0,5.8,99.0,0.1,7483.2,12753375.1,7.5,7.8,0.7,11.8
Iran (Islamic Republic of),2006,Developing,72.2,139.0,26,0.0,0.0,98.0,220,49.4,30,99.0,6.0,98.0,0.1,7483.2,12753375.1,7.4,7.7,0.7,11.4
Iran (Islamic Republic of),2005,Developing,72.0,139.0,27,0.0,0.0,94.0,7,48.5,32,95.0,6.6,95.0,0.1,7483.2,12753375.1,7.4,7.7,0.7,11.4
Iran (Islamic Republic of),2004,Developing,71.8,139.0,28,0.0,0.0,95.0,3,47.6,33,98.0,5.9,99.0,0.1,7483.2,12753375.1,7.4,7.7,0.7,11.8
Iran (Islamic Republic of),2003,Developing,75.0,154.0,29,0.0,0.0,98.0,11644,46.9,35,99.0,5.4,99.0,0.1,7483.2,12753375.1,7.5,7.7,0.7,11.8
Iran (Islamic Republic of),2002,Developing,71.2,142.0,31,0.0,0.0,99.0,9554,46.2,37,99.0,5.4,99.0,0.1,7483.2,12753375.1,7.6,7.7,0.7,11.9
Iran (Islamic Republic of),2001,Developing,78.0,146.0,33,0.0,0.0,94.0,9582,45.5,40,95.0,5.2,96.0,0.1,7483.2,12753375.1,7.7,7.8,0.7,11.6
Iran (Islamic Republic of),2000,Developing,73.0,15.0,35,0.0,0.0,99.0,11874,44.9,43,99.0,4.5,99.0,0.1,7483.2,12753375.1,7.8,7.9,0.7,11.6
Iraq,2015,Developing,68.9,182.0,32,4.6,0.0,56.0,1433,59.1,38,63.0,5.9,58.0,0.1,4974.3,36115649.0,5.3,5.1,0.6,10.1
Iraq,2014,Developing,67.9,199.0,32,0.0,43.5,62.0,1317,58.5,39,67.0,5.5,64.0,0.1,673.7,3568.0,5.3,5.1,0.7,10.1
Iraq,2013,Developing,69.5,17.0,32,0.0,447.4,66.0,669,57.8,39,7.0,5.9,68.0,0.1,6925.2,33883145.0,5.3,5.1,0.7,10.3
Iraq,2012,Developing,76.0,147.0,32,0.0,429.7,61.0,15,57.2,39,7.0,5.3,69.0,0.1,6651.1,32776571.0,5.3,5.1,0.7,10.5
Iraq,2011,Developing,77.0,144.0,32,0.2,285.1,77.0,15,56.5,39,8.0,3.3,79.0,0.1,5854.6,3172753.0,5.3,5.1,0.6,10.4
Iraq,2010,Developing,76.0,145.0,32,0.2,21.8,72.0,492,55.8,39,74.0,3.8,74.0,0.1,452.7,376271.0,5.3,5.1,0.6,10.4
Iraq,2009,Developing,74.0,148.0,32,0.2,185.6,75.0,30328,55.2,39,78.0,4.7,78.0,0.1,3735.1,29894652.0,5.4,5.1,0.6,10.3
Iraq,2008,Developing,69.3,167.0,32,0.2,192.2,66.0,5494,54.5,38,71.0,3.9,69.0,0.1,4521.3,29111417.0,5.4,5.1,0.6,10.3
Iraq,2007,Developing,65.9,227.0,31,0.1,146.8,56.0,230,53.8,38,74.0,3.7,57.0,0.1,3129.2,2839433.0,5.4,5.1,0.6,10.2
Iraq,2006,Developing,64.7,249.0,31,0.0,75.3,59.0,474,53.2,38,63.0,3.0,59.0,0.1,2351.8,27697912.0,5.4,5.1,0.6,10.2
Iraq,2005,Developing,66.8,29.0,31,0.2,59.2,65.0,908,52.5,37,69.0,4.1,65.0,0.1,1849.6,278426.0,5.4,5.2,0.6,10.1
Iraq,2004,Developing,67.2,21.0,30,0.3,44.1,62.0,9081,51.9,37,69.0,5.6,74.0,0.1,1391.8,2631669.0,5.4,5.2,0.6,9.8
Iraq,2003,Developing,66.5,213.0,30,0.1,0.0,63.0,0,51.3,37,73.0,4.4,75.0,0.1,7483.2,25627626.0,5.5,5.2,0.6,9.4
Iraq,2002,Developing,74.0,14.0,30,0.1,0.0,65.0,0,5.6,37,76.0,5.9,77.0,0.1,7483.2,24939299.0,5.5,5.3,0.6,9.1
Iraq,2001,Developing,72.0,142.0,30,0.2,0.0,66.0,4088,5.1,37,8.0,5.9,78.0,0.1,7483.2,24251649.0,5.6,5.3,0.6,8.7
Iraq,2000,Developing,70.0,144.0,30,0.2,0.0,67.0,726,49.5,37,83.0,5.9,8.0,0.1,7483.2,23565413.0,5.6,5.4,0.6,8.6
Ireland,2015,Developed,81.4,64.0,0,4.6,0.0,95.0,4,62.8,0,95.0,5.9,95.0,0.1,6664.1,4676835.0,0.3,0.2,0.9,18.6
Ireland,2014,Developed,81.2,66.0,0,10.8,746.4,95.0,33,62.1,0,96.0,7.8,96.0,0.1,5553.3,4617225.0,0.3,0.2,0.9,18.6
Ireland,2013,Developed,81.0,67.0,0,10.5,703.6,95.0,51,61.3,0,96.0,8.1,96.0,0.1,5234.8,4598294.0,0.3,0.2,0.9,18.6
Ireland,2012,Developed,85.0,69.0,0,11.5,6616.7,95.0,107,6.5,0,95.0,8.3,95.0,0.1,49231.4,4586897.0,0.3,0.2,0.9,18.5
Ireland,2011,Developed,84.0,7.0,0,11.7,6387.0,95.0,285,59.7,0,95.0,8.2,95.0,0.1,52567.5,4576794.0,0.3,0.2,0.9,18.5
Ireland,2010,Developed,86.0,68.0,0,11.9,4509.2,46.0,443,58.9,0,94.0,8.8,94.0,0.1,48538.6,456155.0,0.3,0.2,0.9,18.2
Ireland,2009,Developed,79.7,77.0,0,11.4,7620.8,80.9,164,58.2,0,94.0,9.5,94.0,0.1,51983.8,4535375.0,0.3,0.2,0.9,17.9
Ireland,2008,Developed,79.8,75.0,0,12.7,9528.2,80.9,57,57.4,0,93.0,8.6,93.0,0.1,61235.4,4489544.0,0.3,0.2,0.9,17.9
Ireland,2007,Developed,79.5,75.0,0,13.6,9797.6,80.9,64,56.6,0,92.0,7.6,92.0,0.1,61388.2,4398942.0,0.3,0.2,0.9,17.6
Ireland,2006,Developed,79.0,78.0,0,13.4,9126.9,80.9,87,55.8,0,91.0,7.2,91.0,0.1,54327.0,4273591.0,0.3,0.2,0.9,17.6
Ireland,2005,Developed,78.7,78.0,0,13.3,973.7,80.9,95,55.1,0,9.0,7.3,9.0,0.1,5886.8,4159914.0,0.3,0.2,0.9,17.5
Ireland,2004,Developed,78.3,82.0,0,13.3,8040.2,80.9,334,54.4,0,89.0,7.3,89.0,0.1,47631.6,47262.0,0.3,0.2,0.9,17.1
Ireland,2003,Developed,78.0,82.0,0,13.2,675.2,80.9,584,53.6,0,86.0,7.5,86.0,0.1,4117.2,3996521.0,0.3,0.2,0.9,16.8
Ireland,2002,Developed,77.4,88.0,0,14.2,5092.4,80.9,243,52.9,0,83.0,6.8,83.0,0.1,32539.2,3931947.0,0.3,0.3,0.9,16.5
Ireland,2001,Developed,77.0,89.0,0,14.3,4264.6,80.9,241,52.2,0,84.0,6.6,84.0,0.1,28223.6,3866243.0,0.3,0.3,0.9,16.4
Ireland,2000,Developed,76.4,94.0,0,14.1,3794.6,80.9,0,51.5,0,86.0,6.3,86.0,0.1,26241.9,385174.0,0.3,0.3,0.8,16.2
Israel,2015,Developing,82.5,58.0,0,4.6,0.0,96.0,80,64.9,1,95.0,5.9,95.0,0.1,35729.4,8381.0,1.2,1.1,0.9,16.0
Israel,2014,Developing,82.2,6.0,1,2.6,4348.3,97.0,6,64.6,1,95.0,7.8,95.0,0.1,37582.8,82157.0,1.2,1.1,0.9,16.0
Israel,2013,Developing,82.1,61.0,1,2.7,4279.9,97.0,50,64.2,1,96.0,7.9,96.0,0.1,36393.7,8595.0,1.2,1.1,0.9,15.9
Israel,2012,Developing,81.8,6.0,1,2.8,3830.2,97.0,211,63.8,1,94.0,7.7,94.0,0.1,32569.6,7915.0,1.2,1.1,0.9,15.9
Israel,2011,Developing,81.8,61.0,1,2.7,3793.2,98.0,70,63.4,1,94.0,7.4,94.0,0.1,33657.2,77658.0,1.2,1.1,0.9,15.8
Israel,2010,Developing,81.7,61.0,1,2.6,409.4,97.0,23,63.0,1,95.0,7.4,95.0,0.1,3662.0,76236.0,1.2,1.1,0.9,15.7
Israel,2009,Developing,81.5,63.0,1,2.5,508.7,98.0,5,62.6,1,96.0,7.5,96.0,0.1,27795.9,74856.0,1.2,1.1,0.9,15.6
Israel,2008,Developing,81.0,65.0,1,2.5,471.6,99.0,931,62.1,1,94.0,7.3,94.0,0.1,29657.4,7388.0,1.1,1.1,0.9,15.8
Israel,2007,Developing,84.0,68.0,1,2.3,4.3,99.0,539,61.6,1,95.0,7.4,95.0,0.1,258.6,7181.0,1.1,1.1,0.9,15.7
Israel,2006,Developing,84.0,68.0,1,2.2,33.6,96.0,9,61.1,1,94.0,7.4,95.0,0.1,2195.2,7537.0,1.1,1.1,0.9,15.7
Israel,2005,Developing,80.0,71.0,1,2.4,250.9,96.0,2,6.6,1,95.0,7.4,93.0,0.1,2611.2,6931.0,1.1,1.1,0.9,15.8
Israel,2004,Developing,81.0,69.0,1,2.2,1895.3,99.0,116,6.1,1,95.0,7.3,95.0,0.1,19888.2,689.0,1.1,1.1,0.9,15.9
Israel,2003,Developing,79.7,71.0,1,2.3,1731.8,98.0,124,59.6,1,93.0,7.4,93.0,0.1,18947.0,66897.0,1.1,1.1,0.9,16.0
Israel,2002,Developing,79.3,74.0,1,2.5,1701.2,98.0,2,59.2,1,91.0,7.5,9.0,0.1,18431.2,657.0,1.1,1.1,0.9,15.3
Israel,2001,Developing,79.3,74.0,1,2.5,22.3,96.0,19,58.7,1,93.0,7.6,92.0,0.1,236.2,6439.0,1.1,1.1,0.8,15.1
Israel,2000,Developing,78.9,76.0,1,2.5,199.9,98.0,36,58.3,1,93.0,7.1,93.0,0.1,2152.1,6289.0,1.1,1.1,0.8,15.2
Italy,2015,Developed,82.7,56.0,1,4.6,0.0,93.0,159,63.6,2,93.0,5.9,93.0,0.1,349.1,673582.0,0.6,0.6,0.9,16.3
Italy,2014,Developed,82.5,57.0,2,7.6,4831.6,95.0,0,63.1,2,95.0,9.2,95.0,0.1,35396.7,678914.0,0.6,0.6,0.9,16.3
Italy,2013,Developed,82.3,58.0,2,7.3,483.2,96.0,0,62.6,2,96.0,9.2,96.0,0.1,3537.3,6233948.0,0.5,0.6,0.9,16.5
Italy,2012,Developed,82.0,6.0,2,7.5,4793.9,96.0,376,62.1,2,96.0,9.3,97.0,0.1,34814.1,59539717.0,0.5,0.6,0.9,16.6
Italy,2011,Developed,82.0,6.0,2,7.0,5439.7,96.0,5189,61.5,2,96.0,9.3,96.0,0.1,38334.7,59379449.0,0.5,0.5,0.9,16.4
Italy,2010,Developed,81.8,6.0,2,7.0,5219.7,96.0,372,61.0,2,96.0,9.4,96.0,0.1,35849.4,59277417.0,0.5,0.5,0.9,16.4
Italy,2009,Developed,81.6,61.0,2,7.2,5243.3,96.0,351,6.5,2,96.0,9.4,96.0,0.1,36976.8,5995365.0,0.5,0.5,0.9,16.3
Italy,2008,Developed,81.5,61.0,2,8.0,66.4,96.0,1617,59.9,2,96.0,8.9,96.0,0.1,464.2,58826731.0,0.5,0.5,0.9,16.3
Italy,2007,Developed,81.3,63.0,2,8.4,5228.8,97.0,321,59.4,2,97.0,8.5,97.0,0.1,37698.8,5843831.0,0.5,0.5,0.9,16.1
Italy,2006,Developed,81.2,65.0,2,8.4,473.2,96.0,439,58.8,2,97.0,8.8,96.0,0.1,3341.7,58143979.0,0.5,0.5,0.9,16.0
Italy,2005,Developed,88.0,66.0,2,8.7,4506.3,96.0,135,58.2,2,97.0,8.7,95.0,0.1,31959.3,57969484.0,0.5,0.5,0.9,15.8
Italy,2004,Developed,89.0,66.0,2,9.0,4270.9,96.0,599,57.6,3,97.0,8.5,94.0,0.1,31174.6,57685327.0,0.5,0.5,0.8,15.6
Italy,2003,Developed,79.9,72.0,2,9.3,3519.3,95.0,10982,57.0,3,97.0,8.2,96.0,0.1,27387.2,5731323.0,0.5,0.5,0.8,15.4
Italy,2002,Developed,80.0,72.0,2,9.2,2883.3,95.0,9385,56.4,3,96.0,8.2,93.0,0.1,22196.6,57597.0,0.5,0.5,0.8,15.2
Italy,2001,Developed,79.8,75.0,2,9.7,3.1,95.0,0,55.7,3,96.0,8.1,93.0,0.1,24.8,569741.0,0.5,0.5,0.8,14.9
Italy,2000,Developed,79.4,77.0,3,9.8,31.5,94.0,1457,55.0,3,97.0,7.9,87.0,0.1,251.2,5694218.0,0.5,0.5,0.8,14.8
Jamaica,2015,Developing,76.2,125.0,1,4.6,0.0,91.0,0,54.2,1,91.0,5.9,91.0,0.5,4966.0,2871934.0,1.8,1.7,0.7,12.8
Jamaica,2014,Developing,75.8,133.0,1,3.8,427.3,92.0,0,53.5,1,93.0,5.4,92.0,0.5,4855.7,286287.0,1.8,1.7,0.7,12.8
Jamaica,2013,Developing,75.6,136.0,1,3.8,5.5,93.0,0,52.7,1,86.0,5.9,93.0,0.6,56.1,285187.0,1.8,1.7,0.7,12.8
Jamaica,2012,Developing,75.3,138.0,1,3.6,37.2,96.0,0,52.0,1,96.0,5.7,96.0,0.5,521.3,284992.0,1.8,1.7,0.7,12.8
Jamaica,2011,Developing,75.2,139.0,1,3.6,33.2,92.0,1,51.2,1,93.0,5.2,92.0,0.6,513.5,2829493.0,1.8,1.7,0.7,12.8
Jamaica,2010,Developing,75.0,138.0,1,3.5,396.6,94.0,0,5.5,1,94.0,5.3,94.0,0.5,4682.7,281721.0,1.8,1.7,0.7,12.7
Jamaica,2009,Developing,74.7,142.0,1,3.3,235.7,9.0,0,49.7,1,9.0,5.2,9.0,0.6,4293.4,28482.0,1.9,1.7,0.7,12.7
Jamaica,2008,Developing,74.5,145.0,1,3.5,31.8,92.0,2,48.9,1,91.0,5.4,91.0,0.4,492.5,279122.0,1.9,1.7,0.7,12.6
Jamaica,2007,Developing,74.2,148.0,1,3.6,25.6,92.0,0,48.1,1,94.0,4.9,92.0,0.9,462.5,2775467.0,1.9,1.7,0.7,12.5
Jamaica,2006,Developing,74.0,15.0,1,3.6,194.1,97.0,0,47.2,1,99.0,4.2,95.0,1.5,4313.2,276279.0,1.9,1.7,0.7,12.5
Jamaica,2005,Developing,73.5,161.0,1,3.6,17.0,99.0,0,46.3,1,99.0,4.7,99.0,1.9,482.2,2744673.0,1.9,1.7,0.7,12.4
Jamaica,2004,Developing,73.3,165.0,1,3.7,192.3,98.0,0,45.4,1,97.0,4.8,98.0,2.3,3720.0,2728777.0,1.9,1.8,0.7,11.1
Jamaica,2003,Developing,73.1,166.0,1,3.5,155.6,36.0,0,44.5,1,99.0,4.6,96.0,2.3,3465.2,2712511.0,1.9,1.8,0.7,11.9
Jamaica,2002,Developing,73.0,167.0,1,3.8,211.1,80.9,0,43.5,1,99.0,4.9,99.0,2.3,3596.5,2695446.0,2.0,1.8,0.7,11.7
Jamaica,2001,Developing,72.7,171.0,1,3.9,160.2,80.9,0,42.5,1,99.0,5.3,99.0,2.2,3394.9,267711.0,2.0,1.8,0.7,10.9
Jamaica,2000,Developing,72.6,171.0,1,3.5,24.8,80.9,0,41.6,1,95.0,5.8,93.0,2.2,336.9,2656864.0,2.0,1.9,0.7,11.4
Japan,2015,Developed,83.7,55.0,2,4.6,0.0,80.9,35,29.0,3,99.0,5.9,96.0,0.1,34474.1,127141.0,2.1,1.8,0.9,15.3
Japan,2014,Developed,83.5,57.0,2,0.0,88.8,80.9,462,28.6,3,99.0,1.2,96.0,0.1,3896.2,127276.0,2.0,1.7,0.9,15.3
Japan,2013,Developed,83.5,56.0,2,7.5,94.4,80.9,229,28.2,3,99.0,1.2,96.0,0.1,4454.4,127445.0,2.0,1.7,0.9,15.3
Japan,2012,Developed,83.3,58.0,2,7.4,121.6,80.9,228,27.8,3,99.0,1.2,97.0,0.1,4863.5,127629.0,1.9,1.7,0.9,15.3
Japan,2011,Developed,82.5,64.0,3,7.4,9498.7,80.9,434,27.4,4,96.0,1.7,97.0,0.1,48168.0,127833.0,1.9,1.6,0.9,15.1
Japan,2010,Developed,83.0,62.0,3,6.9,863.0,80.9,450,26.9,4,98.0,9.6,97.0,0.1,4457.7,1287.0,1.9,1.6,0.9,15.1
Japan,2009,Developed,83.0,64.0,3,7.1,899.2,80.9,741,26.4,4,99.0,9.5,97.0,0.1,4855.2,12847.0,1.8,1.6,0.9,15.0
Japan,2008,Developed,82.7,66.0,3,7.1,7313.2,80.9,11015,25.9,4,98.0,8.6,98.0,0.1,39339.3,12863.0,1.8,1.5,0.9,15.0
Japan,2007,Developed,82.6,67.0,3,7.3,6600.0,80.9,0,25.4,4,97.0,8.2,98.0,0.1,35275.2,1281.0,1.8,1.5,0.9,15.0
Japan,2006,Developed,82.4,68.0,3,7.5,6502.1,80.9,520,24.9,4,95.0,8.2,98.0,0.1,35434.0,127854.0,1.7,1.5,0.9,14.9
Japan,2005,Developed,82.0,69.0,3,8.0,6799.7,80.9,0,24.4,4,95.0,8.2,98.0,0.1,37217.6,127773.0,1.7,1.5,0.9,14.9
Japan,2004,Developed,82.1,68.0,3,7.7,6746.3,80.9,8752,23.8,4,97.0,8.3,99.0,0.1,37688.7,127761.0,1.7,1.4,0.9,14.8
Japan,2003,Developed,81.9,7.0,3,7.8,578.7,80.9,8286,23.4,5,97.0,8.0,97.0,0.1,3488.4,127718.0,1.7,1.4,0.9,14.8
Japan,2002,Developed,81.8,7.0,3,7.9,5250.2,80.9,33812,22.9,5,89.0,7.8,96.0,0.1,32289.4,127445.0,1.7,1.4,0.9,14.7
Japan,2001,Developed,81.5,72.0,4,8.0,5486.5,80.9,22552,22.5,5,81.0,7.8,95.0,0.1,33846.5,127149.0,1.7,1.4,0.9,14.6
Japan,2000,Developed,81.1,74.0,4,8.0,5926.3,80.9,22497,22.2,5,98.0,7.5,85.0,0.1,38532.5,126843.0,1.6,1.4,0.9,14.5
Jordan,2015,Developing,74.1,112.0,4,4.6,0.0,99.0,0,65.6,4,99.0,5.9,99.0,0.1,497.0,915932.0,4.0,4.0,0.7,13.1
Jordan,2014,Developing,74.0,113.0,4,0.4,63.9,98.0,20,64.8,4,98.0,7.5,98.0,0.1,466.9,88936.0,3.9,3.9,0.7,13.1
Jordan,2013,Developing,73.9,114.0,4,0.4,546.6,98.0,120,64.0,4,98.0,7.2,98.0,0.1,3992.9,8413464.0,3.9,3.9,0.7,13.1
Jordan,2012,Developing,73.7,115.0,4,0.4,67.7,98.0,3,63.2,4,98.0,8.0,98.0,0.1,387.8,7992573.0,3.9,3.9,0.7,12.9
Jordan,2011,Developing,73.6,116.0,4,0.4,68.9,98.0,0,62.4,4,98.0,8.4,98.0,0.1,387.3,7574943.0,3.8,3.9,0.7,13.1
Jordan,2010,Developing,73.4,117.0,4,0.5,716.0,98.0,0,61.7,4,98.0,8.4,98.0,0.1,3679.2,718239.0,3.8,3.8,0.7,13.2
Jordan,2009,Developing,73.3,118.0,4,0.6,668.7,98.0,0,6.9,4,98.0,9.5,98.0,0.1,3492.1,6821116.0,3.8,3.8,0.7,13.6
Jordan,2008,Developing,73.1,119.0,4,0.6,535.3,97.0,2,6.1,4,98.0,8.8,97.0,0.1,3385.7,6489822.0,3.8,3.8,0.7,13.6
Jordan,2007,Developing,73.0,12.0,4,0.6,373.3,98.0,41,59.3,4,98.0,8.3,98.0,0.1,2762.9,6193191.0,3.8,3.8,0.7,13.6
Jordan,2006,Developing,72.8,121.0,4,0.6,313.4,98.0,1,58.6,4,98.0,8.8,98.0,0.1,2537.3,5934232.0,3.9,3.8,0.7,13.7
Jordan,2005,Developing,72.4,127.0,4,0.6,27.4,95.0,28,57.8,4,95.0,8.9,95.0,0.1,223.8,5714111.0,3.9,3.8,0.7,13.8
Jordan,2004,Developing,72.5,125.0,4,0.5,32.5,95.0,21,57.0,4,95.0,9.5,95.0,0.1,261.5,5535595.0,3.9,3.8,0.7,13.5
Jordan,2003,Developing,72.3,127.0,4,0.5,228.8,97.0,76,56.3,4,97.0,9.2,97.0,0.1,1889.2,5396774.0,3.9,3.9,0.7,13.2
Jordan,2002,Developing,72.1,129.0,4,0.5,259.2,95.0,19,55.5,4,95.0,9.7,95.0,0.1,1812.3,5287488.0,3.9,3.9,0.7,13.0
Jordan,2001,Developing,71.9,131.0,4,0.6,248.7,97.0,61,54.8,4,97.0,9.9,99.0,0.1,1728.3,5193482.0,4.0,3.9,0.7,12.7
Jordan,2000,Developing,71.7,133.0,4,0.5,227.3,93.0,32,54.0,4,94.0,9.7,91.0,0.1,1657.9,51313.0,4.0,4.0,0.7,12.6
Kazakhstan,2015,Developing,72.0,198.0,4,4.6,0.0,98.0,526,53.1,5,98.0,5.9,98.0,0.1,160.0,17544126.0,2.4,2.5,0.8,15.0
Kazakhstan,2014,Developing,69.9,22.0,5,6.3,24.4,95.0,321,52.3,5,95.0,4.4,95.0,0.1,1286.6,17289224.0,2.4,2.5,0.8,15.0
Kazakhstan,2013,Developing,69.5,28.0,5,6.5,26.4,99.0,73,51.4,6,98.0,4.3,98.0,0.1,1389.9,1735275.0,2.4,2.5,0.8,15.0
Kazakhstan,2012,Developing,69.1,214.0,6,6.8,235.4,95.0,55,5.6,7,98.0,4.3,99.0,0.1,12387.2,16791425.0,2.4,2.5,0.8,14.7
Kazakhstan,2011,Developing,68.5,224.0,7,6.6,179.2,99.0,127,49.9,7,99.0,4.6,99.0,0.1,11634.4,165566.0,2.3,2.5,0.8,14.4
Kazakhstan,2010,Developing,67.8,236.0,7,6.8,11.2,99.0,4,49.2,8,98.0,4.4,99.0,0.1,97.6,16321581.0,2.3,2.5,0.8,14.5
Kazakhstan,2009,Developing,67.8,235.0,7,6.6,808.2,99.0,0,48.5,8,99.0,4.1,98.0,0.1,7165.3,169271.0,2.3,2.5,0.8,14.6
Kazakhstan,2008,Developing,66.6,258.0,8,7.6,708.3,99.0,20,47.9,9,99.0,3.6,99.0,0.1,8513.6,15674.0,2.4,2.5,0.8,14.6
Kazakhstan,2007,Developing,65.3,288.0,8,7.4,499.7,94.0,13,47.3,9,94.0,3.2,93.0,0.1,6771.4,15484192.0,2.4,2.5,0.8,14.7
Kazakhstan,2006,Developing,65.0,295.0,8,7.1,76.2,99.0,109,46.8,9,99.0,3.7,99.0,0.1,5291.6,153884.0,2.4,2.5,0.7,14.3
Kazakhstan,2005,Developing,64.6,294.0,8,6.9,351.9,94.0,16118,46.3,9,99.0,4.7,98.0,0.1,3771.3,1514729.0,2.4,2.5,0.7,13.9
Kazakhstan,2004,Developing,64.7,287.0,8,6.5,33.9,99.0,2204,45.8,9,99.0,4.0,82.0,0.1,2874.3,1512985.0,2.5,2.6,0.7,13.5
Kazakhstan,2003,Developing,64.4,282.0,8,6.6,23.4,99.0,24,45.3,9,99.0,3.7,99.0,0.1,268.1,149918.0,2.5,2.6,0.7,13.1
Kazakhstan,2002,Developing,64.7,276.0,8,6.0,145.1,95.0,18,44.8,9,95.0,3.6,95.0,0.1,1658.3,14858948.0,2.6,2.6,0.7,12.7
Kazakhstan,2001,Developing,64.4,284.0,8,5.8,12.6,95.0,94,44.4,10,95.0,3.5,95.0,0.1,149.9,14858335.0,2.6,2.7,0.7,12.3
Kazakhstan,2000,Developing,63.9,292.0,9,6.0,112.5,99.0,245,43.9,10,96.0,4.2,97.0,0.1,1230.0,14883626.0,2.7,2.7,0.7,12.1
Kenya,2015,Developing,63.4,249.0,54,4.6,0.0,89.0,95,22.0,75,83.0,5.9,89.0,2.8,1350.0,47236259.0,7.8,7.6,0.6,11.1
Kenya,2014,Developing,62.9,255.0,56,0.0,171.0,92.0,354,21.3,79,93.0,5.7,92.0,2.9,1335.6,462425.0,7.8,7.7,0.5,11.1
Kenya,2013,Developing,62.6,258.0,58,1.8,165.9,93.0,190,2.7,81,94.0,5.6,87.0,3.0,1229.1,44826849.0,7.9,7.7,0.5,11.1
Kenya,2012,Developing,62.1,263.0,59,1.8,154.2,94.0,0,2.1,84,94.0,5.5,94.0,3.0,1155.3,43646629.0,8.0,7.8,0.5,11.1
Kenya,2011,Developing,61.2,278.0,60,1.8,109.7,96.0,2395,19.5,86,97.0,5.2,96.0,3.4,987.4,42486839.0,8.1,7.9,0.5,11.1
Kenya,2010,Developing,63.0,294.0,61,1.7,56.6,9.0,95,18.9,89,9.0,4.0,9.0,4.3,967.3,4135152.0,8.2,8.0,0.5,11.1
Kenya,2009,Developing,59.1,317.0,62,1.9,7.1,88.0,1218,18.4,91,89.0,4.2,88.0,5.0,92.8,423724.0,8.2,8.1,0.5,10.7
Kenya,2008,Developing,57.9,339.0,64,1.7,60.5,88.0,1282,17.9,95,88.0,3.9,88.0,6.4,916.9,39148416.0,8.3,8.2,0.5,10.4
Kenya,2007,Developing,56.8,356.0,66,2.0,59.8,81.0,1516,17.3,100,76.0,4.8,81.0,9.1,839.2,388599.0,8.4,8.3,0.5,10.1
Kenya,2006,Developing,55.3,388.0,68,1.8,52.6,8.0,1847,16.9,104,77.0,4.2,8.0,10.3,697.7,37525.0,8.5,8.4,0.5,9.7
Kenya,2005,Developing,54.1,412.0,70,1.8,39.6,76.0,153,16.4,108,7.0,4.4,76.0,11.6,519.8,3648288.0,8.6,8.5,0.5,9.6
Kenya,2004,Developing,53.0,432.0,72,1.4,36.3,73.0,20,15.9,112,73.0,4.3,73.0,13.2,458.9,3574931.0,8.7,8.6,0.5,8.9
Kenya,2003,Developing,52.4,437.0,74,1.5,35.9,73.0,65,15.5,115,75.0,4.5,73.0,14.5,436.7,3413852.0,8.8,8.8,0.5,8.2
Kenya,2002,Developing,52.1,437.0,76,1.7,32.7,84.0,766,15.1,118,83.0,4.5,84.0,15.7,395.8,332149.0,8.9,8.9,0.5,8.5
Kenya,2001,Developing,51.9,434.0,77,1.6,3.8,80.9,11304,14.7,120,77.0,4.6,8.0,16.9,41.8,32321482.0,9.0,9.0,0.4,8.4
Kenya,2000,Developing,51.9,428.0,77,1.5,0.7,80.9,21002,14.4,121,8.0,4.7,82.0,18.1,44.0,3145483.0,9.2,9.1,0.4,8.4
Kiribati,2015,Developing,66.3,198.0,0,4.6,0.0,82.0,0,77.6,0,8.0,5.9,78.0,0.1,1424.5,11247.0,0.1,0.1,0.6,11.9
Kiribati,2014,Developing,66.1,2.0,0,0.0,97.9,75.0,0,77.1,0,79.0,1.2,75.0,0.1,1684.5,11458.0,0.1,0.1,0.6,11.9
Kiribati,2013,Developing,65.8,22.0,0,0.0,137.3,95.0,0,76.7,0,91.0,1.1,95.0,0.1,1724.4,18535.0,0.1,0.1,0.6,11.9
Kiribati,2012,Developing,65.7,24.0,0,0.0,147.5,94.0,0,76.2,0,92.0,1.4,94.0,0.1,1763.8,16613.0,0.1,0.1,0.6,11.9
Kiribati,2011,Developing,65.5,26.0,0,0.5,30.5,95.0,0,75.7,0,95.0,1.4,99.0,0.1,1692.6,14656.0,0.1,0.1,0.6,11.9
Kiribati,2010,Developing,65.3,27.0,0,0.5,18.2,91.0,0,75.2,0,95.0,1.5,91.0,0.1,1493.2,12652.0,0.1,0.1,0.6,11.9
Kiribati,2009,Developing,65.2,28.0,0,0.5,162.3,86.0,0,74.6,0,84.0,12.2,86.0,0.1,1297.3,1568.0,0.1,0.1,0.6,11.9
Kiribati,2008,Developing,65.1,21.0,0,0.5,167.6,83.0,0,74.1,0,74.0,12.2,82.0,0.1,1413.3,9844.0,0.2,0.1,0.6,11.6
Kiribati,2007,Developing,65.0,211.0,0,0.7,188.7,96.0,0,73.4,0,93.0,13.7,94.0,0.1,1357.6,96311.0,0.2,0.1,0.6,11.8
Kiribati,2006,Developing,65.0,212.0,0,0.8,18.2,88.0,0,72.8,0,86.0,1.9,86.0,0.1,1151.6,9426.0,0.2,0.1,0.6,12.1
Kiribati,2005,Developing,64.9,213.0,0,0.6,111.7,5.0,0,72.1,0,74.0,1.6,79.0,0.1,1214.6,92325.0,0.2,0.2,0.0,12.2
Kiribati,2004,Developing,64.8,214.0,0,0.5,10.6,67.0,0,71.4,0,61.0,1.4,62.0,0.1,113.6,9542.0,0.2,0.2,0.0,12.4
Kiribati,2003,Developing,64.7,215.0,0,0.5,1.8,73.0,0,7.6,0,79.0,10.0,7.0,0.1,115.4,88895.0,0.2,0.2,0.0,11.6
Kiribati,2002,Developing,64.6,217.0,0,0.5,70.8,79.0,0,69.7,0,96.0,9.1,77.0,0.1,826.6,87343.0,0.2,0.2,0.0,11.7
Kiribati,2001,Developing,64.3,219.0,0,0.6,60.0,85.0,0,68.8,0,88.0,9.0,85.0,0.1,734.9,85858.0,0.2,0.2,0.0,10.4
Kiribati,2000,Developing,64.1,222.0,0,0.5,11.1,9.0,0,67.9,0,9.0,8.1,9.0,0.1,796.8,8446.0,0.2,0.2,0.0,10.0
Kuwait,2015,Developing,74.7,81.0,0,4.6,0.0,99.0,18,71.4,1,99.0,5.9,99.0,0.1,28975.4,12753375.1,3.5,3.4,0.8,13.3
Kuwait,2014,Developing,74.6,82.0,0,0.0,2480.9,96.0,55,7.8,1,94.0,3.4,95.0,0.1,42996.5,12753375.1,3.4,3.4,0.8,13.0
Kuwait,2013,Developing,74.5,83.0,1,0.0,2792.7,99.0,62,7.2,1,99.0,2.6,99.0,0.1,48400.0,12753375.1,3.4,3.3,0.8,13.1
Kuwait,2012,Developing,74.3,84.0,1,0.0,2958.0,98.0,27,69.5,1,98.0,2.6,98.0,0.1,51264.7,12753375.1,3.4,3.3,0.8,13.2
Kuwait,2011,Developing,74.2,85.0,1,0.0,2785.1,99.0,32,69.0,1,99.0,2.6,99.0,0.1,48268.6,12753375.1,3.3,3.2,0.8,13.4
Kuwait,2010,Developing,74.0,86.0,1,0.0,2009.6,99.0,13,68.4,1,98.0,2.8,98.0,0.1,38497.6,12753375.1,3.3,3.2,0.8,13.5
Kuwait,2009,Developing,73.9,87.0,1,0.1,3001.6,99.0,0,67.9,1,99.0,3.9,99.0,0.1,37567.3,12753375.1,3.3,3.2,0.8,13.6
Kuwait,2008,Developing,73.8,88.0,1,0.0,2078.4,99.0,0,67.5,1,99.0,1.9,99.0,0.1,55572.0,12753375.1,3.3,3.1,0.8,13.8
Kuwait,2007,Developing,73.7,89.0,1,0.0,2555.3,99.0,0,67.1,1,99.0,2.1,99.0,0.1,45794.0,12753375.1,3.2,3.1,0.8,13.9
Kuwait,2006,Developing,73.6,89.0,1,0.0,2443.4,99.0,0,66.7,1,99.0,2.2,99.0,0.1,42717.6,12753375.1,3.2,3.1,0.8,14.1
Kuwait,2005,Developing,73.6,9.0,0,0.0,239.6,99.0,10,66.3,1,99.0,2.4,99.0,0.1,3549.3,12753375.1,3.2,3.1,0.8,14.2
Kuwait,2004,Developing,73.5,91.0,0,0.0,1731.1,94.0,23,65.9,1,98.0,2.8,98.0,0.1,26921.8,12753375.1,3.2,3.0,0.8,14.4
Kuwait,2003,Developing,73.4,93.0,0,0.0,159.0,99.0,0,65.5,1,99.0,3.2,99.0,0.1,2271.6,12753375.1,3.2,3.0,0.8,14.1
Kuwait,2002,Developing,73.3,94.0,0,0.0,1209.7,99.0,0,65.0,1,99.0,3.6,99.0,0.1,17789.4,12753375.1,3.2,3.0,0.8,13.9
Kuwait,2001,Developing,73.2,95.0,0,0.0,113.2,99.0,0,64.5,1,99.0,3.6,99.0,0.1,1655.0,12753375.1,3.2,3.0,0.8,14.0
Kuwait,2000,Developing,73.2,96.0,0,0.0,959.9,95.0,6,64.0,1,94.0,2.5,98.0,0.1,18389.4,12753375.1,3.2,3.1,0.8,14.1
Kyrgyzstan,2015,Developing,71.1,166.0,3,4.6,0.0,97.0,17779,44.9,3,97.0,5.9,97.0,0.1,7483.2,12753375.1,3.3,3.4,0.7,13.0
Kyrgyzstan,2014,Developing,78.0,17.0,3,0.0,0.0,96.0,318,43.9,4,95.0,6.5,96.0,0.1,7483.2,12753375.1,3.3,3.4,0.7,12.8
Kyrgyzstan,2013,Developing,77.0,174.0,3,0.0,0.0,97.0,1,43.0,4,97.0,6.7,97.0,0.1,7483.2,12753375.1,3.3,3.3,0.6,12.5
Kyrgyzstan,2012,Developing,69.9,18.0,3,0.0,0.0,96.0,0,42.2,4,94.0,7.0,96.0,0.1,7483.2,12753375.1,3.2,3.3,0.6,12.3
Kyrgyzstan,2011,Developing,69.4,188.0,4,3.3,0.0,96.0,222,41.4,4,94.0,6.2,96.0,0.2,7483.2,12753375.1,3.2,3.3,0.6,12.1
Kyrgyzstan,2010,Developing,68.8,199.0,4,2.7,0.0,96.0,0,4.7,4,88.0,6.7,96.0,0.1,7483.2,12753375.1,3.2,3.3,0.6,12.2
Kyrgyzstan,2009,Developing,68.5,21.0,4,2.4,0.0,96.0,1,4.1,4,96.0,6.8,95.0,0.1,7483.2,12753375.1,3.3,3.4,0.6,12.4
Kyrgyzstan,2008,Developing,67.6,217.0,4,2.5,0.0,97.0,16,39.5,4,95.0,6.7,95.0,0.2,7483.2,12753375.1,3.3,3.4,0.6,12.6
Kyrgyzstan,2007,Developing,67.2,229.0,4,2.8,0.0,94.0,40,39.0,4,94.0,6.9,94.0,0.1,7483.2,12753375.1,3.3,3.4,0.6,12.6
Kyrgyzstan,2006,Developing,66.7,234.0,4,2.5,0.0,9.0,27,38.5,4,93.0,6.7,92.0,0.1,7483.2,12753375.1,3.3,3.4,0.6,12.5
Kyrgyzstan,2005,Developing,66.9,224.0,4,2.8,0.0,97.0,53,38.0,4,98.0,5.8,98.0,0.1,7483.2,12753375.1,3.4,3.4,0.6,12.4
Kyrgyzstan,2004,Developing,67.1,218.0,4,3.4,0.0,99.0,8,37.5,4,98.0,5.6,99.0,0.1,7483.2,12753375.1,3.4,3.4,0.6,12.5
Kyrgyzstan,2003,Developing,66.6,217.0,4,3.5,0.0,99.0,6,37.0,4,98.0,5.4,98.0,0.1,7483.2,12753375.1,3.5,3.5,0.6,12.2
Kyrgyzstan,2002,Developing,66.7,215.0,4,3.3,0.0,99.0,2,36.5,5,99.0,5.4,98.0,0.1,7483.2,12753375.1,3.5,3.5,0.6,12.1
Kyrgyzstan,2001,Developing,67.2,217.0,4,2.6,0.0,57.0,17,36.0,5,99.0,4.8,99.0,0.1,7483.2,12753375.1,3.6,3.6,0.6,11.8
Kyrgyzstan,2000,Developing,66.6,225.0,4,2.1,0.0,44.0,16,35.6,5,99.0,4.7,99.0,0.1,7483.2,12753375.1,3.6,3.6,0.6,11.4
Lao People's Democratic Republic,2015,Developing,65.7,194.0,8,4.6,0.0,89.0,56,21.7,11,89.0,5.9,89.0,0.2,7483.2,12753375.1,8.8,8.9,0.6,10.8
Lao People's Democratic Republic,2014,Developing,65.3,199.0,8,0.0,0.0,88.0,339,2.9,11,88.0,1.9,88.0,0.2,7483.2,12753375.1,8.9,9.0,0.6,10.6
Lao People's Democratic Republic,2013,Developing,64.9,23.0,9,0.0,0.0,87.0,71,2.1,12,86.0,2.0,87.0,0.3,7483.2,12753375.1,9.0,9.1,0.6,10.4
Lao People's Democratic Republic,2012,Developing,64.4,28.0,9,0.0,0.0,79.0,32,19.4,12,78.0,2.1,79.0,0.3,7483.2,12753375.1,9.1,9.2,0.6,10.2
Lao People's Democratic Republic,2011,Developing,64.0,213.0,9,5.4,0.0,78.0,113,18.7,13,79.0,2.2,78.0,0.3,7483.2,12753375.1,9.2,9.4,0.5,9.9
Lao People's Democratic Republic,2010,Developing,63.6,218.0,10,6.0,0.0,74.0,153,18.0,13,76.0,2.8,74.0,0.3,7483.2,12753375.1,9.3,9.5,0.5,9.6
Lao People's Democratic Republic,2009,Developing,63.1,223.0,10,5.2,0.0,67.0,78,17.3,14,67.0,3.8,67.0,0.2,7483.2,12753375.1,9.4,9.6,0.5,9.4
Lao People's Democratic Republic,2008,Developing,62.6,228.0,10,5.1,0.0,61.0,174,16.7,14,6.0,2.8,61.0,0.2,7483.2,12753375.1,9.6,9.7,0.5,9.2
Lao People's Democratic Republic,2007,Developing,62.1,234.0,11,5.0,0.0,5.0,1678,16.1,15,46.0,4.1,5.0,0.2,7483.2,12753375.1,9.7,9.8,0.5,9.0
Lao People's Democratic Republic,2006,Developing,61.5,24.0,11,3.7,0.0,57.0,58,15.5,15,56.0,4.1,57.0,0.2,7483.2,12753375.1,9.9,9.9,0.5,9.0
Lao People's Democratic Republic,2005,Developing,61.0,246.0,11,3.7,0.0,49.0,295,14.9,16,5.0,4.3,49.0,0.2,7483.2,12753375.1,1.0,1.1,0.5,8.7
Lao People's Democratic Republic,2004,Developing,64.0,252.0,12,3.5,0.0,45.0,1491,14.4,16,46.0,4.5,45.0,0.2,7483.2,12753375.1,1.1,1.2,0.5,8.6
Lao People's Democratic Republic,2003,Developing,59.8,259.0,12,3.4,0.0,5.0,1810,13.8,17,52.0,4.9,49.0,0.1,7483.2,12753375.1,1.2,1.3,0.5,8.3
Lao People's Democratic Republic,2002,Developing,59.3,265.0,13,3.3,0.0,80.9,2070,13.3,18,55.0,4.4,53.0,0.1,7483.2,12753375.1,1.3,1.4,0.5,8.0
Lao People's Democratic Republic,2001,Developing,58.7,271.0,13,3.1,0.0,80.9,94,12.7,19,55.0,4.3,52.0,0.1,7483.2,12753375.1,1.4,1.5,0.5,8.0
Lao People's Democratic Republic,2000,Developing,58.1,278.0,14,5.2,0.0,80.9,332,12.3,20,57.0,3.4,51.0,0.1,7483.2,12753375.1,1.5,1.5,0.5,8.0
Latvia,2015,Developed,74.6,153.0,0,4.6,0.0,94.0,0,61.2,0,95.0,5.9,95.0,0.1,13666.6,1977527.0,2.2,2.1,0.8,16.0
Latvia,2014,Developed,74.4,156.0,0,0.0,1542.6,92.0,36,6.7,0,92.0,5.9,92.0,0.1,15725.1,1993782.0,2.2,2.2,0.8,16.0
Latvia,2013,Developed,74.1,161.0,0,10.4,150.3,94.0,0,6.2,0,94.0,5.7,94.0,0.1,1532.2,212647.0,2.2,2.2,0.8,15.4
Latvia,2012,Developed,73.8,163.0,0,10.2,1356.0,9.0,3,59.8,0,91.0,5.9,91.0,0.1,13822.9,234319.0,2.2,2.2,0.8,15.5
Latvia,2011,Developed,73.6,169.0,0,10.1,24.7,89.0,1,59.4,0,92.0,6.1,92.0,0.1,1372.7,25979.0,2.2,2.3,0.8,15.8
Latvia,2010,Developed,72.8,18.0,0,9.8,1110.0,91.0,0,58.9,0,92.0,6.5,92.0,0.1,11326.2,297555.0,2.2,2.3,0.8,16.0
Latvia,2009,Developed,72.6,184.0,0,9.8,1137.6,92.0,0,58.5,0,94.0,6.8,94.0,0.1,12219.4,2141669.0,2.3,2.3,0.8,16.4
Latvia,2008,Developed,71.9,199.0,0,11.8,253.4,93.0,3,58.1,0,94.0,6.6,94.0,0.1,16348.5,2177322.0,2.3,2.4,0.8,16.3
Latvia,2007,Developed,78.0,221.0,0,12.1,171.0,91.0,0,57.7,0,94.0,7.1,94.0,0.1,1444.2,22325.0,2.4,2.4,0.8,16.2
Latvia,2006,Developed,75.0,229.0,0,10.4,1099.2,94.0,7,57.4,0,96.0,6.8,96.0,0.1,9668.0,2218357.0,2.4,2.5,0.8,16.2
Latvia,2005,Developed,76.0,216.0,0,9.9,86.9,99.0,2,57.0,0,99.0,6.4,99.0,0.1,7558.7,2238799.0,2.5,2.5,0.8,15.9
Latvia,2004,Developed,71.0,26.0,0,8.8,80.0,98.0,0,56.6,0,99.0,6.5,99.0,0.1,6351.8,2263122.0,2.5,2.6,0.8,15.5
Latvia,2003,Developed,78.0,29.0,0,8.2,478.1,98.0,0,56.3,0,98.0,6.2,98.0,0.1,5135.0,2287955.0,2.6,2.6,0.8,15.2
Latvia,2002,Developed,73.0,219.0,0,7.4,376.5,98.0,0,56.0,0,98.0,6.3,97.0,0.1,4132.3,231173.0,2.7,2.7,0.7,14.8
Latvia,2001,Developed,69.9,228.0,0,6.7,332.3,96.0,1,55.7,0,97.0,6.2,97.0,0.1,3572.9,233717.0,2.8,2.8,0.7,14.2
Latvia,2000,Developed,71.0,218.0,0,7.1,291.0,95.0,0,55.4,0,96.0,6.0,96.0,0.1,3352.7,236755.0,2.8,2.8,0.7,13.7
Lebanon,2015,Developing,74.9,98.0,1,4.6,0.0,81.0,39,66.1,1,75.0,5.9,81.0,0.1,846.6,5851479.0,4.9,4.9,0.8,13.3
Lebanon,2014,Developing,74.8,99.0,1,1.3,140.4,81.0,112,65.4,1,75.0,6.4,81.0,0.1,8161.5,563279.0,4.8,4.9,0.8,13.3
Lebanon,2013,Developing,74.9,97.0,1,1.3,14.6,81.0,1761,64.9,1,75.0,6.6,81.0,0.1,846.3,527612.0,4.8,4.8,0.8,13.3
Lebanon,2012,Developing,75.0,93.0,1,1.5,151.2,81.0,9,64.4,1,75.0,7.0,81.0,0.1,8787.9,491644.0,4.8,4.8,0.8,13.3
Lebanon,2011,Developing,75.0,93.0,1,1.6,835.1,81.0,9,64.0,1,75.0,7.1,81.0,0.1,8735.0,4588368.0,4.7,4.7,0.8,13.2
Lebanon,2010,Developing,74.9,94.0,1,1.6,805.4,81.0,12,63.5,1,75.0,7.2,81.0,0.1,8763.8,4337141.0,4.7,4.7,0.8,13.3
Lebanon,2009,Developing,74.7,95.0,1,1.6,8.1,81.0,22,63.0,1,75.0,7.4,81.0,0.1,84.3,4183156.0,4.7,4.7,0.7,13.2
Lebanon,2008,Developing,74.5,98.0,1,1.7,69.1,81.0,24,62.5,1,75.0,8.7,81.0,0.1,712.8,411147.0,4.7,4.7,0.7,13.1
Lebanon,2007,Developing,74.4,98.0,1,1.7,8.9,8.0,373,61.9,1,75.0,8.9,8.0,0.1,614.3,486466.0,4.7,4.6,0.7,12.9
Lebanon,2006,Developing,74.1,1.0,1,1.8,534.6,78.0,956,61.4,1,75.0,8.8,78.0,0.1,5372.7,45735.0,4.7,4.6,0.7,13.2
Lebanon,2005,Developing,73.9,11.0,1,1.9,630.1,77.0,618,6.8,1,74.0,8.4,77.0,0.1,5339.4,3986852.0,4.7,4.6,0.0,13.7
Lebanon,2004,Developing,73.7,13.0,1,2.1,618.4,75.0,213,6.2,1,74.0,8.9,75.0,0.1,5424.2,3863267.0,4.7,4.6,0.0,14.2
Lebanon,2003,Developing,73.5,15.0,1,2.2,527.9,74.0,526,59.7,1,74.0,9.3,74.0,0.1,5425.7,371464.0,4.8,4.7,0.0,14.8
Lebanon,2002,Developing,73.2,17.0,1,2.0,70.1,77.0,36,59.1,1,77.0,1.5,77.0,0.1,5436.6,3522837.0,4.8,4.7,0.0,15.2
Lebanon,2001,Developing,73.0,11.0,1,2.2,510.6,8.0,8,58.6,1,8.0,1.9,8.0,0.1,5253.1,3359859.0,4.9,4.7,0.0,15.0
Lebanon,2000,Developing,72.7,112.0,1,2.3,404.4,83.0,5,57.9,1,83.0,1.9,83.0,0.1,5334.9,3235366.0,4.9,4.8,0.0,14.9
Lesotho,2015,Developing,53.7,484.0,4,4.6,0.0,93.0,0,32.6,6,9.0,5.9,93.0,9.3,173.8,2174645.0,5.5,5.3,0.5,10.7
Lesotho,2014,Developing,52.1,522.0,4,0.0,162.1,93.0,0,32.0,6,9.0,1.6,93.0,9.4,1174.8,2145785.0,5.8,5.6,0.5,10.8
Lesotho,2013,Developing,52.1,518.0,4,0.0,153.3,93.0,516,31.4,6,9.0,11.7,93.0,9.6,1196.1,2117361.0,6.1,5.9,0.5,11.1
Lesotho,2012,Developing,52.2,513.0,4,0.0,168.1,95.0,179,3.8,6,93.0,11.1,95.0,9.0,1281.5,289928.0,6.4,6.2,0.5,11.0
Lesotho,2011,Developing,52.3,52.0,4,2.4,195.8,96.0,172,3.2,6,95.0,11.8,96.0,10.5,1352.4,264166.0,6.8,6.6,0.5,11.0
Lesotho,2010,Developing,51.1,527.0,4,2.7,154.9,93.0,2488,29.7,6,92.0,1.9,93.0,13.4,1173.3,24551.0,7.2,7.0,0.5,10.9
Lesotho,2009,Developing,49.4,566.0,4,2.8,104.3,91.0,0,29.2,6,89.0,9.8,91.0,18.2,923.1,21929.0,7.6,7.4,0.5,10.8
Lesotho,2008,Developing,47.8,592.0,5,2.8,91.9,88.0,0,28.8,6,86.0,8.8,88.0,27.3,934.4,199993.0,8.0,7.8,0.4,10.7
Lesotho,2007,Developing,46.2,633.0,4,2.7,9.2,9.0,2,28.3,6,87.0,8.5,88.0,30.0,918.4,1982287.0,8.4,8.3,0.4,10.6
Lesotho,2006,Developing,45.3,654.0,5,2.6,71.2,91.0,1,27.9,6,88.0,7.1,89.0,34.1,915.8,1965662.0,8.8,8.7,0.4,10.7
Lesotho,2005,Developing,44.5,675.0,5,2.7,57.9,87.0,0,27.4,6,88.0,6.3,89.0,34.8,862.9,1949543.0,9.3,9.2,0.4,10.7
Lesotho,2004,Developing,44.8,666.0,5,1.8,67.9,6.0,31,26.9,7,89.0,7.0,9.0,34.6,781.5,1933728.0,9.7,9.7,0.4,10.7
Lesotho,2003,Developing,45.5,648.0,5,2.0,5.3,17.0,1,26.4,7,9.0,7.1,9.0,33.8,63.6,191897.0,1.2,1.1,0.4,10.5
Lesotho,2002,Developing,46.4,622.0,5,3.0,3.5,80.9,0,25.9,7,84.0,6.9,84.0,32.5,47.9,192312.0,1.6,1.6,0.4,10.4
Lesotho,2001,Developing,47.8,586.0,5,2.9,38.6,80.9,217,25.4,7,78.0,7.5,78.0,31.2,437.8,1885955.0,11.1,11.1,0.4,10.3
Lesotho,2000,Developing,49.3,543.0,5,3.1,29.9,80.9,660,24.9,7,82.0,6.9,83.0,29.8,474.8,1868699.0,11.5,11.6,0.4,9.6
Liberia,2015,Developing,61.4,259.0,8,4.6,0.0,52.0,1060,27.3,11,52.0,5.9,52.0,0.9,452.4,4499621.0,6.5,6.4,0.4,9.9
Liberia,2014,Developing,58.1,329.0,8,0.0,54.4,5.0,34,26.7,11,49.0,1.4,5.0,0.9,458.5,439737.0,6.7,6.5,0.4,9.9
Liberia,2013,Developing,61.1,258.0,9,0.0,45.0,76.0,0,26.1,11,75.0,9.2,76.0,1.1,454.1,4286291.0,6.8,6.7,0.4,9.8
Liberia,2012,Developing,67.0,261.0,9,0.0,48.1,8.0,43,25.6,12,8.0,1.2,8.0,1.2,415.4,4181563.0,7.0,6.9,0.4,9.6
Liberia,2011,Developing,62.0,266.0,9,3.7,60.4,77.0,279,25.0,12,77.0,11.2,77.0,1.5,379.7,47167.0,7.2,7.0,0.4,9.5
Liberia,2010,Developing,59.7,272.0,9,3.6,41.9,47.0,2200,24.5,13,71.0,11.9,7.0,1.8,327.4,3948125.0,7.4,7.2,0.4,9.6
Liberia,2009,Developing,59.2,277.0,10,3.8,5.6,64.0,6,24.0,13,84.0,14.4,81.0,2.1,33.7,3811528.0,7.6,7.4,0.4,9.7
Liberia,2008,Developing,58.6,281.0,10,3.9,40.0,64.0,1,23.4,14,79.0,11.8,75.0,2.4,232.6,3662993.0,7.7,7.6,0.4,9.8
Liberia,2007,Developing,57.9,286.0,10,4.0,3.7,80.9,1,22.9,14,67.0,1.2,65.0,2.8,21.4,3512932.0,7.9,7.8,0.4,9.9
Liberia,2006,Developing,56.7,32.0,11,4.0,15.8,80.9,20,22.4,15,66.0,1.9,6.0,3.0,178.9,3375838.0,8.1,8.1,0.4,10.0
Liberia,2005,Developing,55.3,316.0,12,4.2,22.4,80.9,8,22.0,16,66.0,8.4,6.0,3.1,168.6,326123.0,8.3,8.3,0.4,10.1
Liberia,2004,Developing,54.0,329.0,12,4.2,17.9,80.9,4,21.5,17,47.0,8.8,31.0,3.2,149.4,3176414.0,8.5,8.5,0.3,10.2
Liberia,2003,Developing,50.0,42.0,13,4.2,9.8,80.9,142,21.1,18,49.0,3.4,35.0,3.2,133.5,3116233.0,8.7,8.7,0.4,10.3
Liberia,2002,Developing,56.0,371.0,13,4.3,10.4,80.9,131,2.7,19,51.0,5.4,39.0,3.1,177.3,362863.0,8.8,8.9,0.4,10.4
Liberia,2001,Developing,51.5,333.0,14,4.4,16.7,80.9,1379,2.4,20,54.0,6.4,42.0,3.1,174.2,2991132.0,9.0,9.0,0.4,10.5
Liberia,2000,Developing,51.9,39.0,14,4.5,12.2,80.9,5977,2.2,20,56.0,5.9,46.0,3.1,183.4,2884522.0,9.2,9.2,0.3,8.7
Libya,2015,Developing,72.7,138.0,1,4.6,0.0,97.0,82,64.8,2,97.0,5.9,97.0,0.1,7483.2,12753375.1,5.8,5.5,0.7,13.4
Libya,2014,Developing,72.4,143.0,2,0.0,0.0,94.0,372,63.8,2,94.0,5.0,94.0,0.1,7483.2,12753375.1,5.7,5.5,0.7,13.4
Libya,2013,Developing,72.9,134.0,2,0.0,0.0,96.0,0,62.8,2,96.0,4.3,96.0,0.1,7483.2,12753375.1,5.7,5.5,0.7,13.4
Libya,2012,Developing,72.9,133.0,2,0.0,0.0,98.0,320,61.8,2,98.0,4.3,98.0,0.1,7483.2,12753375.1,5.6,5.4,0.7,13.7
Libya,2011,Developing,71.3,161.0,2,0.0,36.1,98.0,0,6.9,2,98.0,4.8,98.0,0.1,562.5,12753375.1,5.6,5.4,0.8,14.0
Libya,2010,Developing,72.8,132.0,2,0.0,52.5,98.0,0,59.9,2,98.0,3.5,98.0,0.1,1212.6,12753375.1,5.6,5.4,0.8,14.3
Libya,2009,Developing,72.7,132.0,2,0.0,63.6,98.0,329,59.0,2,98.0,3.2,98.0,0.1,1297.0,12753375.1,5.6,5.4,0.8,14.6
Libya,2008,Developing,72.6,132.0,2,0.0,532.7,98.0,8,58.2,2,98.0,2.4,98.0,0.1,14396.5,12753375.1,5.5,5.4,0.8,14.8
Libya,2007,Developing,72.5,132.0,2,0.0,54.9,98.0,59,57.4,3,98.0,2.6,98.0,0.1,1138.6,12753375.1,5.5,5.4,0.8,15.1
Libya,2006,Developing,72.2,134.0,2,0.0,493.4,98.0,1,56.7,3,98.0,2.5,98.0,0.1,9345.0,12753375.1,5.5,5.4,0.8,15.4
Libya,2005,Developing,71.9,138.0,2,0.0,472.3,97.0,292,56.0,3,98.0,2.7,98.0,0.1,8171.4,12753375.1,5.5,5.4,0.7,15.7
Libya,2004,Developing,71.5,141.0,2,0.0,31.8,99.0,2771,55.3,3,97.0,3.5,97.0,0.1,586.8,12753375.1,5.5,5.4,0.7,15.9
Libya,2003,Developing,71.3,144.0,3,0.0,295.1,96.0,0,54.6,3,95.0,4.6,95.0,0.1,4677.0,12753375.1,5.6,5.4,0.7,16.0
Libya,2002,Developing,71.1,146.0,3,0.0,29.1,91.0,3890,54.0,3,93.0,4.6,93.0,0.1,375.4,12753375.1,5.6,5.4,0.7,15.8
Libya,2001,Developing,71.0,147.0,3,0.0,362.4,93.0,633,53.4,3,94.0,4.6,94.0,0.1,6269.6,12753375.1,5.6,5.5,0.7,15.7
Libya,2000,Developing,78.0,148.0,3,0.0,457.3,92.0,0,52.8,3,94.0,3.4,94.0,0.1,7145.6,12753375.1,5.7,5.5,0.7,15.5
Lithuania,2015,Developed,73.6,165.0,0,4.6,0.0,94.0,50,62.4,0,93.0,5.9,93.0,0.1,14252.4,29491.0,2.6,2.6,0.8,16.5
Lithuania,2014,Developed,73.4,169.0,0,15.2,2211.7,94.0,11,61.9,0,93.0,6.5,93.0,0.1,16555.0,2932367.0,2.6,2.7,0.8,16.5
Lithuania,2013,Developed,73.0,178.0,0,15.0,1968.8,93.0,35,61.4,0,93.0,6.6,93.0,0.1,15712.8,2957689.0,2.7,2.7,0.8,16.4
Lithuania,2012,Developed,73.0,176.0,0,15.1,1807.1,93.0,0,6.9,0,93.0,6.7,93.0,0.1,14341.8,2987773.0,2.7,2.7,0.8,16.5
Lithuania,2011,Developed,72.8,18.0,0,12.7,1758.8,95.0,7,6.5,0,92.0,6.9,92.0,0.1,14357.7,328115.0,2.7,2.8,0.8,16.7
Lithuania,2010,Developed,72.4,188.0,0,12.9,1423.8,94.0,2,6.0,0,95.0,7.9,95.0,0.1,11984.9,397282.0,2.8,2.8,0.8,16.8
Lithuania,2009,Developed,72.2,192.0,0,12.4,1446.5,95.0,0,59.7,0,98.0,7.5,98.0,0.1,11837.4,3162916.0,2.8,2.9,0.8,16.6
Lithuania,2008,Developed,71.1,224.0,0,13.3,1888.1,96.0,1,59.3,0,96.0,6.6,96.0,0.1,14961.6,3198231.0,2.9,2.9,0.8,16.5
Lithuania,2007,Developed,72.0,24.0,0,13.4,1581.5,96.0,0,59.0,0,95.0,6.2,95.0,0.1,12297.9,3231294.0,2.9,3.0,0.8,16.4
Lithuania,2006,Developed,76.0,229.0,0,12.7,116.5,95.0,1,58.7,0,94.0,6.2,94.0,0.1,924.6,326999.0,3.0,3.0,0.8,16.4
Lithuania,2005,Developed,78.0,222.0,0,12.3,913.7,95.0,1,58.4,0,93.0,5.8,94.0,0.1,7863.2,3322528.0,3.0,3.1,0.8,16.2
Lithuania,2004,Developed,71.6,24.0,0,12.1,76.4,94.0,1,58.1,0,9.0,5.7,94.0,0.1,677.0,337775.0,3.1,3.1,0.8,16.3
Lithuania,2003,Developed,71.6,22.0,0,11.3,81.0,95.0,1,57.8,0,91.0,6.5,94.0,0.1,555.5,3415213.0,3.2,3.2,0.8,15.8
Lithuania,2002,Developed,71.4,22.0,0,11.0,561.9,94.0,103,57.5,0,97.0,6.4,95.0,0.1,4147.0,344367.0,3.3,3.3,0.8,15.3
Lithuania,2001,Developed,71.2,21.0,0,10.2,42.9,95.0,7,57.2,0,97.0,6.3,95.0,0.1,353.1,347818.0,3.3,3.3,0.8,14.7
Lithuania,2000,Developed,71.6,2.0,0,9.9,373.3,98.0,19,56.9,0,92.0,6.5,94.0,0.1,3297.4,3499536.0,3.4,3.4,0.7,14.0
Luxembourg,2015,Developed,82.0,63.0,0,4.6,0.0,94.0,0,61.3,0,99.0,5.9,99.0,0.1,1199.8,56964.0,1.0,0.9,0.9,13.9
Luxembourg,2014,Developed,81.7,65.0,0,11.1,16255.2,94.0,0,6.9,0,99.0,6.9,99.0,0.1,119172.7,556319.0,1.0,0.9,0.9,13.9
Luxembourg,2013,Developed,81.4,68.0,0,11.0,15515.8,94.0,0,6.5,0,99.0,7.1,99.0,0.1,113751.9,54336.0,0.9,0.9,0.9,13.9
Luxembourg,2012,Developed,81.1,7.0,0,11.3,2284.6,94.0,2,6.1,0,99.0,7.2,99.0,0.1,16749.1,53946.0,0.9,0.9,0.9,13.9
Luxembourg,2011,Developed,88.0,72.0,0,11.5,17028.5,95.0,6,59.6,0,96.0,7.3,99.0,0.1,115761.6,518347.0,0.9,0.9,0.9,13.9
Luxembourg,2010,Developed,86.0,73.0,0,11.4,2267.3,94.0,0,59.2,0,96.0,7.7,99.0,0.1,14965.4,56953.0,0.9,0.9,0.9,13.7
Luxembourg,2009,Developed,83.0,76.0,0,11.4,2052.4,95.0,0,58.8,0,96.0,8.1,99.0,0.1,13198.7,497783.0,0.9,0.9,0.9,13.5
Luxembourg,2008,Developed,80.0,8.0,0,11.5,18961.3,94.0,1,58.4,0,96.0,7.3,99.0,0.1,114293.8,48865.0,0.9,0.9,0.9,13.5
Luxembourg,2007,Developed,79.7,82.0,0,11.8,267.1,87.0,0,57.9,0,96.0,6.8,99.0,0.1,1618.5,479993.0,0.9,0.9,0.9,13.5
Luxembourg,2006,Developed,79.4,85.0,0,12.0,15345.5,95.0,8,57.5,0,99.0,7.8,99.0,0.1,89739.7,472637.0,0.9,0.9,0.9,13.5
Luxembourg,2005,Developed,78.8,9.0,0,11.8,1346.2,95.0,0,57.0,0,99.0,8.0,99.0,0.1,8289.7,465158.0,1.0,0.9,0.9,13.5
Luxembourg,2004,Developed,78.7,92.0,0,12.4,12372.1,94.0,0,56.4,0,99.0,8.2,99.0,0.1,75716.4,45895.0,1.0,0.9,0.9,13.5
Luxembourg,2003,Developed,78.6,92.0,0,12.6,10111.4,95.0,1,55.8,0,99.0,7.7,98.0,0.1,65445.9,45163.0,1.0,0.9,0.9,13.6
Luxembourg,2002,Developed,78.3,95.0,0,12.9,910.5,95.0,0,55.2,0,99.0,8.3,99.0,0.1,5293.6,446175.0,1.0,0.9,0.9,13.5
Luxembourg,2001,Developed,78.0,96.0,0,12.9,7877.3,86.0,0,54.6,0,99.0,7.4,99.0,0.1,48179.4,441525.0,1.0,1.0,0.9,13.4
Luxembourg,2000,Developed,77.8,98.0,0,13.1,8246.1,77.0,0,54.0,0,99.0,7.5,99.0,0.1,48736.0,4363.0,1.0,1.0,0.8,13.5
Madagascar,2015,Developing,65.5,22.0,28,4.6,0.0,69.0,3,2.5,38,71.0,5.9,69.0,0.3,41.9,2423488.0,7.1,7.1,0.5,10.3
Madagascar,2014,Developing,65.1,225.0,29,0.0,5.3,73.0,3,2.0,39,73.0,3.4,73.0,0.3,452.5,2358981.0,7.2,7.1,0.5,10.3
Madagascar,2013,Developing,64.7,23.0,29,0.9,79.5,74.0,6,19.5,40,73.0,4.2,74.0,0.4,461.7,22961146.0,7.3,7.2,0.5,10.3
Madagascar,2012,Developing,64.3,235.0,30,0.9,60.0,7.0,2,19.0,42,71.0,3.5,7.0,0.4,444.0,22346573.0,7.4,7.3,0.5,10.2
Madagascar,2011,Developing,63.8,241.0,31,1.0,78.8,73.0,0,18.5,43,73.0,4.2,73.0,0.4,455.0,21743949.0,7.5,7.4,0.5,10.2
Madagascar,2010,Developing,63.3,248.0,32,1.0,76.6,7.0,1,18.0,45,7.0,4.9,7.0,0.5,412.7,2115164.0,7.6,7.5,0.5,10.2
Madagascar,2009,Developing,62.8,254.0,33,0.9,71.2,77.0,0,17.6,47,76.0,4.7,77.0,0.5,415.7,2569121.0,7.7,7.6,0.5,9.7
Madagascar,2008,Developing,62.3,259.0,34,0.7,6.4,77.0,3,17.1,49,77.0,4.5,77.0,0.5,47.7,19996469.0,7.8,7.7,0.5,9.4
Madagascar,2007,Developing,61.9,261.0,35,0.7,55.4,84.0,0,16.7,51,83.0,5.0,84.0,0.6,377.8,19433523.0,7.9,7.8,0.5,9.1
Madagascar,2006,Developing,61.4,263.0,36,0.7,38.4,82.0,2,16.3,54,83.0,5.1,85.0,0.6,292.2,1888268.0,8.0,7.9,0.5,9.0
Madagascar,2005,Developing,69.0,265.0,37,0.7,33.7,81.0,0,15.8,56,8.0,5.3,85.0,0.6,274.8,18336724.0,8.1,8.0,0.5,8.9
Madagascar,2004,Developing,64.0,267.0,38,0.8,23.7,71.0,35558,15.4,58,74.0,4.9,78.0,0.6,245.1,1782997.0,8.2,8.1,0.5,8.7
Madagascar,2003,Developing,59.9,268.0,40,0.9,37.1,61.0,62233,15.0,60,65.0,4.8,66.0,0.7,316.8,17279141.0,8.3,8.3,0.5,8.5
Madagascar,2002,Developing,59.3,271.0,41,0.9,47.5,51.0,10795,14.7,63,61.0,5.3,62.0,0.7,262.3,16765117.0,8.5,8.4,0.5,8.3
Madagascar,2001,Developing,58.7,276.0,42,1.1,42.6,80.9,9357,14.3,65,6.0,5.2,6.0,0.7,278.6,1626932.0,8.6,8.5,0.5,8.2
Madagascar,2000,Developing,57.9,283.0,44,1.2,35.7,80.9,35256,13.9,68,58.0,5.8,57.0,0.6,245.9,1576686.0,8.7,8.6,0.0,8.0
Malawi,2015,Developing,58.3,365.0,26,4.6,0.0,88.0,0,19.6,38,88.0,5.9,88.0,4.8,362.7,1757367.0,6.4,6.2,0.5,10.8
Malawi,2014,Developing,57.6,377.0,27,0.0,59.5,91.0,3,19.2,40,87.0,11.4,91.0,5.1,354.7,1768838.0,6.5,6.3,0.5,10.7
Malawi,2013,Developing,56.7,394.0,29,0.0,55.8,89.0,1,18.8,42,89.0,2.0,89.0,6.3,332.9,16577147.0,6.5,6.4,0.5,10.7
Malawi,2012,Developing,55.3,42.0,31,0.0,82.8,96.0,11,18.4,46,95.0,12.6,96.0,8.3,374.5,169735.0,6.6,6.5,0.5,10.7
Malawi,2011,Developing,54.1,441.0,32,1.2,13.8,97.0,26,18.0,50,97.0,11.7,97.0,11.2,512.1,15627618.0,6.7,6.6,0.4,10.6
Malawi,2010,Developing,52.9,462.0,35,1.1,9.7,93.0,118712,17.6,54,86.0,1.5,93.0,13.7,458.9,1516795.0,6.8,6.7,0.4,10.2
Malawi,2009,Developing,51.5,491.0,36,1.2,7.9,93.0,21,17.3,56,93.0,1.2,93.0,14.9,42.7,1471462.0,6.9,6.8,0.4,9.9
Malawi,2008,Developing,50.0,525.0,36,1.3,74.3,91.0,20,16.9,58,92.0,1.7,91.0,16.9,372.8,14271234.0,7.0,6.9,0.4,9.6
Malawi,2007,Developing,48.5,559.0,37,1.2,4.3,87.0,143,16.6,59,88.0,9.3,87.0,19.3,32.2,1384969.0,7.1,7.0,0.4,9.7
Malawi,2006,Developing,47.1,587.0,38,1.2,6.8,99.0,1,16.2,61,99.0,9.0,99.0,21.1,297.7,13429262.0,7.3,7.1,0.4,9.6
Malawi,2005,Developing,46.0,66.0,39,1.0,5.7,93.0,184,15.9,62,94.0,8.2,93.0,22.4,28.4,1339711.0,7.4,7.2,0.4,9.7
Malawi,2004,Developing,45.1,615.0,40,1.1,58.1,89.0,1116,15.5,65,94.0,7.8,89.0,23.4,274.2,1267638.0,7.5,7.4,0.4,10.0
Malawi,2003,Developing,44.6,613.0,43,1.1,4.4,84.0,167,15.2,70,85.0,6.3,84.0,24.2,26.2,12336687.0,7.6,7.5,0.4,10.3
Malawi,2002,Developing,44.0,67.0,46,1.1,3.9,64.0,92,14.8,75,79.0,4.8,64.0,24.7,30.0,1213711.0,7.7,7.6,0.4,10.4
Malawi,2001,Developing,43.5,599.0,48,1.1,12.8,80.9,150,14.4,80,86.0,5.7,9.0,25.1,146.8,11695863.0,7.9,7.7,0.4,10.1
Malawi,2000,Developing,43.1,588.0,51,1.2,13.8,80.9,304,14.1,84,73.0,6.7,75.0,25.5,153.3,11376172.0,8.0,7.9,0.4,10.7
Malaysia,2015,Developing,75.0,123.0,4,4.6,0.0,99.0,1318,4.6,4,99.0,5.9,99.0,0.1,9643.6,3723155.0,7.5,7.3,0.8,13.1
Malaysia,2014,Developing,74.8,126.0,4,0.5,721.4,96.0,221,39.5,4,97.0,4.2,97.0,0.1,11184.0,322817.0,7.6,7.4,0.8,13.0
Malaysia,2013,Developing,74.6,128.0,3,0.5,110.7,96.0,195,38.5,4,97.0,4.2,97.0,0.1,1882.3,2976724.0,7.8,7.6,0.8,12.9
Malaysia,2012,Developing,74.5,129.0,3,0.5,101.6,97.0,1868,37.4,4,97.0,4.1,97.0,0.1,1779.5,2917456.0,7.9,7.7,0.8,12.9
Malaysia,2011,Developing,74.3,13.0,3,0.5,9.2,96.0,1569,36.3,4,96.0,3.9,96.0,0.1,145.1,28635128.0,8.0,7.8,0.8,13.0
Malaysia,2010,Developing,74.1,131.0,3,0.5,65.6,96.0,73,35.3,4,96.0,4.0,96.0,0.1,971.4,28112289.0,8.2,8.0,0.8,12.8
Malaysia,2009,Developing,74.0,131.0,3,0.5,431.5,96.0,153,34.4,4,97.0,4.0,97.0,0.1,7326.7,2765383.0,8.3,8.2,0.8,12.6
Malaysia,2008,Developing,73.8,132.0,3,0.5,438.5,97.0,334,33.4,4,97.0,3.5,97.0,0.1,8513.6,2711169.0,8.5,8.3,0.7,12.5
Malaysia,2007,Developing,73.7,133.0,3,0.4,410.0,96.0,394,32.5,4,97.0,3.6,97.0,0.1,7269.2,26625845.0,8.7,8.5,0.7,12.3
Malaysia,2006,Developing,73.6,134.0,3,0.4,365.9,95.0,564,31.6,4,95.0,3.6,95.0,0.1,6223.0,26143566.0,8.8,8.6,0.7,12.7
Malaysia,2005,Developing,73.4,135.0,3,0.5,297.6,96.0,1407,3.7,4,96.0,3.3,96.0,0.1,5593.8,25659393.0,9.0,8.8,0.7,12.9
Malaysia,2004,Developing,73.2,137.0,3,0.5,315.7,94.0,5729,29.8,4,95.0,3.7,95.0,0.1,4955.5,2517419.0,9.2,8.9,0.7,12.7
Malaysia,2003,Developing,73.1,138.0,3,0.5,264.2,95.0,632,28.8,4,96.0,4.0,96.0,0.1,4463.7,2468873.0,9.3,9.1,0.7,12.1
Malaysia,2002,Developing,72.9,14.0,4,0.5,216.7,95.0,408,27.9,4,94.0,3.4,94.0,0.1,4167.4,24198811.0,9.5,9.3,0.7,12.0
Malaysia,2001,Developing,72.7,144.0,4,0.5,210.2,95.0,2198,27.0,5,95.0,3.4,96.0,0.1,3915.1,2369897.0,9.7,9.4,0.7,11.9
Malaysia,2000,Developing,72.4,149.0,4,0.5,23.4,97.0,6187,26.0,5,98.0,3.4,98.0,0.1,445.2,2318568.0,9.8,9.6,0.7,11.6
Maldives,2015,Developing,78.5,61.0,0,4.6,0.0,99.0,0,27.4,0,99.0,5.9,99.0,0.1,8395.8,49163.0,13.6,13.6,0.7,12.7
Maldives,2014,Developing,78.2,62.0,0,0.0,2051.7,99.0,0,26.2,0,99.0,13.7,99.0,0.1,7716.2,41.0,13.6,13.7,0.7,12.7
Maldives,2013,Developing,77.9,64.0,0,0.0,1626.6,99.0,0,25.1,0,99.0,11.2,99.0,0.1,7112.3,393.0,13.7,13.8,0.7,12.4
Maldives,2012,Developing,77.6,65.0,0,0.0,1259.9,99.0,0,24.1,0,99.0,9.2,99.0,0.1,6541.7,385.0,13.8,13.9,0.7,12.1
Maldives,2011,Developing,77.3,67.0,0,1.9,1079.9,96.0,0,23.1,0,96.0,8.1,96.0,0.1,6497.6,377.0,13.9,14.0,0.7,11.8
Maldives,2010,Developing,76.7,73.0,0,1.8,91.1,97.0,0,22.1,0,97.0,7.9,96.0,0.1,633.8,367.0,14.0,14.1,0.7,11.6
Maldives,2009,Developing,76.3,75.0,0,1.6,100.5,98.0,6,21.2,0,98.0,9.2,98.0,0.1,597.2,36.0,14.1,14.2,0.7,11.8
Maldives,2008,Developing,75.9,81.0,0,1.8,1077.7,98.0,0,2.3,0,98.0,9.3,98.0,0.1,5828.6,362.0,14.2,14.3,0.6,11.8
Maldives,2007,Developing,75.4,82.0,0,1.8,6.5,98.0,20,19.5,0,98.0,6.6,98.0,0.1,52.9,349.0,14.3,14.4,0.6,11.9
Maldives,2006,Developing,75.0,88.0,0,1.6,659.8,98.0,47,18.7,0,98.0,7.4,98.0,0.1,4428.5,333.0,14.3,14.5,0.6,12.0
Maldives,2005,Developing,74.3,93.0,0,1.5,621.0,98.0,1395,18.0,0,98.0,9.5,98.0,0.1,3488.5,321.0,14.4,14.5,0.6,12.1
Maldives,2004,Developing,73.4,16.0,0,1.6,611.9,97.0,37,17.3,0,96.0,5.9,96.0,0.1,3853.3,312.0,14.5,14.6,0.6,12.2
Maldives,2003,Developing,72.7,112.0,0,1.8,491.5,98.0,75,16.7,0,98.0,5.9,98.0,0.1,3432.2,34.0,14.6,14.7,0.6,11.8
Maldives,2002,Developing,71.8,124.0,0,1.9,4.3,98.0,926,16.2,0,98.0,5.8,98.0,0.1,32.4,297.0,14.6,14.7,0.6,12.0
Maldives,2001,Developing,78.0,129.0,0,2.0,41.3,98.0,0,15.6,0,97.0,5.8,98.0,0.1,298.7,292.0,14.7,14.8,0.6,11.8
Maldives,2000,Developing,69.6,139.0,0,1.8,300.2,96.0,20,15.2,0,98.0,8.0,98.0,0.1,2183.0,286.0,14.8,14.8,0.6,11.3
Mali,2015,Developing,58.2,266.0,52,4.6,0.0,64.0,215,23.8,84,66.0,5.9,64.0,1.5,729.7,1746795.0,7.7,7.5,0.4,8.4
Mali,2014,Developing,57.8,272.0,52,0.0,46.6,73.0,290,23.2,85,74.0,6.9,73.0,1.6,825.6,16962846.0,7.9,7.7,0.4,8.2
Mali,2013,Developing,57.3,275.0,53,0.0,36.9,69.0,221,22.5,86,7.0,6.6,69.0,1.6,777.7,16477818.0,8.1,7.9,0.4,8.0
Mali,2012,Developing,57.2,27.0,53,0.0,96.5,66.0,341,21.9,88,72.0,6.5,66.0,1.5,777.3,16667.0,8.3,8.1,0.4,7.7
Mali,2011,Developing,56.8,271.0,54,0.6,101.8,66.0,24,21.3,90,72.0,6.6,66.0,1.5,835.9,1554989.0,8.5,8.3,0.4,7.5
Mali,2010,Developing,56.5,273.0,54,0.6,9.6,72.0,1719,2.7,91,77.0,6.3,73.0,1.5,78.4,157585.0,8.8,8.5,0.4,7.3
Mali,2009,Developing,56.0,276.0,55,0.6,84.6,71.0,2939,2.2,93,77.0,6.8,73.0,1.6,697.2,1466597.0,9.0,8.8,0.4,7.1
Mali,2008,Developing,55.5,278.0,55,0.6,102.1,74.0,98,19.6,94,74.0,6.7,74.0,1.6,689.7,14138216.0,9.2,9.0,0.4,5.8
Mali,2007,Developing,55.0,282.0,56,0.6,81.8,74.0,2,19.0,96,76.0,7.0,74.0,1.7,595.6,1367566.0,9.4,9.3,0.4,6.4
Mali,2006,Developing,54.3,288.0,57,0.5,67.7,9.0,128,18.5,98,79.0,6.6,78.0,1.8,521.6,1322764.0,9.7,9.5,0.3,6.1
Mali,2005,Developing,53.6,29.0,57,0.6,60.2,83.0,33,18.0,101,78.0,6.3,77.0,1.9,487.9,12798763.0,9.9,9.7,0.3,5.8
Mali,2004,Developing,52.8,296.0,58,0.5,57.1,73.0,172,17.5,103,7.0,6.3,69.0,2.0,439.4,1239196.0,1.1,1.0,0.3,5.5
Mali,2003,Developing,52.0,299.0,59,0.5,6.7,79.0,232,17.0,106,67.0,6.2,63.0,2.2,391.8,125128.0,1.3,1.2,0.3,5.2
Mali,2002,Developing,51.2,31.0,60,0.5,3.7,80.9,717,16.5,108,65.0,6.3,61.0,2.3,334.2,11638929.0,1.5,1.5,0.3,4.9
Mali,2001,Developing,55.0,34.0,60,0.5,4.4,80.9,4464,16.1,110,56.0,6.4,49.0,2.4,36.8,11293258.0,1.8,1.7,0.3,4.6
Mali,2000,Developing,49.8,37.0,60,0.5,23.9,80.9,1578,15.6,111,53.0,6.3,43.0,2.5,269.3,196769.0,11.0,1.9,0.3,4.4
Malta,2015,Developed,81.7,54.0,0,4.6,0.0,95.0,2,69.6,0,97.0,5.9,97.0,0.1,23819.5,431874.0,0.8,0.8,0.9,14.6
Malta,2014,Developed,81.4,55.0,0,8.5,409.6,9.0,0,69.2,0,99.0,9.8,99.0,0.1,2618.9,427364.0,0.8,0.8,0.8,14.3
Malta,2013,Developed,81.1,57.0,0,8.6,374.3,94.0,0,68.8,0,99.0,9.9,99.0,0.1,2393.2,423374.0,0.8,0.7,0.8,14.2
Malta,2012,Developed,81.0,58.0,0,7.7,343.1,93.0,0,68.4,0,99.0,9.9,99.0,0.1,2193.9,419455.0,0.8,0.7,0.8,14.1
Malta,2011,Developed,87.0,59.0,0,6.9,3601.3,82.0,3,68.0,0,96.0,9.6,96.0,0.1,22821.8,416268.0,0.8,0.7,0.8,14.8
Malta,2010,Developed,83.0,62.0,0,7.9,278.1,75.0,0,67.6,0,76.0,8.3,76.0,0.1,2187.8,41458.0,0.8,0.7,0.8,14.6
Malta,2009,Developed,82.0,63.0,0,7.4,335.5,86.0,1,67.1,0,73.0,8.3,73.0,0.1,2675.6,412477.0,0.8,0.7,0.8,14.4
Malta,2008,Developed,80.0,64.0,0,7.1,2655.6,86.0,1,66.6,0,72.0,8.2,72.0,0.1,21928.8,49379.0,0.7,0.7,0.8,14.6
Malta,2007,Developed,79.6,65.0,0,7.5,2578.9,82.0,2,66.1,0,76.0,8.4,74.0,0.1,19375.6,46724.0,0.7,0.7,0.8,14.4
Malta,2006,Developed,79.3,66.0,0,8.8,2380.7,86.0,1,65.6,0,83.0,8.9,85.0,0.1,16671.6,4538.0,0.7,0.7,0.8,14.8
Malta,2005,Developed,79.0,67.0,0,6.4,2247.0,85.0,6,65.0,0,94.0,8.8,92.0,0.1,15835.3,43834.0,0.7,0.7,0.8,14.8
Malta,2004,Developed,78.7,69.0,0,6.5,203.3,85.0,4,64.5,0,89.0,8.5,89.0,0.1,1519.5,41268.0,0.7,0.7,0.8,14.2
Malta,2003,Developed,78.5,71.0,0,6.7,1678.4,89.0,4,63.9,0,94.0,8.6,94.0,0.1,13690.0,398582.0,0.7,0.7,0.8,13.8
Malta,2002,Developed,78.2,75.0,0,5.7,1552.7,80.9,7,63.4,0,95.0,7.9,95.0,0.1,11843.9,395969.0,0.7,0.7,0.8,13.8
Malta,2001,Developed,77.8,79.0,0,5.6,130.0,80.9,2,62.8,0,95.0,7.1,95.0,0.1,1121.8,39328.0,0.7,0.7,0.8,13.7
Malta,2000,Developed,77.5,8.0,0,5.6,134.4,80.9,2,62.3,0,94.0,6.8,94.0,0.1,1139.6,3987.0,0.8,0.7,0.8,13.8
Marshall Islands,2013,Developing,69.2,164.8,0,0.0,871.9,8.0,0,81.6,0,79.0,17.2,79.0,0.1,3617.8,12753375.1,0.1,0.1,0.6,0.0
Mauritania,2015,Developing,63.1,25.0,8,4.6,0.0,73.0,1,3.8,12,67.0,5.9,73.0,0.9,1158.3,4182341.0,7.8,7.5,0.5,8.5
Mauritania,2014,Developing,63.0,26.0,8,0.0,80.9,84.0,14,3.1,12,84.0,3.8,84.0,0.9,1326.7,46392.0,8.0,7.7,0.5,8.5
Mauritania,2013,Developing,62.7,28.0,8,0.0,8.9,8.0,62,29.4,12,8.0,3.6,8.0,1.1,145.6,394617.0,8.1,7.9,0.5,8.2
Mauritania,2012,Developing,62.5,29.0,8,0.0,62.5,8.0,35,28.8,12,8.0,3.4,8.0,1.2,1364.3,383239.0,8.3,8.1,0.5,7.8
Mauritania,2011,Developing,62.2,212.0,8,0.0,79.3,75.0,234,28.1,12,73.0,2.9,75.0,1.2,1393.3,3717672.0,8.5,8.3,0.5,7.7
Mauritania,2010,Developing,62.0,214.0,8,0.0,8.4,64.0,1292,27.4,12,52.0,3.3,64.0,1.2,123.4,369543.0,8.7,8.5,0.5,7.6
Mauritania,2009,Developing,61.7,215.0,8,0.0,11.1,64.0,322,26.8,12,63.0,3.8,64.0,1.2,146.8,356288.0,8.9,8.7,0.5,7.1
Mauritania,2008,Developing,61.4,217.0,8,0.0,61.8,74.0,4,26.1,12,73.0,3.2,74.0,1.3,1167.5,347541.0,9.2,8.9,0.5,7.2
Mauritania,2007,Developing,61.2,219.0,8,0.0,7.4,74.0,11,25.5,12,75.0,3.5,75.0,1.3,113.3,3312665.0,9.4,9.1,0.5,7.4
Mauritania,2006,Developing,69.0,221.0,8,0.0,55.8,68.0,22,24.8,12,68.0,3.2,68.0,1.3,944.1,322653.0,9.6,9.4,0.5,7.2
Mauritania,2005,Developing,66.0,223.0,8,0.0,55.1,42.0,127,24.2,12,71.0,4.2,71.0,1.3,697.7,31372.0,9.8,9.6,0.5,7.2
Mauritania,2004,Developing,64.0,224.0,8,0.0,5.0,80.9,5039,23.6,12,68.0,4.7,7.0,1.3,62.5,342823.0,1.0,9.8,0.5,6.7
Mauritania,2003,Developing,63.0,226.0,8,0.0,29.7,80.9,3611,22.9,12,75.0,4.5,76.0,1.3,528.6,2957117.0,1.3,1.1,0.4,6.6
Mauritania,2002,Developing,62.0,228.0,7,0.0,4.1,80.9,883,22.3,12,91.0,5.3,89.0,1.2,47.0,2873228.0,1.5,1.3,0.4,6.5
Mauritania,2001,Developing,61.0,229.0,7,0.0,28.8,80.9,1398,21.7,12,75.0,4.3,75.0,1.2,464.2,279729.0,1.7,1.5,0.4,6.5
Mauritania,2000,Developing,60.0,23.0,7,0.0,8.6,80.9,0,21.1,11,58.0,5.3,51.0,1.1,477.5,279359.0,1.9,1.7,0.4,6.4
Mauritius,2015,Developing,74.6,146.0,0,4.6,0.0,97.0,0,33.3,0,98.0,5.9,97.0,0.1,9252.1,126265.0,6.9,6.8,0.8,15.2
Mauritius,2014,Developing,74.2,148.0,0,0.0,115.3,97.0,0,32.8,0,98.0,4.8,97.0,0.1,1153.9,126934.0,7.0,6.9,0.8,14.7
Mauritius,2013,Developing,74.1,147.0,0,0.0,917.5,98.0,0,32.3,0,98.0,4.8,98.0,0.1,9637.3,1258653.0,7.0,7.0,0.8,14.7
Mauritius,2012,Developing,73.9,154.0,0,0.0,915.2,98.0,0,31.8,0,98.0,4.8,98.0,0.1,9291.2,1255882.0,7.1,7.0,0.8,14.3
Mauritius,2011,Developing,73.6,158.0,0,3.0,918.8,98.0,2,31.3,0,98.0,5.2,98.0,0.1,9197.3,125244.0,7.1,7.1,0.7,14.1
Mauritius,2010,Developing,73.3,163.0,0,3.0,0.1,99.0,12,3.7,0,99.0,5.3,99.0,0.2,8.4,1254.0,7.2,7.2,0.7,14.0
Mauritius,2009,Developing,72.8,166.0,0,2.8,624.2,99.0,15,3.2,0,99.0,5.0,99.0,0.1,7318.1,1247429.0,7.3,7.3,0.7,13.8
Mauritius,2008,Developing,72.7,166.0,0,2.5,6.6,99.0,12,29.7,0,99.0,4.6,99.0,0.1,83.6,1244121.0,7.4,7.3,0.7,13.6
Mauritius,2007,Developing,72.9,161.0,0,3.2,582.5,97.0,13,29.1,0,96.0,4.2,97.0,0.1,6574.7,123963.0,7.5,7.4,0.7,13.5
Mauritius,2006,Developing,71.8,165.0,0,3.7,502.4,97.0,3,28.6,0,98.0,4.4,97.0,0.1,5696.0,1233996.0,7.6,7.5,0.7,13.4
Mauritius,2005,Developing,72.1,168.0,0,3.9,479.9,97.0,7,28.0,0,97.0,4.5,97.0,0.1,5116.5,1228254.0,7.7,7.6,0.7,13.0
Mauritius,2004,Developing,71.9,168.0,0,4.2,509.4,98.0,28,27.5,0,98.0,4.3,98.0,0.1,5229.9,12213.0,7.8,7.7,0.7,12.8
Mauritius,2003,Developing,71.5,174.0,0,4.1,407.8,97.0,777,26.9,0,99.0,4.2,99.0,0.1,4623.3,121337.0,7.9,7.8,0.7,12.6
Mauritius,2002,Developing,71.5,179.0,0,4.1,369.6,88.0,0,26.4,0,88.0,4.2,88.0,0.1,3957.5,124621.0,7.9,7.9,0.7,12.5
Mauritius,2001,Developing,71.5,177.0,0,4.4,70.2,92.0,0,25.8,0,93.0,3.9,92.0,0.1,3792.2,1196287.0,8.0,8.0,0.7,12.2
Mauritius,2000,Developing,71.0,177.0,0,4.6,336.3,88.0,0,25.3,0,88.0,3.8,88.0,0.1,3861.3,1186873.0,8.1,8.1,0.7,12.1
Mexico,2015,Developing,76.7,122.0,30,4.6,0.0,82.0,0,63.5,35,87.0,5.9,87.0,0.1,9143.1,12589949.0,1.5,1.5,0.8,13.3
Mexico,2014,Developing,76.6,122.0,31,5.3,168.2,84.0,3,62.8,36,87.0,6.3,87.0,0.1,1452.3,1242216.0,1.6,1.5,0.8,13.1
Mexico,2013,Developing,76.6,12.0,32,5.2,150.4,82.0,0,62.1,37,83.0,6.3,83.0,0.1,1298.9,122535969.0,1.6,1.5,0.8,12.9
Mexico,2012,Developing,76.3,123.0,33,5.3,112.7,99.0,0,61.5,38,99.0,6.2,99.0,0.1,982.5,1282837.0,1.6,1.5,0.7,12.7
Mexico,2011,Developing,76.1,124.0,34,5.3,1117.2,98.0,3,6.8,39,97.0,6.4,97.0,0.1,9834.5,119917.0,1.6,1.6,0.7,12.6
Mexico,2010,Developing,75.6,127.0,35,5.2,1033.0,93.0,0,6.1,40,95.0,6.4,95.0,0.1,8959.6,117318941.0,1.6,1.6,0.7,12.5
Mexico,2009,Developing,75.7,13.0,36,5.3,881.7,95.0,0,59.4,42,95.0,6.6,95.0,0.1,7748.1,11555228.0,1.7,1.6,0.7,12.5
Mexico,2008,Developing,75.6,127.0,37,5.4,159.9,97.0,0,58.7,43,96.0,6.6,96.0,0.1,9689.5,11366189.0,1.7,1.6,0.7,12.3
Mexico,2007,Developing,76.0,123.0,38,5.3,105.7,98.0,0,57.9,45,98.0,5.9,98.0,0.1,933.3,111836346.0,1.7,1.7,0.7,12.3
Mexico,2006,Developing,75.8,125.0,40,5.1,980.3,98.0,23,57.2,47,98.0,5.8,98.0,0.1,8767.9,1192378.0,1.8,1.7,0.7,12.2
Mexico,2005,Developing,75.3,126.0,42,4.9,998.3,98.0,6,56.4,49,98.0,6.4,98.0,0.1,7986.8,18472228.0,1.8,1.7,0.7,12.2
Mexico,2004,Developing,75.4,124.0,44,4.9,920.8,98.0,64,55.7,52,98.0,6.1,98.0,0.1,7199.6,16995583.0,1.8,1.8,0.7,12.1
Mexico,2003,Developing,75.0,127.0,46,4.9,781.2,98.0,44,54.9,55,98.0,6.2,98.0,0.1,6752.0,1564453.0,1.9,1.8,0.7,11.9
Mexico,2002,Developing,75.0,127.0,49,4.8,12.2,97.0,0,54.1,58,98.0,5.5,97.0,0.1,716.8,1435568.0,1.9,1.8,0.7,11.6
Mexico,2001,Developing,75.0,126.0,52,4.9,13.3,97.0,3,53.2,62,97.0,5.3,97.0,0.1,731.4,136768.0,1.9,1.9,0.7,11.6
Mexico,2000,Developing,74.8,129.0,55,5.0,10.2,97.0,30,52.4,66,97.0,5.0,97.0,0.1,672.9,11719673.0,2.0,1.9,0.7,11.4
Micronesia (Federated States of),2015,Developing,69.4,166.0,0,4.6,0.0,78.0,0,69.4,0,71.0,5.9,72.0,0.1,7483.2,12753375.1,0.2,0.2,0.6,11.7
Micronesia (Federated States of),2014,Developing,69.4,164.0,0,1.6,0.0,81.0,140,68.7,0,76.0,13.7,77.0,0.1,7483.2,12753375.1,0.2,0.2,0.6,11.7
Micronesia (Federated States of),2013,Developing,69.2,166.0,0,1.7,0.0,83.0,0,68.1,0,81.0,13.4,81.0,0.1,7483.2,12753375.1,0.2,0.2,0.6,11.7
Micronesia (Federated States of),2012,Developing,69.0,168.0,0,3.0,0.0,82.0,0,67.5,0,81.0,12.8,81.0,0.1,7483.2,12753375.1,0.2,0.2,0.6,11.7
Micronesia (Federated States of),2011,Developing,68.9,169.0,0,1.9,0.0,83.0,0,67.0,0,83.0,13.8,84.0,0.1,7483.2,12753375.1,0.2,0.2,0.6,11.7
Micronesia (Federated States of),2010,Developing,68.7,171.0,0,1.8,0.0,88.0,0,66.4,0,85.0,13.8,85.0,0.1,7483.2,12753375.1,0.2,0.2,0.6,11.5
Micronesia (Federated States of),2009,Developing,68.5,172.0,0,2.1,0.0,89.0,0,65.8,0,81.0,13.4,91.0,0.1,7483.2,12753375.1,0.2,0.2,0.6,11.4
Micronesia (Federated States of),2008,Developing,68.4,174.0,0,2.0,0.0,89.0,0,65.2,0,88.0,12.9,85.0,0.1,7483.2,12753375.1,0.2,0.2,0.6,11.2
Micronesia (Federated States of),2007,Developing,68.2,175.0,0,1.6,0.0,9.0,0,64.7,0,79.0,12.0,79.0,0.1,7483.2,12753375.1,0.2,0.2,0.6,11.0
Micronesia (Federated States of),2006,Developing,68.0,176.0,0,1.7,0.0,84.0,0,64.1,0,81.0,11.9,67.0,0.1,7483.2,12753375.1,0.2,0.2,0.6,10.9
Micronesia (Federated States of),2005,Developing,67.9,178.0,0,1.9,0.0,91.0,0,63.6,0,94.0,12.1,94.0,0.1,7483.2,12753375.1,0.2,0.2,0.6,10.7
Micronesia (Federated States of),2004,Developing,67.7,179.0,0,2.0,0.0,8.0,0,63.2,0,82.0,1.6,78.0,0.1,7483.2,12753375.1,0.2,0.2,0.6,10.5
Micronesia (Federated States of),2003,Developing,67.5,18.0,0,3.1,0.0,89.0,0,62.8,0,88.0,9.7,92.0,0.1,7483.2,12753375.1,0.2,0.2,0.6,10.4
Micronesia (Federated States of),2002,Developing,66.2,21.0,0,2.8,0.0,85.0,0,62.4,0,84.0,8.2,84.0,0.1,7483.2,12753375.1,0.2,0.2,0.6,10.2
Micronesia (Federated States of),2001,Developing,67.2,183.0,0,2.8,0.0,81.0,0,62.0,0,79.0,8.6,75.0,0.1,7483.2,12753375.1,0.3,0.2,0.6,10.1
Micronesia (Federated States of),2000,Developing,67.0,185.0,0,2.2,0.0,87.0,0,61.5,0,85.0,7.9,85.0,0.1,7483.2,12753375.1,0.3,0.3,0.0,0.0
Monaco,2013,Developing,69.2,164.8,0,0.0,0.0,99.0,0,38.3,0,99.0,4.3,99.0,0.1,7483.2,12753375.1,4.8,4.9,0.6,12.0
Mongolia,2015,Developing,68.8,222.0,1,4.6,0.0,99.0,20359,52.7,1,99.0,5.9,99.0,0.1,3944.2,2976877.0,2.2,2.3,0.7,14.8
Mongolia,2014,Developing,68.4,225.0,1,0.0,281.0,99.0,0,51.5,1,99.0,4.7,99.0,0.1,4181.6,2923896.0,2.2,2.3,0.7,14.8
Mongolia,2013,Developing,68.1,227.0,1,0.0,241.2,98.0,0,5.4,1,98.0,4.2,98.0,0.1,4385.4,286917.0,2.2,2.3,0.7,14.7
Mongolia,2012,Developing,67.8,231.0,1,0.0,253.8,99.0,0,49.2,2,99.0,4.2,99.0,0.1,4368.8,2814226.0,2.2,2.3,0.7,14.7
Mongolia,2011,Developing,67.3,235.0,1,0.0,257.8,99.0,0,48.0,2,99.0,4.5,99.0,0.1,3769.6,2761516.0,2.2,2.3,0.7,14.6
Mongolia,2010,Developing,66.3,25.0,1,5.8,22.3,96.0,7,46.9,2,96.0,4.7,96.0,0.1,265.4,271265.0,2.2,2.3,0.7,14.3
Mongolia,2009,Developing,66.9,235.0,1,4.6,134.2,97.0,8,45.9,2,96.0,5.3,95.0,0.1,1717.9,2668289.0,2.2,2.3,0.7,13.8
Mongolia,2008,Developing,67.4,225.0,2,4.3,181.0,96.0,31,44.9,2,95.0,5.6,96.0,0.1,2139.6,2628131.0,2.2,2.3,0.7,13.4
Mongolia,2007,Developing,65.9,26.0,2,3.8,126.7,98.0,12,43.9,2,99.0,5.6,95.0,0.1,1634.8,259167.0,2.2,2.4,0.7,13.0
Mongolia,2006,Developing,65.0,271.0,2,2.9,122.1,98.0,26,43.0,2,98.0,4.7,99.0,0.1,1334.7,255812.0,2.2,2.4,0.6,12.7
Mongolia,2005,Developing,64.5,274.0,2,2.8,98.7,98.0,0,42.1,2,99.0,5.9,99.0,0.1,998.8,2526446.0,2.3,2.4,0.6,11.8
Mongolia,2004,Developing,64.0,284.0,2,1.8,73.2,98.0,0,41.3,2,99.0,6.0,99.0,0.1,797.8,2496832.0,2.3,2.4,0.6,11.2
Mongolia,2003,Developing,64.0,271.0,2,1.3,56.1,98.0,18,4.5,2,98.0,6.2,98.0,0.1,646.6,2469286.0,2.4,2.5,0.6,10.5
Mongolia,2002,Developing,63.8,263.0,2,2.4,55.6,98.0,1205,39.8,2,98.0,5.8,98.0,0.1,571.5,2443659.0,2.4,2.5,0.6,10.1
Mongolia,2001,Developing,63.2,266.0,2,2.9,61.8,95.0,10677,39.1,3,95.0,5.5,95.0,0.1,524.1,2419776.0,2.5,2.6,0.6,9.4
Mongolia,2000,Developing,62.8,274.0,2,2.8,56.4,93.0,925,38.5,3,94.0,4.9,94.0,0.1,474.2,2397436.0,2.6,2.6,0.6,8.9
Montenegro,2015,Developing,76.1,16.0,0,4.6,0.0,82.0,0,61.8,0,89.0,5.9,89.0,0.1,6461.2,622159.0,1.8,1.8,0.8,15.1
Montenegro,2014,Developing,75.9,17.0,0,0.0,726.0,87.0,0,61.3,0,91.0,6.4,91.0,0.1,7378.3,62181.0,1.8,1.9,0.8,15.1
Montenegro,2013,Developing,75.8,19.0,0,0.0,707.1,9.0,0,6.7,0,94.0,6.4,94.0,0.1,7186.4,62127.0,1.8,1.9,0.8,15.1
Montenegro,2012,Developing,75.6,11.0,0,0.0,648.1,9.0,0,6.2,0,94.0,7.2,94.0,0.1,6586.7,6261.0,1.9,1.9,0.8,15.1
Montenegro,2011,Developing,75.4,113.0,0,6.6,666.7,91.0,5,59.7,0,95.0,6.9,95.0,0.1,7318.7,6279.0,1.9,2.0,0.8,15.1
Montenegro,2010,Developing,75.3,115.0,0,6.6,635.5,9.0,5,59.1,0,93.0,6.9,94.0,0.1,6682.3,619428.0,2.0,2.0,0.8,15.0
Montenegro,2009,Developing,75.0,117.0,0,6.5,489.7,87.0,0,58.5,0,91.0,6.7,92.0,0.1,6698.8,618294.0,2.0,2.1,0.8,14.6
Montenegro,2008,Developing,74.6,121.0,0,6.2,709.1,93.0,0,57.8,0,95.0,6.1,95.0,0.1,7325.7,616969.0,2.1,2.1,0.8,14.2
Montenegro,2007,Developing,74.2,125.0,0,5.0,678.5,9.0,0,57.2,0,92.0,6.7,92.0,0.1,5957.1,615875.0,2.1,2.2,0.8,13.6
Montenegro,2006,Developing,73.8,13.0,0,5.4,595.7,9.0,0,56.5,0,9.0,8.1,9.0,0.1,4383.6,61525.0,2.2,2.2,0.8,13.2
Montenegro,2005,Developing,73.6,133.0,0,4.6,527.3,80.9,0,55.7,0,82.6,8.5,82.3,0.1,3674.6,614261.0,2.3,2.3,0.7,12.8
Montenegro,2004,Developing,73.5,134.0,0,0.0,57.1,80.9,0,55.0,0,82.6,8.4,82.3,0.1,338.2,613353.0,2.3,2.4,0.7,12.6
Montenegro,2003,Developing,73.5,134.0,0,0.0,495.1,80.9,0,54.2,0,82.6,8.9,82.3,0.1,2789.2,612267.0,2.4,2.4,0.0,0.0
Montenegro,2002,Developing,73.4,136.0,0,0.0,36.5,80.9,0,53.5,0,82.6,8.3,82.3,0.1,216.2,69828.0,2.5,2.5,0.0,0.0
Montenegro,2001,Developing,73.3,136.0,0,0.0,33.7,80.9,0,52.7,0,82.6,8.2,82.3,0.1,199.6,67389.0,2.5,2.6,0.0,0.0
Montenegro,2000,Developing,73.0,144.0,0,0.0,274.5,80.9,0,51.9,0,82.6,7.3,82.3,0.1,1627.4,6495.0,2.6,2.7,0.0,0.0
Morocco,2015,Developing,74.3,95.0,17,4.6,0.0,99.0,17,58.5,20,99.0,5.9,99.0,0.1,2847.3,3483322.0,6.4,6.2,0.6,12.1
Morocco,2014,Developing,74.1,96.0,18,0.4,198.7,99.0,10,57.5,21,99.0,5.9,99.0,0.1,3154.5,3431882.0,6.4,6.2,0.6,12.1
Morocco,2013,Developing,73.9,97.0,18,0.5,179.9,99.0,92,56.5,21,99.0,5.9,99.0,0.1,3111.8,33824769.0,6.4,6.2,0.6,12.1
Morocco,2012,Developing,73.6,99.0,19,0.6,19.2,99.0,668,55.5,22,99.0,6.2,99.0,0.1,294.7,33333789.0,6.3,6.2,0.6,11.6
Morocco,2011,Developing,73.3,14.0,19,0.5,22.1,98.0,982,54.6,22,98.0,6.0,99.0,0.1,339.9,32858823.0,6.3,6.2,0.6,11.2
Morocco,2010,Developing,72.8,11.0,20,0.6,183.7,98.0,633,53.6,23,99.0,5.9,99.0,0.1,2834.2,3249639.0,6.3,6.2,0.6,10.7
Morocco,2009,Developing,72.3,116.0,20,0.6,188.3,98.0,834,52.7,23,99.0,5.7,99.0,0.1,2861.6,31989897.0,6.4,6.2,0.6,10.5
Morocco,2008,Developing,71.8,123.0,21,0.5,171.4,97.0,1455,51.7,24,99.0,5.4,99.0,0.1,2884.9,31596855.0,6.4,6.3,0.6,10.3
Morocco,2007,Developing,71.4,128.0,21,0.6,157.6,95.0,2248,5.8,25,95.0,5.5,95.0,0.1,2494.4,31225881.0,6.4,6.3,0.6,10.0
Morocco,2006,Developing,71.0,133.0,22,0.6,127.8,95.0,1217,49.9,25,97.0,5.2,97.0,0.1,2191.5,3869346.0,6.4,6.3,0.6,10.0
Morocco,2005,Developing,77.0,137.0,22,0.5,9.5,96.0,0,49.1,26,98.0,5.6,98.0,0.1,213.8,35217.0,6.5,6.3,0.6,9.8
Morocco,2004,Developing,72.0,142.0,23,0.6,100.4,95.0,6399,48.2,27,97.0,5.2,97.0,0.1,1948.8,3179285.0,6.5,6.4,0.6,9.6
Morocco,2003,Developing,69.9,146.0,24,0.6,88.2,9.0,10841,47.3,28,91.0,5.2,91.0,0.1,1722.0,29843937.0,6.6,6.4,0.6,9.3
Morocco,2002,Developing,69.5,15.0,25,0.5,66.7,92.0,6000,46.5,29,94.0,5.3,94.0,0.1,1413.8,29512368.0,6.6,6.5,0.5,8.8
Morocco,2001,Developing,69.0,155.0,26,0.5,71.1,84.0,2724,45.7,30,93.0,4.4,96.0,0.1,1336.8,29181832.0,6.7,6.5,0.5,8.5
Morocco,2000,Developing,68.6,16.0,27,0.5,63.4,43.0,7368,44.8,32,95.0,4.2,95.0,0.1,1332.4,28849621.0,6.7,6.6,0.5,8.0
Mozambique,2015,Developing,57.6,355.0,60,4.6,0.0,8.0,79,22.6,81,8.0,5.9,8.0,3.9,528.3,281691.0,3.6,3.5,0.4,9.1
Mozambique,2014,Developing,56.7,375.0,61,0.0,54.9,79.0,9,22.2,84,79.0,7.0,79.0,4.1,623.3,27212382.0,3.6,3.5,0.4,9.1
Mozambique,2013,Developing,55.3,46.0,62,1.2,5.8,78.0,8,21.8,87,78.0,5.9,78.0,5.1,66.0,26434372.0,3.6,3.5,0.4,9.1
Mozambique,2012,Developing,54.8,48.0,64,1.2,49.9,76.0,145,21.3,90,73.0,5.6,76.0,6.9,566.5,2567666.0,3.6,3.5,0.4,9.2
Mozambique,2011,Developing,54.3,47.0,66,0.9,40.8,76.0,177,2.9,94,73.0,6.2,76.0,9.6,526.5,249395.0,3.7,3.6,0.4,9.5
Mozambique,2010,Developing,54.0,47.0,69,1.0,5.7,74.0,2321,2.5,98,73.0,5.4,74.0,10.8,419.2,2422145.0,3.7,3.6,0.4,9.3
Mozambique,2009,Developing,53.8,4.0,70,1.2,39.8,74.0,60,2.1,101,74.0,5.4,74.0,11.3,463.9,2352463.0,3.7,3.6,0.4,9.2
Mozambique,2008,Developing,53.2,45.0,72,1.5,0.8,75.0,4,19.7,104,74.0,4.9,75.0,12.6,53.1,22846758.0,3.7,3.7,0.4,8.8
Mozambique,2007,Developing,52.1,425.0,74,1.0,54.0,75.0,267,19.3,108,75.0,5.2,75.0,14.1,422.1,22188387.0,3.8,3.7,0.4,8.2
Mozambique,2006,Developing,51.2,434.0,78,1.2,58.6,75.0,183,18.9,113,73.0,6.5,78.0,16.3,385.8,21547463.0,3.8,3.7,0.4,7.9
Mozambique,2005,Developing,58.0,434.0,80,1.2,67.3,75.0,12598,18.5,117,71.0,6.9,8.0,16.2,369.2,29237.0,3.9,3.8,0.3,7.3
Mozambique,2004,Developing,54.0,429.0,82,1.5,46.6,76.0,9396,18.1,120,69.0,5.9,83.0,15.9,336.3,231275.0,3.9,3.8,0.3,7.0
Mozambique,2003,Developing,51.0,424.0,85,1.7,42.5,76.0,28898,17.7,124,67.0,6.4,85.0,15.3,283.9,19716598.0,4.0,3.9,0.3,6.7
Mozambique,2002,Developing,49.8,416.0,87,2.2,40.8,76.0,7155,17.3,127,76.0,6.5,76.0,14.5,262.9,19139658.0,4.0,4.0,0.3,6.2
Mozambique,2001,Developing,49.5,48.0,90,2.1,37.8,25.0,7085,16.9,132,72.0,5.6,73.0,13.4,256.4,18588758.0,4.1,4.0,0.3,5.8
Mozambique,2000,Developing,49.0,43.0,93,1.1,47.2,80.9,7375,16.5,136,69.0,6.2,7.0,12.2,277.6,1867687.0,4.2,4.1,0.3,5.4
Myanmar,2015,Developing,66.6,199.0,39,4.6,0.0,89.0,6,23.8,50,89.0,5.9,89.0,0.3,1194.6,5243669.0,12.8,13.0,0.6,9.1
Myanmar,2014,Developing,66.4,21.0,40,0.0,45.3,88.0,122,22.9,52,88.0,2.3,88.0,0.3,1262.9,51924182.0,12.9,13.1,0.5,9.1
Myanmar,2013,Developing,66.2,22.0,42,0.7,38.3,75.0,1010,22.1,55,76.0,2.2,75.0,0.4,1168.8,51448196.0,12.9,13.2,0.5,9.1
Myanmar,2012,Developing,65.9,25.0,44,0.6,38.4,58.0,2175,21.3,58,87.0,2.2,84.0,0.5,1171.6,5986514.0,13.0,13.2,0.5,9.1
Myanmar,2011,Developing,65.6,27.0,47,0.3,21.2,4.0,2046,2.5,61,9.0,1.9,84.0,0.5,1186.4,555331.0,13.0,13.3,0.5,9.1
Myanmar,2010,Developing,65.4,29.0,49,0.3,17.5,92.0,190,19.8,65,9.0,1.9,9.0,0.5,987.7,5155896.0,13.1,13.3,0.5,8.8
Myanmar,2009,Developing,65.2,211.0,52,0.3,11.1,91.0,329,19.1,69,9.0,2.5,9.0,0.6,741.8,49869.0,13.1,13.4,0.5,8.5
Myanmar,2008,Developing,59.2,296.0,59,0.3,9.5,85.0,333,18.3,96,85.0,1.9,85.0,0.6,644.0,49479752.0,13.2,13.4,0.5,8.2
Myanmar,2007,Developing,64.5,217.0,58,0.3,0.5,85.0,1088,17.6,78,84.0,1.7,86.0,0.6,41.5,49171586.0,13.2,13.5,0.5,8.1
Myanmar,2006,Developing,64.2,22.0,61,0.3,4.6,75.0,760,17.0,83,82.0,1.8,82.0,0.6,297.0,48846474.0,13.2,13.5,0.5,8.0
Myanmar,2005,Developing,63.9,224.0,64,0.3,2.8,62.0,314,16.4,87,86.0,1.8,73.0,0.5,247.2,48482614.0,13.2,13.6,0.5,7.9
Myanmar,2004,Developing,63.5,228.0,66,0.4,4.2,39.0,1329,15.7,90,92.0,2.0,82.0,0.5,219.8,487377.0,13.3,13.6,0.5,7.8
Myanmar,2003,Developing,63.2,231.0,69,0.4,3.8,8.0,830,15.2,93,86.0,2.0,78.0,0.5,219.8,47624894.0,13.3,13.6,0.4,7.7
Myanmar,2002,Developing,62.8,235.0,71,0.4,3.4,80.9,736,14.6,96,84.0,2.5,79.0,0.4,143.8,471422.0,13.3,13.7,0.4,7.6
Myanmar,2001,Developing,62.5,239.0,72,0.4,1.9,80.9,2519,14.1,98,77.0,1.8,73.0,0.4,138.9,46627994.0,13.3,13.7,0.4,7.6
Myanmar,2000,Developing,62.1,243.0,73,0.3,2.5,80.9,845,13.6,100,88.0,1.8,82.0,0.4,193.2,4695462.0,13.3,13.7,0.4,7.5
Namibia,2015,Developing,65.8,248.0,2,4.6,0.0,92.0,212,35.7,3,92.0,5.9,92.0,2.1,4737.7,2425561.0,8.2,8.1,0.6,11.7
Namibia,2014,Developing,65.9,242.0,2,0.0,751.4,88.0,477,34.9,3,88.0,8.9,88.0,2.2,5421.3,237992.0,8.6,8.5,0.6,11.7
Namibia,2013,Developing,66.1,232.0,3,0.0,760.7,89.0,1028,34.1,3,89.0,8.5,89.0,2.5,5488.1,231652.0,9.0,8.9,0.6,11.6
Namibia,2012,Developing,65.8,232.0,3,0.0,796.9,84.0,86,33.3,4,84.0,8.2,84.0,3.7,5749.4,2263934.0,9.5,9.4,0.6,11.5
Namibia,2011,Developing,64.3,268.0,3,7.8,7.9,82.0,79,32.5,4,85.0,8.8,82.0,4.7,57.0,2215621.0,9.9,9.9,0.6,11.5
Namibia,2010,Developing,63.0,299.0,3,7.6,719.6,83.0,3138,31.8,4,83.0,7.9,83.0,6.2,5191.6,217317.0,1.4,1.4,0.6,11.4
Namibia,2009,Developing,62.4,36.0,3,8.0,575.7,80.9,4076,31.0,4,83.0,8.5,83.0,8.7,4153.5,21374.0,1.9,1.9,0.6,11.4
Namibia,2008,Developing,61.7,317.0,3,6.3,59.6,80.9,0,3.2,4,83.0,7.2,83.0,11.7,429.7,216375.0,11.5,11.4,0.6,11.3
Namibia,2007,Developing,60.0,356.0,3,5.1,62.1,80.9,21,29.4,4,81.0,7.0,86.0,15.2,422.5,279915.0,12.0,12.0,0.6,11.3
Namibia,2006,Developing,57.0,431.0,3,4.9,459.2,80.9,3,28.7,4,74.0,7.2,86.0,19.2,3881.3,255734.0,12.6,12.6,0.6,11.4
Namibia,2005,Developing,55.1,477.0,3,4.9,457.7,80.9,4,27.9,4,86.0,7.3,86.0,22.1,3573.1,232196.0,13.1,13.1,0.6,11.6
Namibia,2004,Developing,54.7,483.0,3,4.8,368.3,80.9,4,27.2,4,81.0,6.5,81.0,24.0,3288.3,29228.0,13.7,13.7,0.6,11.7
Namibia,2003,Developing,55.0,471.0,3,5.3,294.7,80.9,262,26.5,4,82.0,6.5,79.0,24.7,2482.4,1986535.0,14.2,14.3,0.6,11.7
Namibia,2002,Developing,55.7,452.0,3,5.1,203.7,80.9,1278,25.8,4,78.0,6.2,77.0,24.6,1713.5,1962147.0,14.7,14.8,0.6,11.8
Namibia,2001,Developing,56.5,426.0,3,5.1,205.8,80.9,416,25.1,4,79.0,6.2,78.0,23.9,1834.3,1933596.0,15.2,15.4,0.6,11.7
Namibia,2000,Developing,57.4,41.0,3,5.7,35.8,80.9,469,24.5,4,8.0,6.1,79.0,22.8,258.0,1899257.0,15.7,15.9,0.6,11.5
Nauru,2013,Developing,69.2,164.8,0,0.0,15.6,87.0,0,87.3,0,87.0,4.7,87.0,0.1,136.2,12753375.1,0.1,0.1,0.6,9.6
Nepal,2015,Developing,69.2,165.0,17,4.6,0.0,91.0,1599,19.1,21,9.0,5.9,91.0,0.1,743.8,28656282.0,15.7,16.1,0.6,12.2
Nepal,2014,Developing,69.6,158.0,18,0.0,8.5,92.0,1279,18.5,22,92.0,5.8,92.0,0.1,76.2,28323241.0,15.9,16.3,0.6,12.4
Nepal,2013,Developing,69.3,162.0,19,0.3,80.2,92.0,1861,18.0,24,92.0,5.7,92.0,0.1,688.6,2798531.0,16.1,16.5,0.5,12.3
Nepal,2012,Developing,68.9,167.0,20,0.3,80.6,9.0,3362,17.4,25,9.0,5.9,9.0,0.2,681.8,27649925.0,16.3,16.7,0.5,12.3
Nepal,2011,Developing,68.4,172.0,22,0.3,112.1,92.0,2359,16.9,27,92.0,6.7,92.0,0.2,692.1,27327147.0,16.5,16.9,0.5,12.0
Nepal,2010,Developing,68.0,178.0,23,0.2,84.6,82.0,190,16.4,30,83.0,6.4,82.0,0.2,592.2,2723137.0,16.7,17.2,0.5,11.1
Nepal,2009,Developing,67.5,183.0,25,0.2,6.2,89.0,189,15.9,32,93.0,6.4,89.0,0.2,48.7,2674113.0,16.9,17.4,0.5,10.5
Nepal,2008,Developing,67.0,189.0,27,0.2,70.3,82.0,2089,15.4,35,82.0,6.4,82.0,0.2,473.8,26475859.0,17.0,17.6,0.5,10.1
Nepal,2007,Developing,66.6,194.0,29,0.2,52.2,82.0,1415,14.9,38,82.0,5.8,82.0,0.2,393.9,26214847.0,17.2,17.8,0.5,10.0
Nepal,2006,Developing,66.0,21.0,31,0.2,45.9,69.0,2838,14.4,41,91.0,5.7,89.0,0.2,348.6,2594618.0,17.4,18.0,0.5,9.6
Nepal,2005,Developing,65.4,28.0,33,0.2,4.3,41.0,5023,13.9,44,78.0,5.7,75.0,0.2,317.9,2564287.0,17.6,18.2,0.5,9.4
Nepal,2004,Developing,64.7,218.0,35,0.2,31.9,27.0,12074,13.4,47,8.0,5.8,8.0,0.2,287.4,2539449.0,17.8,18.4,0.5,9.3
Nepal,2003,Developing,64.3,22.0,38,0.2,2.8,2.0,13344,12.9,50,76.0,5.5,78.0,0.1,253.7,2495623.0,18.0,18.6,0.5,9.2
Nepal,2002,Developing,63.1,238.0,40,0.2,23.2,80.9,6749,12.4,54,72.0,5.6,72.0,0.1,246.4,24566342.0,18.2,18.8,0.4,8.6
Nepal,2001,Developing,63.2,23.0,43,0.1,21.9,80.9,10849,11.9,58,73.0,5.4,72.0,0.1,248.6,24161777.0,18.3,19.0,0.4,9.0
Nepal,2000,Developing,62.5,238.0,46,0.1,17.9,80.9,9397,11.4,62,74.0,5.4,74.0,0.1,231.4,2374911.0,18.5,19.2,0.4,8.9
Netherlands,2015,Developed,81.9,57.0,1,4.6,0.0,94.0,7,62.1,1,95.0,5.9,95.0,0.1,44292.9,16939923.0,1.0,0.9,0.9,18.1
Netherlands,2014,Developed,81.7,58.0,1,0.0,1491.7,92.0,140,61.6,1,96.0,1.9,96.0,0.1,52157.5,168658.0,1.0,0.9,0.9,18.1
Netherlands,2013,Developed,81.4,6.0,1,8.7,1475.0,51.0,2632,61.0,1,97.0,11.4,97.0,0.1,51574.5,1684432.0,1.0,0.9,0.9,18.1
Netherlands,2012,Developed,81.1,62.0,1,9.1,1162.7,2.0,10,6.5,1,97.0,11.1,97.0,0.1,49474.8,16754962.0,1.0,0.9,0.9,18.1
Netherlands,2011,Developed,81.1,63.0,1,9.0,1047.4,2.0,51,59.9,1,97.0,1.5,97.0,0.1,5354.7,1669374.0,1.0,0.9,0.9,17.2
Netherlands,2010,Developed,88.0,64.0,1,9.3,1035.6,80.9,15,59.3,1,97.0,1.5,97.0,0.1,5338.3,16615394.0,1.0,0.9,0.9,17.0
Netherlands,2009,Developed,86.0,65.0,1,9.2,96.9,80.9,15,58.6,1,97.0,1.3,97.0,0.1,519.3,1653388.0,1.0,0.9,0.9,16.9
Netherlands,2008,Developed,83.0,68.0,1,9.6,10873.4,80.9,109,57.9,1,97.0,9.6,97.0,0.1,56928.8,16445593.0,1.0,0.9,0.9,16.8
Netherlands,2007,Developed,82.0,68.0,1,9.5,9689.7,80.9,10,57.3,1,97.0,9.4,97.0,0.1,51241.3,16381696.0,1.0,1.0,0.9,16.6
Netherlands,2006,Developed,79.8,71.0,1,9.8,8344.0,80.9,1,56.5,1,96.0,9.4,96.0,0.1,44454.0,1634611.0,1.0,1.0,0.9,16.5
Netherlands,2005,Developed,79.4,72.0,1,9.7,6577.5,80.9,4,55.8,1,96.0,9.6,96.0,0.1,41577.2,16319868.0,1.0,1.0,0.9,16.4
Netherlands,2004,Developed,79.2,77.0,1,9.6,5170.1,80.9,11,55.0,1,98.0,8.5,98.0,0.1,39954.6,16281779.0,1.0,1.0,0.9,16.5
Netherlands,2003,Developed,78.7,8.0,1,9.6,4472.6,80.9,4,54.2,1,98.0,8.5,98.0,0.1,35245.2,1622532.0,1.1,1.0,0.9,16.5
Netherlands,2002,Developed,78.4,81.0,1,9.7,3455.2,80.9,3,53.4,1,97.0,8.3,97.0,0.1,28817.3,16148929.0,1.1,1.0,0.9,16.9
Netherlands,2001,Developed,78.3,82.0,1,9.9,3054.5,80.9,0,52.6,1,97.0,7.8,97.0,0.1,26584.1,164618.0,1.1,1.1,0.9,16.7
Netherlands,2000,Developed,78.1,84.0,1,10.1,2944.6,80.9,1019,51.8,1,97.0,7.4,97.0,0.1,25921.1,15925513.0,1.1,1.1,0.9,16.5
New Zealand,2015,Developed,81.6,66.0,0,8.7,0.0,92.0,10,67.5,0,92.0,5.9,92.0,0.1,3821.9,12753375.1,0.4,0.3,0.9,19.2
New Zealand,2014,Developed,81.5,67.0,0,9.1,1040.3,93.0,280,66.9,0,93.0,11.3,93.0,0.1,4453.2,12753375.1,0.4,0.3,0.9,19.2
New Zealand,2013,Developed,81.3,69.0,0,9.2,10019.1,93.0,8,66.4,0,92.0,11.2,92.0,0.1,42889.9,12753375.1,0.3,0.3,0.9,19.3
New Zealand,2012,Developed,81.1,7.0,0,9.2,924.6,93.0,68,65.9,0,93.0,11.5,93.0,0.1,3997.3,12753375.1,0.3,0.3,0.9,19.5
New Zealand,2011,Developed,86.0,72.0,0,9.5,8342.4,95.0,597,65.3,0,95.0,11.2,95.0,0.1,38426.6,12753375.1,0.3,0.3,0.9,19.7
New Zealand,2010,Developed,89.0,71.0,0,9.6,6664.1,9.0,43,64.8,0,93.0,11.2,93.0,0.1,33691.3,12753375.1,0.3,0.3,0.9,20.3
New Zealand,2009,Developed,85.0,73.0,0,9.2,63.6,93.0,198,64.3,0,92.0,11.2,92.0,0.1,282.9,12753375.1,0.3,0.3,0.9,19.3
New Zealand,2008,Developed,81.0,75.0,0,9.5,6761.3,9.0,0,63.8,0,89.0,1.7,89.0,0.1,31287.8,12753375.1,0.3,0.3,0.9,19.5
New Zealand,2007,Developed,81.0,76.0,0,9.2,606.3,88.0,25,63.2,0,88.0,8.3,88.0,0.1,3259.7,12753375.1,0.3,0.3,0.9,19.2
New Zealand,2006,Developed,79.9,76.0,0,9.3,496.2,87.0,20,62.6,0,89.0,8.7,89.0,0.1,2667.9,12753375.1,0.3,0.3,0.9,19.1
New Zealand,2005,Developed,79.9,78.0,0,9.3,491.1,87.0,20,62.1,0,89.0,8.2,89.0,0.1,2775.9,12753375.1,0.3,0.3,0.9,18.9
New Zealand,2004,Developed,79.2,79.0,0,9.2,442.4,88.0,33,61.5,0,87.0,7.9,89.0,0.1,2542.4,12753375.1,0.3,0.3,0.9,18.4
New Zealand,2003,Developed,79.1,82.0,0,8.9,3661.8,89.0,66,6.9,0,86.0,7.7,9.0,0.1,21913.8,12753375.1,0.3,0.3,0.9,18.2
New Zealand,2002,Developed,78.7,83.0,0,9.1,2892.3,89.0,21,6.3,0,84.0,7.9,9.0,0.1,16874.3,12753375.1,0.3,0.3,0.9,17.5
New Zealand,2001,Developed,78.5,83.0,0,8.8,2206.0,9.0,65,59.6,0,82.0,7.6,9.0,0.1,13882.9,12753375.1,0.3,0.3,0.9,17.4
New Zealand,2000,Developed,78.6,87.0,0,8.9,2143.0,9.0,65,58.9,0,82.0,7.5,9.0,0.1,13641.1,12753375.1,0.3,0.3,0.9,17.2
Nicaragua,2015,Developing,74.8,145.0,2,4.6,0.0,98.0,0,54.0,2,99.0,5.9,98.0,0.1,296.0,68235.0,1.8,1.7,0.6,11.7
Nicaragua,2014,Developing,74.5,148.0,2,3.5,473.1,98.0,0,53.2,3,99.0,9.4,98.0,0.1,1975.5,613997.0,1.8,1.7,0.6,11.6
Nicaragua,2013,Developing,73.9,157.0,2,3.6,366.5,98.0,0,52.4,3,99.0,8.4,98.0,0.1,1847.2,5945747.0,1.8,1.7,0.6,11.5
Nicaragua,2012,Developing,73.9,157.0,2,3.6,334.8,98.0,0,51.7,3,99.0,8.4,98.0,0.1,1792.4,587718.0,1.8,1.7,0.6,11.5
Nicaragua,2011,Developing,74.5,147.0,3,3.4,321.6,98.0,0,5.9,3,99.0,6.4,98.0,0.1,1683.0,58782.0,1.8,1.8,0.6,11.5
Nicaragua,2010,Developing,73.2,154.0,3,3.4,302.7,98.0,0,5.2,3,99.0,6.6,98.0,0.1,1526.5,5737723.0,1.9,1.8,0.6,11.4
Nicaragua,2009,Developing,73.2,163.0,3,3.4,292.8,98.0,0,49.4,3,99.0,6.8,98.0,0.2,1464.5,5666581.0,1.9,1.8,0.6,11.3
Nicaragua,2008,Developing,72.5,169.0,3,3.6,275.1,97.0,0,48.6,3,97.0,7.0,97.0,0.2,1518.9,559456.0,1.9,1.8,0.6,11.1
Nicaragua,2007,Developing,72.5,173.0,3,3.8,253.0,93.0,0,47.9,4,93.0,6.9,93.0,0.2,1344.3,552216.0,2.0,1.9,0.6,11.0
Nicaragua,2006,Developing,73.0,17.0,3,3.7,21.4,88.0,0,47.1,4,88.0,6.3,88.0,0.3,125.0,545211.0,2.0,1.9,0.6,11.0
Nicaragua,2005,Developing,71.2,194.0,3,3.7,218.6,86.0,0,46.4,4,87.0,6.1,86.0,0.3,1175.1,5379328.0,2.0,1.9,0.6,11.0
Nicaragua,2004,Developing,71.0,194.0,4,3.8,36.8,79.0,0,45.7,4,8.0,6.1,79.0,0.3,191.6,53973.0,2.1,2.0,0.6,11.0
Nicaragua,2003,Developing,76.0,198.0,4,3.8,2.5,86.0,0,44.9,5,86.0,6.1,86.0,0.3,115.6,524879.0,2.1,2.0,0.6,11.0
Nicaragua,2002,Developing,75.0,197.0,4,3.5,2.1,85.0,0,44.2,5,85.0,5.7,85.0,0.4,11.1,5171734.0,2.2,2.1,0.6,10.7
Nicaragua,2001,Developing,73.0,193.0,4,3.5,22.4,87.0,0,43.5,5,89.0,5.3,87.0,0.4,143.7,5175.0,2.2,2.1,0.6,10.4
Nicaragua,2000,Developing,73.0,192.0,4,3.6,15.3,83.0,0,42.8,5,85.0,5.4,83.0,0.4,116.3,526796.0,2.2,2.1,0.6,10.1
Niger,2015,Developing,61.8,22.0,49,4.6,0.0,65.0,7693,19.3,87,65.0,5.9,65.0,0.4,359.0,19896965.0,9.6,9.4,0.4,5.4
Niger,2014,Developing,61.4,223.0,49,0.0,3.3,68.0,1142,18.9,88,67.0,5.8,68.0,0.5,43.6,19148219.0,9.8,9.6,0.3,5.3
Niger,2013,Developing,69.0,227.0,49,0.0,31.5,67.0,1224,18.5,89,56.0,5.9,67.0,0.6,416.1,18426372.0,1.0,9.9,0.3,5.3
Niger,2012,Developing,63.0,232.0,49,0.0,29.8,71.0,272,18.1,90,71.0,6.1,71.0,0.7,391.5,17731634.0,1.3,1.1,0.3,5.1
Niger,2011,Developing,59.4,241.0,50,0.1,32.2,75.0,771,17.7,93,4.0,6.7,75.0,0.7,375.6,1764636.0,1.5,1.3,0.3,4.8
Niger,2010,Developing,58.2,252.0,50,0.1,5.9,7.0,372,17.3,95,75.0,6.4,7.0,0.9,348.2,16425578.0,1.7,1.6,0.3,4.5
Niger,2009,Developing,57.1,263.0,51,0.1,5.7,71.0,801,16.9,99,71.0,7.0,71.0,1.1,341.3,15813913.0,11.0,1.8,0.3,4.2
Niger,2008,Developing,56.0,272.0,52,0.1,40.4,80.9,1317,16.5,102,68.0,6.8,67.0,1.3,354.8,15228525.0,11.2,11.0,0.3,4.0
Niger,2007,Developing,55.2,276.0,53,0.1,35.8,80.9,282,16.1,106,57.0,6.9,57.0,1.4,292.6,14668338.0,11.4,11.3,0.3,3.8
Niger,2006,Developing,54.5,277.0,54,0.1,43.4,80.9,59,15.7,110,52.0,7.4,51.0,1.5,258.5,1413264.0,11.6,11.5,0.3,3.7
Niger,2005,Developing,53.7,278.0,55,0.1,3.8,80.9,2183,15.4,114,46.0,7.2,45.0,1.6,25.4,13618449.0,11.9,11.8,0.3,3.5
Niger,2004,Developing,52.9,279.0,56,0.1,20.9,80.9,63057,15.0,118,45.0,6.6,43.0,1.6,232.6,1312712.0,12.1,12.0,0.3,3.1
Niger,2003,Developing,52.1,28.0,56,0.1,20.3,80.9,54190,14.6,121,44.0,6.2,41.0,1.6,215.9,1265687.0,12.3,12.2,0.3,3.0
Niger,2002,Developing,51.4,282.0,57,0.1,17.6,80.9,31584,14.3,124,43.0,6.5,39.0,1.6,177.8,12262.0,12.5,12.5,0.3,2.9
Niger,2001,Developing,56.0,283.0,57,0.1,1.8,80.9,61208,13.9,127,42.0,7.1,36.0,1.6,165.3,11771976.0,12.7,12.7,0.3,2.9
Niger,2000,Developing,50.0,284.0,58,0.1,13.4,80.9,21319,13.6,128,41.0,6.1,34.0,1.5,158.5,11352973.0,12.8,12.9,0.3,2.8
Nigeria,2015,Developing,54.5,344.0,483,4.6,0.0,49.0,12423,25.4,747,49.0,5.9,49.0,3.7,2655.2,181181744.0,9.8,9.7,0.5,10.0
Nigeria,2014,Developing,53.6,362.0,490,0.0,263.2,49.0,6855,24.7,759,49.0,3.7,49.0,3.9,3221.7,1764652.0,1.1,9.9,0.5,10.0
Nigeria,2013,Developing,53.2,367.0,498,8.3,194.2,46.0,52852,24.1,773,46.0,3.7,46.0,3.9,2997.0,17182933.0,1.4,1.2,0.5,9.8
Nigeria,2012,Developing,52.7,374.0,505,8.5,204.7,42.0,6447,23.5,788,42.0,3.3,42.0,4.4,2755.3,167297284.0,1.7,1.6,0.5,9.7
Nigeria,2011,Developing,52.3,375.0,513,8.8,187.6,46.0,18843,22.8,802,48.0,3.7,48.0,4.7,2527.9,16287776.0,11.0,1.9,0.5,9.6
Nigeria,2010,Developing,52.0,374.0,521,8.9,133.1,49.0,8491,22.2,817,54.0,3.5,54.0,4.8,2327.3,158578261.0,11.3,11.2,0.5,9.5
Nigeria,2009,Developing,51.6,376.0,527,9.1,14.6,63.0,1272,21.6,832,66.0,4.2,63.0,4.9,197.7,15442181.0,11.7,11.6,0.5,9.3
Nigeria,2008,Developing,59.0,386.0,536,9.3,105.6,41.0,9960,21.0,848,6.0,4.0,53.0,5.0,1383.9,1534739.0,12.0,11.9,0.5,9.2
Nigeria,2007,Developing,55.0,388.0,542,9.6,104.5,42.0,2613,2.4,863,54.0,4.5,42.0,5.2,1136.8,14641724.0,12.3,12.3,0.5,9.1
Nigeria,2006,Developing,49.8,396.0,549,9.7,10.4,27.0,704,19.9,879,46.0,3.7,4.0,5.3,119.7,14261494.0,12.6,12.6,0.5,9.0
Nigeria,2005,Developing,49.2,4.0,556,9.7,6.4,18.0,110927,19.3,893,45.0,4.1,36.0,5.4,87.9,138939478.0,12.9,12.9,0.5,8.9
Nigeria,2004,Developing,48.5,47.0,563,9.8,57.2,80.9,31521,18.8,907,43.0,4.3,33.0,5.4,648.8,135393616.0,13.2,13.2,0.4,8.5
Nigeria,2003,Developing,48.1,41.0,567,9.8,30.2,80.9,141258,18.3,918,42.0,4.5,29.0,5.4,512.7,131972533.0,13.5,13.6,0.0,8.1
Nigeria,2002,Developing,47.7,49.0,571,9.6,17.1,80.9,42007,17.8,928,4.0,2.4,25.0,5.3,459.5,12866671.0,13.8,13.8,0.0,7.7
Nigeria,2001,Developing,47.4,48.0,574,9.6,15.8,80.9,168107,17.3,936,36.0,3.2,27.0,5.1,351.8,125463434.0,14.1,14.1,0.0,8.0
Nigeria,2000,Developing,47.1,45.0,576,9.2,22.5,80.9,212183,16.9,943,31.0,2.8,29.0,4.9,379.1,1223529.0,14.3,14.4,0.0,7.6
Niue,2013,Developing,69.2,164.8,0,0.0,0.0,99.0,0,77.3,0,99.0,7.2,99.0,0.1,7483.2,12753375.1,0.1,0.1,0.6,12.0
Norway,2015,Developed,81.8,59.0,0,6.0,0.0,80.9,14,61.2,0,95.0,5.9,95.0,0.1,7455.2,518867.0,0.8,0.7,0.9,17.7
Norway,2014,Developed,81.6,61.0,0,6.1,177.6,80.9,3,6.8,0,93.0,9.7,93.0,0.1,975.5,5137232.0,0.8,0.7,0.9,17.7
Norway,2013,Developed,81.5,62.0,0,6.2,234.8,80.9,8,6.3,0,94.0,9.4,94.0,0.1,1291.4,579623.0,0.8,0.7,0.9,17.5
Norway,2012,Developed,81.3,61.0,0,6.2,2094.2,80.9,4,59.8,0,95.0,9.2,95.0,0.1,11563.7,518573.0,0.7,0.7,0.9,17.6
Norway,2011,Developed,81.1,67.0,0,6.5,277.4,80.9,39,59.4,0,94.0,9.1,94.0,0.1,1575.0,495388.0,0.7,0.7,0.9,17.6
Norway,2010,Developed,81.0,66.0,0,6.6,15268.1,80.9,3,58.9,0,93.0,9.3,93.0,0.1,87646.8,4889252.0,0.7,0.7,0.9,17.4
Norway,2009,Developed,89.0,67.0,0,6.7,142.4,80.9,2,58.5,0,94.0,9.5,94.0,0.1,817.8,4828726.0,0.7,0.7,0.9,17.4
Norway,2008,Developed,86.0,67.0,0,6.8,1707.1,80.9,4,58.0,0,94.0,8.4,94.0,0.1,9688.6,4768212.0,0.7,0.7,0.9,17.6
Norway,2007,Developed,85.0,67.0,0,6.6,14829.4,80.9,0,57.5,0,93.0,8.6,93.0,0.1,85128.7,479153.0,0.7,0.7,0.9,17.6
Norway,2006,Developed,84.0,7.0,0,6.5,12829.3,80.9,0,57.0,0,94.0,8.4,94.0,0.1,74114.7,466677.0,0.8,0.7,0.9,17.5
Norway,2005,Developed,81.0,73.0,0,6.4,11792.5,80.9,0,56.5,0,91.0,8.9,91.0,0.1,66775.4,4623291.0,0.8,0.7,0.9,17.6
Norway,2004,Developed,79.8,77.0,0,6.2,1009.8,80.9,7,55.9,0,92.0,9.4,92.0,0.1,5757.3,459191.0,0.8,0.7,0.9,17.5
Norway,2003,Developed,79.4,78.0,0,6.0,880.7,80.9,8,55.3,0,92.0,9.8,92.0,0.1,5111.7,4564855.0,0.8,0.7,0.9,17.1
Norway,2002,Developed,78.9,81.0,0,5.9,749.7,80.9,5,54.6,0,93.0,9.6,93.0,0.1,4361.2,4538159.0,0.8,0.7,0.9,17.1
Norway,2001,Developed,78.8,82.0,0,5.5,6356.8,80.9,4,54.0,0,91.0,8.7,91.0,0.1,38549.6,4513751.0,0.8,0.7,0.9,17.5
Norway,2000,Developed,78.5,85.0,0,5.7,6191.2,80.9,0,53.3,0,91.0,8.3,9.0,0.1,38146.7,449967.0,0.8,0.7,0.9,17.1
Oman,2015,Developing,76.6,99.0,1,4.6,0.0,99.0,0,54.6,1,99.0,5.9,99.0,0.1,16627.4,12753375.1,7.1,6.9,0.8,13.7
Oman,2014,Developing,76.4,11.0,1,0.4,166.2,99.0,0,53.5,1,99.0,3.5,99.0,0.1,2458.5,12753375.1,7.1,6.9,0.8,13.7
Oman,2013,Developing,76.2,12.0,1,0.5,1154.9,98.0,0,52.8,1,99.0,2.8,98.0,0.1,21268.8,12753375.1,7.0,6.8,0.8,13.7
Oman,2012,Developing,76.0,14.0,1,0.5,1055.8,98.0,13,52.3,1,99.0,2.5,98.0,0.1,22134.9,12753375.1,7.0,6.8,0.8,13.7
Oman,2011,Developing,75.8,15.0,1,0.5,158.3,99.0,5,52.0,1,99.0,2.5,99.0,0.1,2986.4,12753375.1,6.9,6.8,0.8,13.6
Oman,2010,Developing,75.6,16.0,1,0.6,129.2,99.0,3,51.8,1,99.0,2.7,99.0,0.1,1928.7,12753375.1,6.9,6.8,0.8,13.5
Oman,2009,Developing,75.4,18.0,1,0.6,1040.6,98.0,19,51.5,1,96.0,2.8,98.0,0.1,16784.3,12753375.1,6.9,6.8,0.8,12.4
Oman,2008,Developing,75.2,19.0,1,0.6,123.1,99.0,18,51.1,1,97.0,2.1,99.0,0.1,2275.4,12753375.1,6.9,6.8,0.8,11.9
Oman,2007,Developing,74.9,113.0,1,0.6,88.5,99.0,24,5.6,1,97.0,2.4,99.0,0.1,1585.1,12753375.1,7.0,6.8,0.8,11.5
Oman,2006,Developing,74.7,115.0,1,0.6,78.5,99.0,13,5.1,1,98.0,2.3,98.0,0.1,1448.5,12753375.1,7.0,6.8,0.7,11.6
Oman,2005,Developing,74.3,118.0,1,0.6,854.0,99.0,25,49.5,1,99.0,2.6,99.0,0.1,12377.0,12753375.1,7.0,6.8,0.7,11.5
Oman,2004,Developing,74.0,122.0,1,0.6,70.5,99.0,18,48.9,1,99.0,3.0,99.0,0.1,1129.3,12753375.1,7.1,6.8,0.7,11.5
Oman,2003,Developing,73.6,127.0,1,0.6,65.7,99.0,1,48.1,1,99.0,3.2,99.0,0.1,969.8,12753375.1,7.1,6.8,0.7,11.2
Oman,2002,Developing,73.3,13.0,1,0.5,585.9,99.0,5,47.3,1,99.0,3.2,99.0,0.1,8629.1,12753375.1,7.1,6.8,0.7,11.0
Oman,2001,Developing,72.9,134.0,1,0.6,564.5,99.0,15,46.5,1,99.0,3.8,99.0,0.1,8476.6,12753375.1,7.1,6.9,0.7,10.7
Oman,2000,Developing,72.6,138.0,1,0.4,62.9,99.0,15,45.9,1,99.0,3.7,99.0,0.1,861.2,12753375.1,7.2,6.9,0.0,10.4
Pakistan,2015,Developing,66.4,161.0,352,4.6,0.0,72.0,386,25.4,433,72.0,5.9,72.0,0.1,1431.2,18938513.0,19.2,19.6,0.5,8.1
Pakistan,2014,Developing,66.2,162.0,359,0.0,62.3,72.0,1370,24.7,442,72.0,2.6,72.0,0.1,1317.0,185546257.0,19.4,19.8,0.5,7.8
Pakistan,2013,Developing,66.0,163.0,365,0.0,60.2,72.0,8749,23.9,450,72.0,2.7,72.0,0.1,1272.4,181712595.0,19.6,2.0,0.5,7.7
Pakistan,2012,Developing,65.7,165.0,369,0.0,59.7,72.0,8046,23.2,456,72.0,2.8,72.0,0.1,1261.3,177911533.0,19.8,2.2,0.5,7.6
Pakistan,2011,Developing,65.5,167.0,371,0.0,57.9,74.0,4386,22.5,459,75.0,3.1,74.0,0.1,1226.2,174184265.0,2.0,2.4,0.5,7.5
Pakistan,2010,Developing,65.1,172.0,372,0.0,0.7,82.0,4321,21.9,461,82.0,3.2,82.0,0.1,14.1,1756182.0,2.2,2.7,0.5,7.5
Pakistan,2009,Developing,64.8,175.0,371,0.0,0.7,78.0,863,21.3,460,7.0,2.9,71.0,0.1,16.6,1674958.0,2.5,2.9,0.5,7.3
Pakistan,2008,Developing,64.6,177.0,369,0.0,5.4,65.0,1129,2.6,460,7.0,3.3,62.0,0.1,139.3,16364463.0,2.7,21.1,0.5,7.3
Pakistan,2007,Developing,64.4,178.0,367,0.0,3.9,75.0,2801,2.1,459,75.0,3.4,75.0,0.1,95.4,16332974.0,2.8,21.3,0.5,6.7
Pakistan,2006,Developing,64.2,179.0,365,0.0,40.4,78.0,7641,19.5,458,77.0,3.4,78.0,0.1,873.8,15793993.0,21.0,21.5,0.5,6.5
Pakistan,2005,Developing,62.9,2.0,364,0.0,30.6,7.0,2981,18.9,459,78.0,2.9,77.0,0.1,711.5,15399667.0,21.2,21.7,0.5,6.1
Pakistan,2004,Developing,63.7,183.0,364,0.0,29.0,65.0,4248,18.4,461,65.0,2.6,65.0,0.1,649.8,15783.0,21.4,21.8,0.5,5.6
Pakistan,2003,Developing,63.5,185.0,366,0.0,24.2,63.0,4740,17.9,466,69.0,2.6,67.0,0.1,563.6,1477341.0,21.6,22.0,0.5,5.6
Pakistan,2002,Developing,63.2,187.0,371,0.0,22.4,80.9,3903,17.4,474,71.0,2.8,68.0,0.1,499.9,144654143.0,21.8,22.2,0.5,5.5
Pakistan,2001,Developing,63.0,189.0,377,0.0,1.8,80.9,3849,16.9,483,68.0,2.6,65.0,0.1,51.7,14161437.0,22.0,22.4,0.5,5.4
Pakistan,2000,Developing,62.8,19.0,385,0.0,18.8,80.9,2064,16.4,495,65.0,2.8,62.0,0.1,533.9,138523285.0,22.2,22.6,0.4,5.3
Palau,2013,Developing,69.2,164.8,0,4.6,344.7,99.0,0,83.3,0,99.0,9.3,99.0,0.1,1932.1,292.0,0.1,0.1,0.8,14.2
Panama,2015,Developing,77.8,118.0,1,4.6,0.0,73.0,0,57.8,1,72.0,5.9,73.0,0.1,13134.4,3969249.0,1.9,1.8,0.8,13.0
Panama,2014,Developing,77.6,119.0,1,6.7,1842.5,8.0,0,57.1,1,8.0,8.3,8.0,0.1,12593.7,393986.0,1.9,1.8,0.8,13.0
Panama,2013,Developing,77.5,118.0,1,6.9,1694.5,8.0,0,56.3,1,81.0,8.9,8.0,0.1,11686.0,3838462.0,1.9,1.9,0.8,12.9
Panama,2012,Developing,77.2,12.0,1,7.0,201.7,85.0,0,55.6,1,87.0,7.2,85.0,0.1,1589.8,3772938.0,1.9,1.9,0.8,12.8
Panama,2011,Developing,77.3,121.0,1,6.9,119.2,87.0,4,54.9,1,91.0,7.5,87.0,0.1,927.7,377782.0,2.0,1.9,0.8,12.9
Panama,2010,Developing,76.5,122.0,1,6.9,1199.3,94.0,0,54.2,2,95.0,8.5,94.0,0.1,7937.3,3643222.0,2.0,1.9,0.8,12.8
Panama,2009,Developing,76.8,127.0,1,6.9,1092.2,85.0,0,53.4,2,85.0,7.6,85.0,0.1,7429.6,3579385.0,2.0,1.9,0.8,12.8
Panama,2008,Developing,76.5,127.0,1,6.7,956.8,86.0,0,52.7,2,86.0,6.8,86.0,0.1,6973.9,3516268.0,2.0,2.0,0.8,12.8
Panama,2007,Developing,76.4,124.0,1,6.2,76.3,85.0,0,51.9,2,84.0,6.3,85.0,0.2,668.9,345387.0,2.1,2.0,0.7,12.9
Panama,2006,Developing,76.2,125.0,1,5.7,631.1,88.0,0,51.1,2,98.0,7.0,88.0,0.1,5348.5,339195.0,2.1,2.0,0.7,12.9
Panama,2005,Developing,75.8,122.0,1,5.5,623.9,92.0,0,5.3,2,88.0,7.5,92.0,0.1,4916.5,333465.0,2.1,2.1,0.7,12.9
Panama,2004,Developing,75.8,123.0,1,5.7,527.6,95.0,0,49.5,2,92.0,8.9,95.0,0.2,4591.9,3269541.0,2.2,2.1,0.7,12.8
Panama,2003,Developing,75.5,126.0,1,5.5,58.5,98.0,0,48.6,2,95.0,7.6,98.0,0.1,4267.1,329174.0,2.2,2.2,0.7,12.8
Panama,2002,Developing,75.7,125.0,1,5.5,78.8,98.0,0,47.8,2,99.0,8.3,99.0,0.2,4126.1,3149265.0,2.3,2.2,0.7,12.6
Panama,2001,Developing,75.5,124.0,2,5.4,7.3,98.0,0,46.9,2,95.0,7.7,99.0,0.1,446.4,389684.0,2.3,2.3,0.7,12.4
Panama,2000,Developing,75.7,121.0,2,5.6,9.9,80.9,0,45.9,2,99.0,7.8,98.0,0.2,46.3,33347.0,2.4,2.3,0.7,12.1
Papua New Guinea,2015,Developing,62.9,275.0,10,4.6,0.0,67.0,38,48.6,12,74.0,5.9,73.0,0.6,7483.2,7919825.0,1.3,1.3,0.5,10.0
Papua New Guinea,2014,Developing,62.7,278.0,10,0.0,208.2,67.0,2299,47.9,13,64.0,4.3,73.0,0.7,2182.7,7755785.0,1.3,1.3,0.5,10.0
Papua New Guinea,2013,Developing,62.4,281.0,10,0.0,25.7,73.0,12,47.2,13,8.0,4.8,79.0,0.8,230.0,7592865.0,1.3,1.3,0.5,10.0
Papua New Guinea,2012,Developing,62.2,284.0,10,0.0,31.6,68.0,0,46.4,13,81.0,4.5,74.0,1.0,271.3,743836.0,1.3,1.3,0.5,9.9
Papua New Guinea,2011,Developing,62.0,285.0,10,0.9,23.4,66.0,0,45.7,13,69.0,4.9,72.0,1.0,177.9,7269348.0,1.3,1.3,0.5,9.9
Papua New Guinea,2010,Developing,61.8,286.0,10,0.8,19.0,56.0,0,44.9,14,72.0,4.2,67.0,1.1,1366.9,718239.0,1.4,1.3,0.5,9.6
Papua New Guinea,2009,Developing,61.6,288.0,11,0.8,20.5,66.0,0,44.2,14,79.0,4.4,73.0,1.1,1166.7,6947447.0,1.4,1.3,0.5,9.2
Papua New Guinea,2008,Developing,61.4,29.0,11,0.8,103.7,59.0,0,43.4,14,76.0,4.6,63.0,1.3,1178.7,6787187.0,1.4,1.3,0.5,8.9
Papua New Guinea,2007,Developing,61.1,295.0,11,0.7,85.7,61.0,0,42.7,14,72.0,4.4,71.0,1.4,956.7,6627922.0,1.4,1.3,0.5,8.6
Papua New Guinea,2006,Developing,68.0,299.0,11,0.6,126.6,71.0,1,41.9,14,67.0,5.9,72.0,1.5,854.3,647272.0,1.4,1.4,0.5,8.2
Papua New Guinea,2005,Developing,64.0,37.0,11,0.8,12.1,63.0,1222,41.1,15,61.0,6.4,72.0,1.5,77.6,631479.0,1.4,1.4,0.4,7.9
Papua New Guinea,2004,Developing,59.9,314.0,11,0.6,158.0,6.0,1385,4.4,15,59.0,8.4,62.0,1.5,637.4,6161517.0,1.5,1.4,0.4,7.6
Papua New Guinea,2003,Developing,59.6,321.0,11,0.6,124.4,67.0,3863,39.6,14,62.0,6.8,68.0,1.4,588.4,61724.0,1.5,1.4,0.4,7.2
Papua New Guinea,2002,Developing,59.3,327.0,11,0.6,111.0,6.0,17620,38.9,14,54.0,7.7,61.0,1.4,511.7,5862316.0,1.5,1.5,0.4,6.9
Papua New Guinea,2001,Developing,59.1,331.0,11,0.7,93.4,59.0,4023,38.2,14,52.0,6.7,55.0,1.3,539.4,5716152.0,1.5,1.5,0.4,6.6
Papua New Guinea,2000,Developing,58.9,335.0,11,0.7,62.6,57.0,7135,37.5,14,51.0,4.0,59.0,1.1,631.9,5572222.0,1.6,1.5,0.4,6.2
Paraguay,2015,Developing,74.0,146.0,2,4.6,0.0,93.0,0,5.2,3,89.0,5.9,93.0,0.2,419.4,6639119.0,2.0,1.9,0.7,12.3
Paraguay,2014,Developing,73.9,147.0,3,0.0,561.8,87.0,0,49.4,3,83.0,9.8,87.0,0.2,4712.8,6552584.0,2.0,1.9,0.7,12.3
Paraguay,2013,Developing,73.8,148.0,3,5.0,573.4,86.0,0,48.6,3,8.0,1.5,86.0,0.2,4480.0,646574.0,2.0,1.9,0.7,12.3
Paraguay,2012,Developing,73.6,148.0,3,5.4,441.8,87.0,0,47.9,3,83.0,1.3,87.0,0.1,3855.5,6379219.0,2.0,2.0,0.7,12.3
Paraguay,2011,Developing,73.4,15.0,3,5.8,472.2,89.0,0,47.1,3,84.0,9.4,89.0,0.1,3988.1,6293783.0,2.1,2.0,0.7,12.3
Paraguay,2010,Developing,73.2,152.0,3,5.7,360.0,89.0,0,46.4,3,85.0,9.1,89.0,0.1,3225.6,629877.0,2.1,2.0,0.7,12.4
Paraguay,2009,Developing,73.0,155.0,3,5.4,30.9,85.0,0,45.6,3,81.0,9.1,85.0,0.1,2599.6,6127837.0,2.1,2.0,0.7,12.1
Paraguay,2008,Developing,72.7,157.0,3,6.1,34.7,87.0,0,44.9,4,85.0,7.6,89.0,0.1,360.0,647117.0,2.1,2.1,0.7,11.9
Paraguay,2007,Developing,72.5,159.0,3,5.6,318.6,86.0,0,44.2,4,95.0,6.4,95.0,0.1,2312.2,5966159.0,2.2,2.1,0.6,12.0
Paraguay,2006,Developing,72.3,161.0,3,5.6,26.2,92.0,0,43.5,4,98.0,6.4,98.0,0.2,189.7,5882796.0,2.2,2.2,0.6,12.1
Paraguay,2005,Developing,72.1,163.0,3,6.4,20.7,92.0,0,42.8,4,96.0,6.7,96.0,0.2,157.1,5795494.0,2.3,2.2,0.6,12.3
Paraguay,2004,Developing,71.9,165.0,3,6.2,20.6,9.0,0,42.0,4,92.0,5.8,92.0,0.2,148.5,57374.0,2.3,2.2,0.6,12.1
Paraguay,2003,Developing,71.7,166.0,4,6.6,155.4,86.0,0,41.3,4,86.0,6.0,86.0,0.1,1174.8,56795.0,2.4,2.3,0.6,12.7
Paraguay,2002,Developing,71.5,168.0,4,5.7,152.8,80.9,0,4.6,4,87.0,6.8,87.0,0.1,1148.2,558611.0,2.4,2.3,0.6,12.2
Paraguay,2001,Developing,71.2,17.0,4,6.7,233.8,80.9,0,39.8,5,9.0,7.6,89.0,0.1,1417.3,546624.0,2.5,2.4,0.6,11.8
Paraguay,2000,Developing,79.0,172.0,4,6.8,273.6,80.9,0,39.1,5,86.0,8.1,86.0,0.1,1545.6,5327.0,2.5,2.4,0.6,11.6
Peru,2015,Developing,75.5,123.0,8,4.6,0.0,9.0,4,55.6,10,88.0,5.9,9.0,0.1,63.3,31376671.0,1.1,1.1,0.7,13.4
Peru,2014,Developing,75.3,125.0,8,0.0,973.7,88.0,0,54.9,10,78.0,5.5,88.0,0.1,6491.5,3973354.0,1.1,1.1,0.7,13.4
Peru,2013,Developing,75.3,125.0,8,5.4,946.7,88.0,0,54.2,11,71.0,5.2,88.0,0.1,6583.1,3565716.0,1.1,1.1,0.7,13.4
Peru,2012,Developing,74.9,129.0,9,5.1,886.0,95.0,0,53.6,11,94.0,5.2,95.0,0.1,6387.8,3158966.0,1.1,1.1,0.7,13.4
Peru,2011,Developing,74.5,133.0,9,4.8,759.5,91.0,0,52.9,12,91.0,4.9,91.0,0.2,5771.6,29759989.0,1.1,1.1,0.7,13.4
Peru,2010,Developing,73.7,14.0,10,4.7,69.4,93.0,0,52.2,12,92.0,5.3,93.0,0.2,522.5,29373646.0,1.1,1.1,0.7,13.3
Peru,2009,Developing,73.8,14.0,10,4.7,570.5,93.0,0,51.5,13,92.0,5.4,93.0,0.3,4166.9,29157.0,1.2,1.2,0.7,13.3
Peru,2008,Developing,73.9,138.0,11,4.8,58.5,93.0,1,5.8,14,93.0,4.7,93.0,0.3,428.9,2864198.0,1.2,1.2,0.7,13.2
Peru,2007,Developing,74.0,133.0,11,4.3,516.4,93.0,0,5.2,15,93.0,4.6,93.0,0.3,3611.2,28292724.0,1.2,1.2,0.7,13.2
Peru,2006,Developing,74.2,134.0,12,4.2,448.8,94.0,0,49.5,15,94.0,4.5,94.0,0.4,3171.5,27949944.0,1.2,1.2,0.7,13.0
Peru,2005,Developing,72.8,148.0,13,4.4,411.6,94.0,0,48.8,16,66.0,4.7,77.0,0.4,2754.8,276141.0,1.3,1.3,0.7,13.0
Peru,2004,Developing,72.2,151.0,14,4.3,356.9,92.0,0,48.1,18,81.0,4.6,86.0,0.4,2448.1,27273194.0,1.3,1.3,0.7,12.8
Peru,2003,Developing,72.1,152.0,15,4.5,34.7,65.0,0,47.4,19,95.0,4.6,94.0,0.4,218.3,26937738.0,1.3,1.3,0.7,13.3
Peru,2002,Developing,72.6,144.0,16,4.0,40.5,80.9,0,46.7,20,95.0,4.9,95.0,0.4,259.2,2661467.0,1.4,1.4,0.7,13.9
Peru,2001,Developing,72.4,142.0,17,4.2,302.5,80.9,0,46.1,22,9.0,5.0,9.0,0.5,1981.2,26261363.0,1.4,1.4,0.7,13.4
Peru,2000,Developing,71.4,154.0,18,4.6,297.5,80.9,1,45.4,24,93.0,4.8,98.0,0.5,1996.7,25914879.0,1.4,1.4,0.7,13.5
Philippines,2015,Developing,68.5,211.0,52,4.6,0.0,6.0,619,25.4,66,79.0,5.9,6.0,0.1,2878.3,11716359.0,1.0,9.7,0.7,11.7
Philippines,2014,Developing,68.4,214.0,54,4.5,31.3,67.0,58848,24.8,68,77.0,4.7,67.0,0.1,2842.9,112249.0,1.0,9.7,0.7,11.7
Philippines,2013,Developing,68.1,219.0,55,4.6,24.6,89.0,2920,24.3,69,84.0,4.6,89.0,0.1,276.3,9848132.0,1.0,9.7,0.7,11.7
Philippines,2012,Developing,68.1,217.0,56,5.0,212.7,88.0,1536,23.7,71,88.0,4.5,88.0,0.1,2581.8,96866642.0,1.0,9.7,0.7,11.6
Philippines,2011,Developing,68.0,218.0,57,5.0,191.5,87.0,6538,23.1,72,87.0,4.3,87.0,0.1,2352.5,9527794.0,1.0,9.7,0.7,11.5
Philippines,2010,Developing,67.9,218.0,58,4.8,198.3,77.0,6368,22.6,74,78.0,4.4,79.0,0.1,2129.5,93726624.0,1.0,9.7,0.7,11.4
Philippines,2009,Developing,68.0,219.0,59,4.4,159.5,85.0,1469,22.1,76,86.0,4.4,87.0,0.1,1825.3,9222879.0,1.0,9.7,0.7,11.7
Philippines,2008,Developing,67.5,217.0,60,4.2,155.5,88.0,341,21.6,78,91.0,4.5,91.0,0.1,1919.5,9751864.0,1.0,9.7,0.7,11.5
Philippines,2007,Developing,67.5,216.0,62,4.2,137.3,87.0,530,21.1,80,87.0,3.9,87.0,0.1,1672.7,8929349.0,1.0,9.7,0.6,11.4
Philippines,2006,Developing,67.3,219.0,63,4.1,121.4,77.0,9,2.6,82,88.0,4.0,88.0,0.1,1391.8,8789419.0,1.0,9.7,0.6,11.5
Philippines,2005,Developing,67.0,223.0,65,4.2,105.7,49.0,118,2.1,84,9.0,3.9,89.0,0.1,1194.7,86274237.0,1.0,9.7,0.6,11.6
Philippines,2004,Developing,67.3,218.0,66,4.5,13.4,48.0,3025,19.6,86,85.0,3.2,88.0,0.1,179.4,84678493.0,1.0,9.7,0.6,11.6
Philippines,2003,Developing,67.2,217.0,67,4.4,0.9,52.0,10511,19.2,87,85.0,3.2,84.0,0.1,11.6,8331954.0,1.0,9.7,0.6,11.6
Philippines,2002,Developing,66.8,221.0,68,4.4,0.1,42.0,7003,18.7,89,77.0,2.8,79.0,0.1,1.7,813526.0,1.0,9.7,0.6,11.4
Philippines,2001,Developing,66.8,221.0,68,4.5,69.0,45.0,7360,18.3,89,76.0,3.0,79.0,0.1,957.3,79665315.0,1.0,9.7,0.6,11.4
Philippines,2000,Developing,66.8,219.0,69,4.7,11.7,7.0,7120,17.8,90,74.0,3.2,78.0,0.1,138.9,77991569.0,1.0,9.6,0.6,11.4
Poland,2015,Developed,77.5,117.0,2,4.6,0.0,96.0,0,61.7,2,92.0,5.9,98.0,0.1,12566.0,37986412.0,1.9,2.0,0.9,16.4
Poland,2014,Developed,77.3,12.0,2,10.7,243.8,96.0,0,61.1,2,94.0,6.3,98.0,0.1,14341.7,3811735.0,1.9,2.1,0.8,16.4
Poland,2013,Developed,77.1,12.0,2,11.6,23.4,96.0,84,6.4,2,95.0,6.4,99.0,0.1,1378.5,384196.0,2.0,2.1,0.8,15.4
Poland,2012,Developed,76.8,125.0,2,10.8,230.0,97.0,71,59.7,2,95.0,6.6,99.0,0.1,13145.1,3863164.0,2.0,2.1,0.8,15.3
Poland,2011,Developed,76.7,128.0,2,10.9,250.1,98.0,0,59.1,2,96.0,6.7,99.0,0.1,13893.2,3863255.0,2.0,2.2,0.8,15.4
Poland,2010,Developed,76.3,13.0,2,10.6,220.5,98.0,13,58.4,2,96.0,6.9,99.0,0.1,12599.5,3842794.0,2.1,2.2,0.8,15.1
Poland,2009,Developed,75.7,136.0,2,10.7,1299.2,98.0,115,57.8,3,96.0,7.1,99.0,0.1,11527.6,3815163.0,2.1,2.3,0.8,15.1
Poland,2008,Developed,75.5,14.0,2,11.4,15.7,98.0,0,57.2,3,96.0,6.9,99.0,0.1,141.4,38125759.0,2.2,2.3,0.8,15.0
Poland,2007,Developed,75.3,144.0,2,10.9,14.3,98.0,40,56.6,3,99.0,6.3,99.0,0.1,1126.3,381256.0,2.2,2.4,0.8,15.0
Poland,2006,Developed,75.2,144.0,2,10.4,9.1,98.0,120,56.0,3,99.0,6.2,99.0,0.1,94.8,38141267.0,2.3,2.4,0.8,15.0
Poland,2005,Developed,75.0,144.0,2,9.5,79.4,98.0,13,55.5,3,99.0,6.2,99.0,0.1,821.3,38165445.0,2.3,2.5,0.8,14.8
Poland,2004,Developed,74.9,143.0,2,9.2,648.1,98.0,11,55.0,3,99.0,6.2,99.0,0.1,6681.2,38182222.0,2.4,2.5,0.8,15.5
Poland,2003,Developed,74.7,142.0,3,9.1,542.0,97.0,48,54.5,3,98.0,6.2,99.0,0.1,5693.5,382457.0,2.4,2.6,0.8,15.3
Poland,2002,Developed,74.5,145.0,3,8.0,516.1,98.0,34,54.0,3,98.0,6.3,99.0,0.1,5196.9,3823364.0,2.5,2.6,0.8,15.0
Poland,2001,Developed,74.2,149.0,3,7.7,466.7,95.0,133,53.6,3,98.0,5.9,98.0,0.1,4981.2,3824876.0,2.5,2.7,0.8,14.7
Poland,2000,Developed,73.7,153.0,3,8.4,412.4,99.0,77,53.1,4,98.0,5.5,98.0,0.1,4492.7,38258629.0,2.5,2.8,0.8,14.6
Portugal,2015,Developed,81.1,76.0,0,4.6,0.0,98.0,8,61.6,0,98.0,5.9,98.0,0.1,1922.7,135876.0,0.7,0.5,0.8,16.6
Portugal,2014,Developed,89.0,78.0,0,9.9,271.3,98.0,0,6.9,0,98.0,9.5,98.0,0.1,2277.5,14162.0,0.7,0.5,0.8,16.8
Portugal,2013,Developed,86.0,79.0,0,10.0,2698.0,98.0,1,6.2,0,98.0,9.6,98.0,0.1,21618.7,1457295.0,0.7,0.5,0.8,16.3
Portugal,2012,Developed,83.0,81.0,0,12.0,331.5,98.0,23,59.5,0,98.0,9.7,98.0,0.1,2577.4,1514844.0,0.7,0.5,0.8,16.3
Portugal,2011,Developed,82.0,85.0,0,11.9,3108.3,97.0,2,58.8,0,97.0,1.7,97.0,0.1,23196.2,155756.0,0.7,0.5,0.8,16.2
Portugal,2010,Developed,79.6,88.0,0,12.2,3119.3,97.0,5,58.1,0,97.0,1.4,98.0,0.1,22538.7,15731.0,0.7,0.5,0.8,16.0
Portugal,2009,Developed,79.3,9.0,0,12.0,337.1,96.0,3,57.3,0,96.0,1.4,96.0,0.1,2364.0,1568247.0,0.7,0.5,0.8,16.0
Portugal,2008,Developed,79.0,92.0,0,12.3,3652.9,97.0,1,56.5,0,97.0,9.9,97.0,0.1,24815.7,1558177.0,0.7,0.5,0.8,15.8
Portugal,2007,Developed,78.7,94.0,0,12.6,333.4,97.0,0,55.7,0,96.0,9.6,97.0,0.1,2278.6,1542964.0,0.7,0.5,0.8,15.4
Portugal,2006,Developed,78.5,96.0,0,13.1,2884.0,97.0,0,54.9,0,97.0,9.7,97.0,0.1,19821.4,1522288.0,0.7,0.5,0.8,15.4
Portugal,2005,Developed,77.7,11.0,0,13.3,2814.0,94.0,7,54.1,1,93.0,10.0,93.0,0.1,18784.9,15333.0,0.7,0.6,0.8,15.4
Portugal,2004,Developed,78.0,99.0,0,13.4,276.1,94.0,5,53.3,1,95.0,9.8,95.0,0.1,1845.6,1483861.0,0.7,0.6,0.8,15.9
Portugal,2003,Developed,77.3,15.0,0,14.2,2283.9,94.0,8,52.5,1,96.0,9.5,99.0,0.1,15772.7,1458821.0,0.7,0.6,0.8,15.8
Portugal,2002,Developed,77.2,17.0,1,12.0,1904.0,82.0,8,51.7,1,96.0,9.2,98.0,0.1,12882.3,1419631.0,0.8,0.6,0.8,15.9
Portugal,2001,Developed,76.9,11.0,1,12.2,1657.3,7.0,0,5.9,1,96.0,9.1,97.0,0.1,11729.1,1362722.0,0.8,0.6,0.8,15.7
Portugal,2000,Developed,76.6,11.0,1,11.9,167.3,58.0,45,5.1,1,96.0,9.1,96.0,0.1,1152.4,1289898.0,0.8,0.6,0.8,15.5
Qatar,2015,Developing,78.2,68.0,0,4.6,0.0,99.0,18,69.3,0,99.0,5.9,99.0,0.1,66346.5,12753375.1,5.2,4.9,0.9,13.4
Qatar,2014,Developing,78.1,69.0,0,1.1,5063.5,89.0,46,68.4,0,99.0,2.2,89.0,0.1,86852.7,12753375.1,5.2,4.8,0.9,13.4
Qatar,2013,Developing,77.9,7.0,0,1.2,515.1,97.0,73,67.7,0,99.0,2.1,97.0,0.1,8834.9,12753375.1,5.1,4.7,0.8,13.4
Qatar,2012,Developing,77.8,72.0,0,1.1,5163.3,93.0,160,67.0,0,93.0,2.2,92.0,0.1,88564.8,12753375.1,5.1,4.7,0.8,13.4
Qatar,2011,Developing,77.5,74.0,0,1.2,4409.2,93.0,101,66.5,0,92.0,1.9,93.0,0.1,85948.7,12753375.1,5.1,4.6,0.8,12.4
Qatar,2010,Developing,77.3,76.0,0,1.2,37.8,97.0,295,66.0,0,98.0,2.9,97.0,0.1,736.2,12753375.1,5.0,4.6,0.8,12.0
Qatar,2009,Developing,77.0,79.0,0,1.1,3688.7,99.0,112,65.6,0,98.0,2.6,99.0,0.1,61478.2,12753375.1,5.0,4.6,0.8,11.8
Qatar,2008,Developing,76.8,82.0,0,1.4,5484.1,97.0,0,65.2,0,98.0,1.9,97.0,0.1,82967.4,12753375.1,5.0,4.5,0.8,11.7
Qatar,2007,Developing,76.7,83.0,0,1.2,44.2,94.0,361,65.1,0,97.0,2.3,94.0,0.1,675.6,12753375.1,4.9,4.5,0.8,12.6
Qatar,2006,Developing,76.6,83.0,0,1.3,448.6,96.0,144,65.0,0,95.0,2.6,96.0,0.1,6256.6,12753375.1,4.9,4.5,0.8,13.7
Qatar,2005,Developing,76.6,84.0,0,1.2,4582.5,97.0,74,65.1,0,98.0,3.1,97.0,0.1,51488.5,12753375.1,4.8,4.5,0.8,13.7
Qatar,2004,Developing,76.6,84.0,0,1.1,4064.7,97.0,29,65.0,0,95.0,3.6,96.0,0.1,41818.4,12753375.1,4.8,4.5,0.8,13.5
Qatar,2003,Developing,76.5,85.0,0,1.0,4050.0,93.0,24,64.7,0,93.0,4.1,92.0,0.1,34177.0,12753375.1,4.8,4.5,0.8,12.8
Qatar,2002,Developing,76.4,85.0,0,0.9,188.7,98.0,34,64.1,0,96.0,2.7,96.0,0.1,2999.7,12753375.1,4.8,4.5,0.8,12.2
Qatar,2001,Developing,76.3,87.0,0,0.8,170.0,93.0,23,63.3,0,93.0,2.6,93.0,0.1,2843.6,12753375.1,4.8,4.5,0.8,12.6
Qatar,2000,Developing,76.2,88.0,0,0.5,1559.3,89.0,46,62.4,0,91.0,2.2,8.0,0.1,29986.3,12753375.1,4.8,4.5,0.8,13.0
Republic of Korea,2015,Developing,82.3,64.0,1,4.6,0.0,98.0,7,31.7,2,98.0,5.9,98.0,0.1,7483.2,12753375.1,1.5,1.0,0.6,12.0
Republic of Korea,2014,Developing,82.0,66.0,1,0.0,0.0,99.0,442,31.2,2,99.0,7.4,99.0,0.1,7483.2,12753375.1,1.5,1.0,0.6,12.0
Republic of Korea,2013,Developing,81.7,68.0,1,9.3,0.0,99.0,107,3.8,2,99.0,7.2,99.0,0.1,7483.2,12753375.1,1.5,1.0,0.6,12.0
Republic of Korea,2012,Developing,81.2,69.0,1,9.6,0.0,99.0,2,3.4,2,99.0,7.1,99.0,0.1,7483.2,12753375.1,1.5,1.0,0.6,12.0
Republic of Korea,2011,Developing,81.1,72.0,2,9.3,0.0,99.0,42,3.0,2,98.0,6.8,99.0,0.1,7483.2,12753375.1,1.5,1.0,0.6,12.0
Republic of Korea,2010,Developing,87.0,74.0,2,9.2,0.0,94.0,114,29.5,2,95.0,6.8,94.0,0.1,7483.2,12753375.1,1.5,1.0,0.6,12.0
Republic of Korea,2009,Developing,86.0,75.0,2,9.0,0.0,94.0,17,29.1,2,95.0,6.7,94.0,0.1,7483.2,12753375.1,1.5,1.0,0.6,12.0
Republic of Korea,2008,Developing,83.0,75.0,2,9.3,0.0,94.0,2,28.6,2,92.0,6.2,94.0,0.1,7483.2,12753375.1,1.5,1.0,0.6,12.0
Republic of Korea,2007,Developing,79.8,77.0,2,9.1,0.0,91.0,194,28.2,2,91.0,6.0,91.0,0.1,7483.2,12753375.1,1.5,1.0,0.6,12.0
Republic of Korea,2006,Developing,79.4,79.0,2,8.8,0.0,99.0,28,27.7,2,98.0,5.8,98.0,0.1,7483.2,12753375.1,1.5,1.0,0.6,12.0
Republic of Korea,2005,Developing,78.7,84.0,2,9.0,0.0,99.0,7,27.2,3,96.0,5.3,96.0,0.1,7483.2,12753375.1,1.6,1.0,0.6,12.0
Republic of Korea,2004,Developing,78.2,89.0,3,9.2,0.0,92.0,11,26.7,3,9.0,5.0,88.0,0.1,7483.2,12753375.1,1.6,1.0,0.6,12.0
Republic of Korea,2003,Developing,77.6,95.0,3,9.7,0.0,91.0,33,26.2,3,94.0,4.9,97.0,0.1,7483.2,12753375.1,1.6,1.0,0.6,12.0
Republic of Korea,2002,Developing,77.1,99.0,3,9.6,0.0,92.0,62,25.7,4,99.0,4.6,97.0,0.1,7483.2,12753375.1,1.6,1.1,0.6,12.0
Republic of Korea,2001,Developing,76.7,17.0,3,11.4,0.0,89.0,23060,25.2,4,99.0,4.8,97.0,0.1,7483.2,12753375.1,1.6,1.1,0.6,12.0
Republic of Korea,2000,Developing,76.0,116.0,4,10.3,0.0,93.0,32647,24.7,4,99.0,4.2,97.0,0.1,7483.2,12753375.1,1.6,1.1,0.6,12.0
Republic of Moldova,2015,Developing,72.1,157.0,1,4.6,0.0,88.0,0,53.4,1,88.0,5.9,87.0,0.1,7483.2,12753375.1,2.7,2.8,0.6,12.0
Republic of Moldova,2014,Developing,71.8,162.0,1,10.0,0.0,92.0,2,52.7,1,92.0,1.3,9.0,0.1,7483.2,12753375.1,2.7,2.8,0.6,12.0
Republic of Moldova,2013,Developing,71.7,163.0,1,10.5,0.0,91.0,27,52.1,1,92.0,1.5,9.0,0.1,7483.2,12753375.1,2.7,2.9,0.6,12.0
Republic of Moldova,2012,Developing,79.0,175.0,1,10.7,0.0,94.0,11,51.5,1,92.0,11.9,92.0,0.1,7483.2,12753375.1,2.7,2.9,0.6,12.0
Republic of Moldova,2011,Developing,77.0,177.0,1,9.4,0.0,96.0,0,5.9,1,96.0,1.6,93.0,0.1,7483.2,12753375.1,2.8,3.0,0.6,12.0
Republic of Moldova,2010,Developing,68.8,219.0,1,8.2,0.0,98.0,0,5.4,1,97.0,12.8,9.0,0.1,7483.2,12753375.1,2.8,3.0,0.6,12.0
Republic of Moldova,2009,Developing,69.0,218.0,1,8.4,0.0,89.0,0,49.9,1,87.0,12.5,85.0,0.1,7483.2,12753375.1,2.9,3.1,0.6,12.0
Republic of Moldova,2008,Developing,68.9,228.0,1,9.1,0.0,97.0,0,49.5,1,96.0,11.4,9.0,0.1,7483.2,12753375.1,2.9,3.1,0.6,12.0
Republic of Moldova,2007,Developing,68.3,237.0,1,9.7,0.0,95.0,10,49.1,1,93.0,1.9,92.0,0.1,7483.2,12753375.1,3.0,3.2,0.6,12.0
Republic of Moldova,2006,Developing,68.0,242.0,1,8.4,0.0,98.0,34,48.7,1,98.0,1.6,97.0,0.1,7483.2,12753375.1,3.1,3.3,0.6,12.0
Republic of Moldova,2005,Developing,67.3,248.0,1,10.8,0.0,99.0,6,48.3,1,99.0,9.2,98.0,0.1,7483.2,12753375.1,3.1,3.3,0.6,12.0
Republic of Moldova,2004,Developing,68.0,225.0,1,12.3,0.0,99.0,4,47.9,1,98.0,8.5,98.0,0.1,7483.2,12753375.1,3.2,3.4,0.6,12.0
Republic of Moldova,2003,Developing,67.6,226.0,1,8.2,0.0,99.0,87,47.6,1,98.0,8.2,98.0,0.1,7483.2,12753375.1,3.3,3.5,0.6,12.0
Republic of Moldova,2002,Developing,67.5,225.0,1,6.7,0.0,99.0,4929,47.2,1,98.0,8.3,97.0,0.1,7483.2,12753375.1,3.4,3.6,0.6,12.0
Republic of Moldova,2001,Developing,67.6,228.0,1,11.0,0.0,94.0,457,46.8,1,98.0,7.0,97.0,0.1,7483.2,12753375.1,3.5,3.6,0.6,12.0
Republic of Moldova,2000,Developing,67.1,235.0,1,9.9,0.0,92.0,687,46.5,2,97.0,6.7,95.0,0.1,7483.2,12753375.1,3.6,3.7,0.6,12.0
Romania,2015,Developed,75.0,133.0,2,4.6,0.0,9.0,4,6.7,2,89.0,5.9,89.0,0.1,8958.8,19815481.0,2.5,2.7,0.8,14.7
Romania,2014,Developed,74.8,135.0,2,0.0,1.6,94.0,59,59.9,2,94.0,5.6,94.0,0.1,12.3,1998979.0,2.6,2.8,0.8,14.7
Romania,2013,Developed,74.6,138.0,2,9.6,1230.7,96.0,1159,59.2,2,88.0,5.6,92.0,0.1,9585.3,19983693.0,2.7,2.9,0.8,14.7
Romania,2012,Developed,74.4,138.0,2,9.6,1078.4,96.0,7450,58.4,2,92.0,5.5,91.0,0.1,8558.4,25835.0,2.8,3.0,0.8,15.3
Romania,2011,Developed,74.3,139.0,2,9.1,10.3,96.0,4189,57.7,2,89.0,5.5,89.0,0.1,92.3,2147528.0,2.9,3.1,0.8,15.7
Romania,2010,Developed,73.4,153.0,2,9.0,983.3,98.0,193,56.9,2,94.0,5.8,94.0,0.1,8297.5,2246871.0,3.0,3.2,0.8,15.8
Romania,2009,Developed,73.1,158.0,2,10.4,15.0,95.0,8,56.3,3,95.0,5.6,95.0,0.1,822.2,2367487.0,3.0,3.3,0.8,15.4
Romania,2008,Developed,73.1,159.0,2,11.9,128.1,97.0,12,55.6,3,95.0,5.3,96.0,0.1,1136.5,2537875.0,3.1,3.5,0.8,14.7
Romania,2007,Developed,72.9,154.0,3,10.6,919.2,99.0,353,55.0,3,96.0,5.2,96.0,0.1,8214.2,2882982.0,3.2,3.6,0.8,14.1
Romania,2006,Developed,72.5,157.0,3,8.5,665.6,99.0,3196,54.4,4,97.0,5.6,97.0,0.1,5828.7,2119376.0,3.2,3.7,0.8,13.7
Romania,2005,Developed,71.9,162.0,3,7.7,615.4,98.0,5043,53.9,4,97.0,5.5,97.0,0.1,4676.3,21319685.0,3.3,3.8,0.7,13.4
Romania,2004,Developed,71.7,165.0,4,9.8,431.3,99.0,117,53.4,4,97.0,5.4,97.0,0.1,3552.9,21451748.0,3.4,3.9,0.7,12.9
Romania,2003,Developed,71.1,174.0,4,8.8,375.2,98.0,9,52.9,4,97.0,5.3,97.0,0.1,2775.0,21574326.0,3.5,4.0,0.7,12.5
Romania,2002,Developed,77.0,178.0,4,9.6,37.8,99.0,14,52.4,5,98.0,4.6,98.0,0.1,2124.9,2173496.0,3.7,4.1,0.7,12.0
Romania,2001,Developed,78.0,179.0,4,9.8,180.1,98.0,10,51.9,5,99.0,4.4,99.0,0.1,1839.7,2213197.0,3.8,4.2,0.7,11.7
Romania,2000,Developed,77.0,175.0,4,10.2,152.6,98.0,35,51.4,5,99.0,4.3,99.0,0.1,1668.2,22442971.0,4.0,4.3,0.7,11.5
Russian Federation,2015,Developing,75.0,222.0,13,4.6,0.0,97.0,843,6.5,15,97.0,5.9,97.0,0.1,9329.3,1449687.0,2.3,2.3,0.8,15.0
Russian Federation,2014,Developing,73.0,225.0,13,10.1,1340.6,97.0,4711,59.9,15,97.0,7.7,97.0,0.1,14126.0,143819666.0,2.3,2.3,0.8,14.9
Russian Federation,2013,Developing,70.0,229.0,14,10.6,1529.5,97.0,2339,59.3,16,98.0,7.9,97.0,0.2,15543.7,14356911.0,2.3,2.3,0.8,14.6
Russian Federation,2012,Developing,69.6,237.0,14,11.0,178.8,97.0,2123,58.7,16,98.0,6.9,97.0,0.3,15154.5,14321676.0,2.3,2.4,0.8,14.3
Russian Federation,2011,Developing,69.4,242.0,14,11.0,184.8,97.0,629,58.1,17,97.0,6.6,97.0,0.3,14212.7,14296868.0,2.3,2.4,0.8,14.0
Russian Federation,2010,Developing,68.4,256.0,15,11.1,162.8,97.0,129,57.5,17,98.0,6.8,97.0,0.2,1675.0,142849449.0,2.3,2.5,0.8,13.7
Russian Federation,2009,Developing,68.2,261.0,15,11.2,137.0,98.0,101,57.0,18,98.0,7.4,98.0,0.3,8562.9,142785342.0,2.3,2.5,0.8,14.0
Russian Federation,2008,Developing,67.5,278.0,16,12.0,161.7,98.0,27,56.6,18,98.0,6.2,98.0,0.3,11635.3,14274235.0,2.3,2.5,0.8,13.9
Russian Federation,2007,Developing,67.3,282.0,16,12.2,11.0,98.0,173,56.1,19,98.0,5.4,98.0,0.3,911.3,1428588.0,2.4,2.6,0.8,13.8
Russian Federation,2006,Developing,66.4,3.0,17,11.8,12.3,98.0,1147,55.7,20,98.0,5.3,98.0,0.3,692.2,14349528.0,2.4,2.7,0.8,13.8
Russian Federation,2005,Developing,65.0,327.0,18,11.6,625.5,97.0,454,55.3,20,98.0,5.2,98.0,0.3,5323.5,143518523.0,2.4,2.7,0.7,13.7
Russian Federation,2004,Developing,64.9,321.0,19,11.5,46.5,96.0,2444,55.0,21,98.0,5.2,97.0,0.3,412.4,1446754.0,2.5,2.8,0.7,13.6
Russian Federation,2003,Developing,64.6,322.0,20,11.3,333.2,94.0,3291,54.7,22,97.0,5.6,96.0,0.4,2975.1,144648257.0,2.6,2.8,0.7,13.2
Russian Federation,2002,Developing,64.8,313.0,20,10.9,266.5,81.0,580,54.5,24,97.0,6.0,97.0,0.3,2375.6,1453646.0,2.7,2.9,0.7,12.8
Russian Federation,2001,Developing,65.1,38.0,21,10.5,2.6,43.0,2072,54.2,25,97.0,5.7,96.0,0.3,21.4,14597683.0,2.8,3.0,0.7,12.5
Russian Federation,2000,Developing,65.0,37.0,22,10.2,224.5,80.9,4800,54.0,26,97.0,5.4,96.0,0.2,1771.6,146596557.0,2.9,3.0,0.7,12.1
Rwanda,2015,Developing,66.1,227.0,11,4.6,0.0,98.0,1,21.4,15,99.0,5.9,98.0,0.4,71.3,11629553.0,5.7,5.7,0.5,10.8
Rwanda,2014,Developing,65.7,23.0,12,0.0,7.5,98.0,10,2.8,16,98.0,7.5,98.0,0.4,76.6,11345357.0,5.8,5.8,0.5,10.8
Rwanda,2013,Developing,65.2,233.0,12,0.0,11.7,98.0,17,2.1,17,98.0,7.7,98.0,0.5,688.9,1165151.0,5.9,5.9,0.5,10.8
Rwanda,2012,Developing,64.6,239.0,13,0.0,9.8,98.0,75,19.5,18,98.0,7.7,98.0,0.7,678.8,1788853.0,6.1,6.1,0.5,10.5
Rwanda,2011,Developing,63.8,247.0,14,8.3,9.1,97.0,31,18.9,20,93.0,7.7,97.0,1.3,617.3,151671.0,6.3,6.2,0.5,10.2
Rwanda,2010,Developing,62.8,26.0,16,7.9,63.8,97.0,121,18.3,23,93.0,7.9,97.0,2.3,563.5,1246842.0,6.5,6.3,0.5,10.0
Rwanda,2009,Developing,61.0,288.0,17,7.1,9.2,97.0,5,17.7,25,93.0,7.2,97.0,2.8,539.2,9977446.0,6.6,6.4,0.4,10.2
Rwanda,2008,Developing,68.0,282.0,18,6.4,0.7,97.0,6,17.1,28,97.0,7.7,97.0,3.7,5.7,978169.0,6.7,6.6,0.4,10.4
Rwanda,2007,Developing,59.6,295.0,20,6.8,7.4,97.0,26,16.5,30,98.0,8.5,97.0,5.0,44.9,944742.0,6.8,6.7,0.4,10.1
Rwanda,2006,Developing,57.6,328.0,22,6.9,78.5,99.0,494,15.9,34,99.0,1.2,99.0,6.2,342.4,92658.0,6.8,6.8,0.4,9.3
Rwanda,2005,Developing,55.3,37.0,24,7.0,39.4,95.0,129,15.4,38,95.0,6.8,95.0,7.1,287.9,8991735.0,6.8,7.0,0.4,8.8
Rwanda,2004,Developing,53.4,397.0,26,6.8,31.9,89.0,386,14.9,42,89.0,6.2,89.0,7.7,236.9,8818438.0,6.9,7.1,0.4,8.2
Rwanda,2003,Developing,52.0,48.0,29,6.7,33.3,96.0,1064,14.5,46,96.0,6.3,96.0,8.1,212.7,868346.0,7.0,7.3,0.4,7.6
Rwanda,2002,Developing,57.0,415.0,31,7.8,2.0,88.0,2738,14.1,50,85.0,4.2,88.0,8.0,196.6,853625.0,7.2,7.4,0.3,7.2
Rwanda,2001,Developing,48.6,438.0,33,5.7,0.4,80.9,896,13.7,54,76.0,4.4,77.0,8.1,21.6,832946.0,7.4,7.5,0.3,7.1
Rwanda,2000,Developing,48.3,426.0,34,7.1,18.4,80.9,2095,13.2,57,9.0,4.2,9.0,8.5,216.2,82573.0,7.6,7.7,0.3,6.6
Saint Kitts and Nevis,2013,Developing,69.2,164.8,0,8.5,0.0,97.0,0,5.2,0,96.0,6.1,96.0,0.1,7483.2,12753375.1,3.7,3.6,0.7,13.4
Saint Lucia,2015,Developing,75.2,138.0,0,4.6,0.0,99.0,0,47.5,0,99.0,5.9,99.0,0.1,7483.2,12753375.1,4.3,4.3,0.7,13.1
Saint Lucia,2014,Developing,75.0,139.0,0,10.0,0.0,99.0,0,46.7,0,99.0,6.7,99.0,0.1,7483.2,12753375.1,4.3,4.3,0.7,13.1
Saint Lucia,2013,Developing,74.8,141.0,0,9.7,0.0,99.0,0,45.9,0,99.0,7.8,99.0,0.1,7483.2,12753375.1,4.3,4.3,0.7,13.1
Saint Lucia,2012,Developing,74.7,142.0,0,10.0,0.0,98.0,0,45.2,0,98.0,8.3,98.0,0.1,7483.2,12753375.1,4.3,4.3,0.7,13.0
Saint Lucia,2011,Developing,74.6,143.0,0,10.4,0.0,99.0,0,44.5,0,99.0,7.6,99.0,0.1,7483.2,12753375.1,4.3,4.3,0.7,12.9
Saint Lucia,2010,Developing,74.2,147.0,0,10.9,0.0,97.0,0,43.8,0,97.0,8.1,97.0,0.1,7483.2,12753375.1,4.3,4.3,0.7,12.8
Saint Lucia,2009,Developing,74.3,147.0,0,11.1,0.0,95.0,0,43.0,0,95.0,8.1,95.0,0.1,7483.2,12753375.1,4.3,4.4,0.7,12.7
Saint Lucia,2008,Developing,74.1,149.0,0,12.1,0.0,96.0,0,42.2,0,96.0,7.4,96.0,0.1,7483.2,12753375.1,4.3,4.4,0.7,12.6
Saint Lucia,2007,Developing,73.9,151.0,0,12.7,0.0,99.0,0,41.3,0,99.0,6.8,99.0,0.1,7483.2,12753375.1,4.3,4.4,0.7,12.8
Saint Lucia,2006,Developing,73.5,155.0,0,13.4,0.0,85.0,0,4.4,0,85.0,6.4,85.0,0.1,7483.2,12753375.1,4.3,4.4,0.7,12.4
Saint Lucia,2005,Developing,73.1,16.0,0,12.3,0.0,95.0,0,39.6,0,95.0,6.2,95.0,0.2,7483.2,12753375.1,4.4,4.4,0.7,12.2
Saint Lucia,2004,Developing,72.6,166.0,0,11.9,0.0,91.0,0,39.0,0,91.0,6.2,91.0,0.2,7483.2,12753375.1,4.4,4.4,0.7,12.3
Saint Lucia,2003,Developing,72.2,171.0,0,12.6,0.0,84.0,0,38.4,0,91.0,6.1,9.0,0.2,7483.2,12753375.1,4.4,4.4,0.7,12.4
Saint Lucia,2002,Developing,72.0,174.0,0,11.8,0.0,14.0,0,37.9,0,9.0,6.3,74.0,0.1,7483.2,12753375.1,4.4,4.5,0.7,12.5
Saint Lucia,2001,Developing,71.8,178.0,0,12.0,0.0,80.9,0,37.3,0,99.0,6.1,99.0,0.3,7483.2,12753375.1,4.5,4.5,0.7,12.6
Saint Lucia,2000,Developing,71.6,183.0,0,11.7,0.0,80.9,0,36.8,0,7.0,5.5,7.0,0.4,7483.2,12753375.1,4.5,4.5,0.0,12.8
Saint Vincent and the Grenadines,2015,Developing,73.2,156.0,0,4.6,0.0,98.0,0,54.1,0,97.0,5.9,98.0,0.1,7483.2,12753375.1,3.5,3.4,0.7,13.3
Saint Vincent and the Grenadines,2014,Developing,73.1,157.0,0,7.0,0.0,98.0,0,53.1,0,97.0,8.6,98.0,0.1,7483.2,12753375.1,3.5,3.4,0.7,13.3
Saint Vincent and the Grenadines,2013,Developing,72.7,161.0,0,7.1,0.0,97.0,0,52.2,0,97.0,5.2,97.0,0.1,7483.2,12753375.1,3.5,3.4,0.7,13.3
Saint Vincent and the Grenadines,2012,Developing,72.8,159.0,0,6.9,0.0,96.0,0,51.2,0,96.0,8.5,96.0,0.1,7483.2,12753375.1,3.5,3.5,0.7,13.3
Saint Vincent and the Grenadines,2011,Developing,72.7,16.0,0,7.0,0.0,96.0,0,5.3,0,96.0,5.0,96.0,0.1,7483.2,12753375.1,3.5,3.5,0.7,13.3
Saint Vincent and the Grenadines,2010,Developing,72.5,162.0,0,7.0,0.0,99.0,0,49.3,0,99.0,4.7,99.0,0.1,7483.2,12753375.1,3.5,3.5,0.7,13.3
Saint Vincent and the Grenadines,2009,Developing,72.3,165.0,0,6.8,0.0,99.0,0,48.4,0,99.0,5.1,99.0,0.2,7483.2,12753375.1,3.6,3.5,0.7,13.3
Saint Vincent and the Grenadines,2008,Developing,72.1,167.0,0,6.9,0.0,99.0,0,47.5,0,99.0,4.7,99.0,0.3,7483.2,12753375.1,3.6,3.6,0.7,13.3
Saint Vincent and the Grenadines,2007,Developing,71.9,17.0,0,5.9,0.0,99.0,0,46.6,0,99.0,3.9,99.0,0.3,7483.2,12753375.1,3.6,3.6,0.7,13.3
Saint Vincent and the Grenadines,2006,Developing,71.7,173.0,0,5.9,0.0,99.0,0,45.7,0,99.0,3.9,99.0,0.3,7483.2,12753375.1,3.7,3.6,0.7,13.3
Saint Vincent and the Grenadines,2005,Developing,71.4,177.0,0,6.0,0.0,99.0,0,44.7,0,93.0,3.7,99.0,0.2,7483.2,12753375.1,3.7,3.7,0.7,13.3
Saint Vincent and the Grenadines,2004,Developing,71.2,181.0,0,5.4,0.0,99.0,0,43.8,0,99.0,3.7,99.0,0.4,7483.2,12753375.1,3.8,3.7,0.7,13.2
Saint Vincent and the Grenadines,2003,Developing,71.0,184.0,0,5.1,0.0,31.0,0,42.9,0,99.0,3.9,99.0,0.4,7483.2,12753375.1,3.8,3.8,0.7,13.0
Saint Vincent and the Grenadines,2002,Developing,79.0,186.0,0,4.9,0.0,80.9,0,42.0,0,99.0,3.9,99.0,0.4,7483.2,12753375.1,3.9,3.8,0.7,12.9
Saint Vincent and the Grenadines,2001,Developing,79.0,186.0,0,4.7,0.0,80.9,0,41.0,0,99.0,3.6,99.0,0.7,7483.2,12753375.1,3.9,3.9,0.7,12.8
Saint Vincent and the Grenadines,2000,Developing,79.0,186.0,0,4.8,0.0,80.9,0,4.1,0,99.0,3.7,98.0,0.7,7483.2,12753375.1,4.0,3.9,0.0,12.7
Samoa,2015,Developing,74.0,125.0,0,4.6,0.0,59.0,0,74.7,0,61.0,5.9,66.0,0.1,4149.4,193759.0,0.2,0.1,0.7,12.9
Samoa,2014,Developing,73.8,128.0,0,0.0,660.3,56.0,0,74.3,0,58.0,7.2,63.0,0.1,4179.0,19229.0,0.2,0.1,0.7,12.9
Samoa,2013,Developing,73.6,131.0,0,0.0,698.4,6.0,0,73.8,0,62.0,6.9,67.0,0.1,4219.7,19757.0,0.2,0.1,0.7,12.9
Samoa,2012,Developing,73.2,136.0,0,0.0,492.1,64.0,1,73.4,0,62.0,5.2,64.0,0.1,4234.6,189194.0,0.2,0.1,0.7,12.9
Samoa,2011,Developing,73.0,139.0,0,2.1,558.7,58.0,0,72.9,0,6.0,5.8,65.0,0.1,3943.0,187665.0,0.2,0.1,0.7,12.9
Samoa,2010,Developing,72.6,144.0,0,3.0,434.8,57.0,8,72.5,0,57.0,5.7,62.0,0.1,3453.5,18625.0,0.2,0.2,0.7,12.9
Samoa,2009,Developing,76.0,172.0,0,2.9,42.1,44.0,0,72.0,0,45.0,5.4,49.0,0.1,335.1,184826.0,0.2,0.2,0.7,12.9
Samoa,2008,Developing,72.5,146.0,0,4.0,47.4,12.0,0,71.4,0,54.0,4.5,26.0,0.1,359.8,183526.0,0.2,0.2,0.7,12.9
Samoa,2007,Developing,72.2,149.0,0,3.9,47.7,46.0,0,7.9,0,49.0,5.2,53.0,0.1,322.5,182286.0,0.2,0.2,0.7,12.9
Samoa,2006,Developing,72.0,153.0,0,3.5,40.2,35.0,0,7.3,0,37.0,4.7,39.0,0.1,288.0,18194.0,0.2,0.2,0.7,12.7
Samoa,2005,Developing,71.6,16.0,0,3.6,287.5,41.0,0,69.7,0,55.0,4.5,49.0,0.1,2571.3,179929.0,0.2,0.2,0.7,12.6
Samoa,2004,Developing,71.4,162.0,0,3.6,310.6,54.0,0,68.9,0,26.0,4.5,55.0,0.1,2351.3,178781.0,0.2,0.2,0.7,12.4
Samoa,2003,Developing,79.0,169.0,0,4.2,25.0,83.0,0,68.2,0,82.0,4.7,83.0,0.1,197.3,177662.0,0.2,0.2,0.7,12.3
Samoa,2002,Developing,76.0,174.0,0,3.3,208.2,86.0,0,67.4,0,85.0,5.1,86.0,0.1,1631.4,176582.0,0.2,0.2,0.7,12.1
Samoa,2001,Developing,75.0,175.0,0,3.4,199.4,89.0,0,66.5,0,83.0,5.2,85.0,0.1,1555.5,175566.0,0.2,0.2,0.6,12.0
Samoa,2000,Developing,72.0,18.0,0,3.0,21.3,89.0,0,65.6,0,94.0,5.3,95.0,0.1,154.7,17461.0,0.2,0.2,0.6,12.1
San Marino,2013,Developing,69.2,164.8,0,0.0,0.0,69.0,0,38.3,0,69.0,6.5,69.0,0.1,7483.2,12753375.1,4.8,4.9,0.6,15.1
Sao Tome and Principe,2015,Developing,67.5,19.0,0,4.6,0.0,96.0,0,3.9,0,96.0,5.9,96.0,0.2,1624.6,195553.0,5.5,5.3,0.6,11.2
Sao Tome and Principe,2014,Developing,67.3,191.0,0,0.0,225.7,95.0,0,3.1,0,95.0,8.3,95.0,0.2,1821.9,191266.0,5.6,5.4,0.6,11.1
Sao Tome and Principe,2013,Developing,67.1,192.0,0,0.0,200.7,97.0,0,29.3,0,97.0,9.8,97.0,0.2,1619.5,18745.0,5.7,5.5,0.6,11.0
Sao Tome and Principe,2012,Developing,66.9,194.0,0,0.0,8.2,96.0,0,28.5,0,96.0,8.6,96.0,0.5,138.9,182889.0,5.9,5.7,0.6,10.8
Sao Tome and Principe,2011,Developing,66.6,198.0,0,5.7,7.5,96.0,0,27.7,0,96.0,5.4,96.0,0.5,134.3,1788.0,6.0,5.9,0.5,10.6
Sao Tome and Principe,2010,Developing,66.2,24.0,0,5.6,63.0,98.0,0,26.9,0,98.0,5.2,98.0,0.5,1129.8,174776.0,6.1,6.0,0.5,10.6
Sao Tome and Principe,2009,Developing,65.8,21.0,0,4.1,11.1,98.0,0,26.2,0,99.0,6.7,98.0,0.9,199.6,17813.0,6.3,6.2,0.5,10.1
Sao Tome and Principe,2008,Developing,65.4,215.0,0,4.4,62.9,99.0,0,25.4,0,99.0,5.7,99.0,0.9,1126.5,166913.0,6.5,6.4,0.5,10.4
Sao Tome and Principe,2007,Developing,65.1,217.0,0,4.1,49.9,87.0,0,24.7,0,98.0,7.4,97.0,1.2,894.9,16311.0,6.7,6.6,0.5,10.3
Sao Tome and Principe,2006,Developing,64.7,22.0,0,5.5,47.1,75.0,0,24.0,0,97.0,7.8,97.0,1.2,843.9,159328.0,6.9,6.8,0.5,10.2
Sao Tome and Principe,2005,Developing,64.3,222.0,0,5.3,10.8,96.0,0,23.4,0,97.0,1.4,97.0,1.6,81.9,15563.0,7.0,7.0,0.5,10.0
Sao Tome and Principe,2004,Developing,63.8,224.0,0,5.8,9.0,7.0,0,22.8,0,99.0,9.9,96.0,1.6,693.3,151969.0,7.2,7.2,0.5,9.8
Sao Tome and Principe,2003,Developing,63.4,225.0,0,6.5,86.4,43.0,0,22.2,0,94.0,11.1,94.0,1.6,649.3,148372.0,7.4,7.4,0.5,9.7
Sao Tome and Principe,2002,Developing,63.1,226.0,0,5.8,50.8,80.9,0,21.7,0,92.0,1.2,92.0,1.4,555.8,144889.0,7.6,7.6,0.5,9.6
Sao Tome and Principe,2001,Developing,62.8,225.0,0,5.0,3.8,80.9,0,21.1,0,9.0,1.3,92.0,1.5,51.2,141622.0,7.8,7.8,0.5,9.4
Sao Tome and Principe,2000,Developing,62.6,224.0,0,5.1,0.0,80.9,0,2.7,0,87.0,8.9,82.0,1.5,7483.2,13866.0,8.0,8.1,0.5,9.3
Saudi Arabia,2015,Developing,74.5,88.0,7,4.6,0.0,98.0,219,68.2,8,97.0,5.9,98.0,0.1,2732.9,12753375.1,7.8,7.6,0.8,16.1
Saudi Arabia,2014,Developing,74.4,88.0,7,0.1,2017.6,98.0,154,67.3,9,98.0,4.7,98.0,0.1,24575.4,12753375.1,7.7,7.5,0.8,15.8
Saudi Arabia,2013,Developing,74.3,89.0,8,0.1,2047.1,98.0,1164,66.4,9,98.0,4.2,98.0,0.1,24934.4,12753375.1,7.6,7.5,0.8,15.2
Saudi Arabia,2012,Developing,74.1,9.0,8,0.1,196.4,98.0,294,65.6,9,98.0,3.9,98.0,0.1,2533.9,12753375.1,7.5,7.4,0.8,14.5
Saudi Arabia,2011,Developing,73.9,92.0,8,0.1,173.6,98.0,362,64.7,9,98.0,3.6,98.0,0.1,2377.7,12753375.1,7.4,7.4,0.8,13.9
Saudi Arabia,2010,Developing,73.7,94.0,8,0.1,1197.9,98.0,334,63.9,9,98.0,3.5,98.0,0.1,19259.6,12753375.1,7.3,7.4,0.8,13.3
Saudi Arabia,2009,Developing,73.4,97.0,8,0.1,117.9,98.0,82,63.1,10,98.0,4.9,98.0,0.1,1694.3,12753375.1,7.3,7.3,0.8,13.0
Saudi Arabia,2008,Developing,73.3,98.0,9,0.1,15.5,98.0,158,62.4,10,98.0,2.9,98.0,0.1,237.8,12753375.1,7.2,7.3,0.8,12.8
Saudi Arabia,2007,Developing,73.2,99.0,9,0.1,1307.9,96.0,4648,61.6,10,96.0,3.5,96.0,0.1,16472.2,12753375.1,7.2,7.3,0.8,12.7
Saudi Arabia,2006,Developing,73.2,1.0,9,0.1,1395.5,96.0,807,6.9,10,96.0,3.5,96.0,0.1,15334.7,12753375.1,7.2,7.3,0.8,12.5
Saudi Arabia,2005,Developing,73.1,11.0,9,0.1,1117.0,97.0,373,6.2,10,96.0,3.4,96.0,0.1,13739.8,12753375.1,7.2,7.3,0.8,12.4
Saudi Arabia,2004,Developing,73.1,12.0,9,0.1,816.5,96.0,1880,59.4,11,96.0,3.6,96.0,0.1,11138.9,12753375.1,7.2,7.3,0.8,12.3
Saudi Arabia,2003,Developing,73.0,13.0,9,0.1,832.4,95.0,1208,58.5,11,95.0,4.2,95.0,0.1,9567.5,12753375.1,7.2,7.3,0.7,12.2
Saudi Arabia,2002,Developing,72.9,15.0,10,0.1,688.1,97.0,311,57.7,11,95.0,4.3,95.0,0.1,8655.3,12753375.1,7.3,7.3,0.7,12.1
Saudi Arabia,2001,Developing,72.8,17.0,10,0.1,710.5,95.0,155,56.9,12,97.0,4.5,97.0,0.1,8643.5,12753375.1,7.3,7.3,0.7,12.0
Saudi Arabia,2000,Developing,72.6,11.0,10,0.1,782.2,93.0,0,56.2,12,95.0,4.2,95.0,0.1,9127.0,12753375.1,7.3,7.4,0.7,11.8
Senegal,2015,Developing,66.7,188.0,19,4.6,0.0,89.0,58,24.3,26,85.0,5.9,89.0,0.3,98.7,14976994.0,9.5,9.3,0.5,9.5
Senegal,2014,Developing,66.4,192.0,19,0.3,12.8,89.0,32,23.8,27,85.0,4.7,89.0,0.3,152.4,14546111.0,9.7,9.5,0.5,9.1
Senegal,2013,Developing,66.0,196.0,20,0.3,11.8,92.0,17,23.2,28,89.0,4.5,92.0,0.3,148.9,141232.0,9.9,9.7,0.5,8.7
Senegal,2012,Developing,65.6,2.0,20,0.3,10.2,91.0,46,22.7,29,83.0,4.3,91.0,0.4,136.5,1373513.0,1.0,9.9,0.5,8.3
Senegal,2011,Developing,64.9,26.0,20,0.3,1.4,92.0,18,22.2,31,89.0,4.4,92.0,0.4,18.3,13391.0,1.2,1.1,0.5,7.9
Senegal,2010,Developing,64.3,212.0,21,0.3,1.0,89.0,428,21.7,32,76.0,4.6,89.0,0.4,11.6,12916229.0,1.4,1.3,0.4,7.7
Senegal,2009,Developing,63.5,219.0,21,0.3,1.2,86.0,999,21.2,33,83.0,4.8,86.0,0.5,12.6,1255917.0,1.6,1.5,0.4,7.5
Senegal,2008,Developing,62.8,225.0,22,0.3,1.1,88.0,6,2.8,34,87.0,4.9,88.0,0.6,11.3,1223957.0,1.8,1.7,0.4,7.1
Senegal,2007,Developing,62.1,23.0,22,0.3,8.3,94.0,11,2.3,36,93.0,4.7,94.0,0.7,95.4,11873557.0,11.0,1.9,0.4,6.8
Senegal,2006,Developing,61.3,236.0,23,0.3,10.4,89.0,3,19.9,38,89.0,5.4,89.0,0.7,89.8,11556763.0,11.2,11.1,0.4,6.6
Senegal,2005,Developing,65.0,242.0,23,0.3,96.0,84.0,0,19.5,40,84.0,5.3,84.0,0.7,773.9,11251266.0,11.4,11.3,0.4,6.4
Senegal,2004,Developing,59.7,247.0,24,0.3,66.0,54.0,31,19.1,42,87.0,5.7,87.0,0.7,733.6,1955944.0,11.6,11.5,0.4,6.2
Senegal,2003,Developing,59.0,251.0,25,0.3,62.2,80.9,1519,18.7,44,73.0,5.4,73.0,0.7,642.8,16799.0,11.8,11.7,0.4,5.9
Senegal,2002,Developing,58.4,252.0,25,0.4,49.7,80.9,18184,18.3,47,6.0,5.6,6.0,0.7,513.3,1396861.0,12.0,11.9,0.4,5.7
Senegal,2001,Developing,57.9,251.0,26,0.3,6.1,80.9,24789,17.9,49,49.0,5.0,52.0,0.6,481.3,1134497.0,12.1,12.1,0.4,5.4
Senegal,2000,Developing,57.5,25.0,27,0.3,5.4,80.9,5839,17.5,50,49.0,4.6,52.0,0.5,473.5,988452.0,12.3,12.3,0.4,5.2
Serbia,2015,Developing,75.6,121.0,1,4.6,0.0,94.0,383,6.0,1,95.0,5.9,95.0,0.1,5237.3,795383.0,2.0,2.0,0.8,14.4
Serbia,2014,Developing,75.4,123.0,1,9.1,8.6,92.0,37,59.4,1,93.0,1.4,93.0,0.1,62.2,713576.0,2.1,2.1,0.8,14.3
Serbia,2013,Developing,75.3,122.0,1,9.2,880.6,91.0,1,58.9,1,97.0,1.1,95.0,0.1,6353.8,7164132.0,2.1,2.1,0.8,14.1
Serbia,2012,Developing,74.9,126.0,1,9.4,742.5,97.0,0,58.3,1,93.0,9.9,91.0,0.1,5659.4,719977.0,2.1,2.1,0.8,14.0
Serbia,2011,Developing,74.6,127.0,1,9.6,915.3,94.0,370,57.7,1,94.0,9.7,94.0,0.1,6423.3,723499.0,2.2,2.2,0.8,13.5
Serbia,2010,Developing,74.4,128.0,1,9.7,774.4,89.0,20,57.0,1,91.0,1.9,91.0,0.1,5411.9,7291436.0,2.2,2.3,0.8,13.6
Serbia,2009,Developing,74.1,131.0,1,9.8,820.8,93.0,1,56.4,1,97.0,9.9,95.0,0.1,5821.4,73287.0,2.3,2.3,0.8,13.6
Serbia,2008,Developing,74.0,132.0,1,9.5,96.3,93.0,2,55.8,1,95.0,1.5,95.0,0.1,671.8,735222.0,2.3,2.4,0.7,13.5
Serbia,2007,Developing,73.8,132.0,1,9.3,772.9,99.0,201,55.1,1,93.0,1.2,94.0,0.1,5458.1,7381579.0,2.4,2.4,0.7,13.5
Serbia,2006,Developing,73.6,133.0,1,8.6,541.8,93.0,2,54.5,1,97.0,9.0,92.0,0.1,4129.8,7411569.0,2.5,2.5,0.7,13.4
Serbia,2005,Developing,73.0,135.0,1,9.6,503.1,65.0,2,53.9,1,98.0,8.7,98.0,0.1,3528.1,744769.0,2.5,2.6,0.7,13.2
Serbia,2004,Developing,73.0,134.0,1,7.4,462.7,89.0,11,53.3,1,96.0,8.2,88.0,0.1,3331.2,7463157.0,2.6,2.6,0.7,13.1
Serbia,2003,Developing,73.0,134.0,1,7.2,389.8,80.9,15,52.8,1,89.0,8.1,89.0,0.1,2832.5,748591.0,2.7,2.7,0.7,13.0
Serbia,2002,Developing,72.9,133.0,1,7.0,292.6,80.9,63,52.2,1,95.0,8.9,95.0,0.1,2150.0,7496522.0,2.7,2.8,0.7,13.2
Serbia,2001,Developing,73.1,135.0,1,7.5,222.5,80.9,35,51.7,1,93.0,6.9,93.0,0.1,1634.9,753433.0,2.8,2.8,0.7,13.1
Serbia,2000,Developing,72.6,141.0,1,7.4,11.9,80.9,38,51.2,2,98.0,6.5,95.0,0.1,87.1,7516346.0,2.8,2.9,0.7,13.0
Seychelles,2015,Developing,73.2,168.0,0,4.6,0.0,98.0,0,37.4,0,97.0,5.9,97.0,0.1,1539.5,93419.0,5.7,6.0,0.8,14.1
Seychelles,2014,Developing,73.0,17.0,0,0.0,151.1,99.0,0,36.2,0,99.0,3.4,99.0,0.1,1557.8,91359.0,5.7,6.0,0.8,13.2
Seychelles,2013,Developing,72.9,172.0,0,0.0,1521.7,99.0,0,35.5,0,98.0,3.6,98.0,0.1,15687.3,89949.0,5.7,6.1,0.8,13.5
Seychelles,2012,Developing,72.7,174.0,0,0.0,177.3,99.0,0,34.8,0,98.0,4.8,98.0,0.1,12845.2,8833.0,5.7,6.1,0.8,13.5
Seychelles,2011,Developing,72.6,177.0,0,9.7,1121.5,99.0,0,34.2,0,99.0,3.4,99.0,0.1,12190.0,87441.0,5.7,6.1,0.7,13.3
Seychelles,2010,Developing,72.4,18.0,0,6.5,16.5,99.0,0,33.5,0,99.0,3.6,99.0,0.1,184.7,8977.0,5.8,6.2,0.7,13.2
Seychelles,2009,Developing,72.3,182.0,0,4.9,75.2,99.0,0,32.4,0,99.0,2.6,99.0,0.1,977.0,87298.0,5.8,6.2,0.7,13.2
Seychelles,2008,Developing,72.2,184.0,0,6.3,701.9,99.0,0,31.8,0,99.0,2.6,99.0,0.1,11122.9,86956.0,5.9,6.3,0.7,13.2
Seychelles,2007,Developing,72.2,185.0,0,8.1,916.5,99.0,1,31.2,0,99.0,3.3,99.0,0.1,12154.8,8533.0,5.9,6.3,0.7,13.1
Seychelles,2006,Developing,72.2,185.0,0,8.1,102.4,99.0,10,3.7,0,99.0,3.7,99.0,0.1,1214.4,846.0,5.9,6.3,0.7,13.1
Seychelles,2005,Developing,72.2,185.0,0,7.8,21.5,99.0,0,3.1,0,99.0,3.9,99.0,0.1,1192.5,82858.0,6.0,6.4,0.7,12.1
Seychelles,2004,Developing,72.1,186.0,0,7.9,12.9,99.0,0,29.2,0,99.0,4.2,99.0,0.1,1176.7,82475.0,6.0,6.4,0.7,12.3
Seychelles,2003,Developing,72.1,185.0,0,7.4,843.1,99.0,0,28.7,0,99.0,4.6,99.0,0.1,8525.0,82781.0,6.1,6.5,0.7,12.1
Seychelles,2002,Developing,72.1,186.0,0,11.2,562.4,99.0,0,28.1,0,99.0,4.2,99.0,0.1,8331.3,83723.0,6.1,6.6,0.7,12.1
Seychelles,2001,Developing,72.0,187.0,0,6.7,643.7,96.0,0,27.6,0,96.0,4.5,96.0,0.1,7663.1,8122.0,6.2,6.6,0.7,12.2
Seychelles,2000,Developing,71.8,188.0,0,8.2,601.8,98.0,0,27.1,0,98.0,4.6,98.0,0.1,7578.9,81131.0,6.3,6.7,0.0,12.3
Sierra Leone,2015,Developing,51.0,413.0,22,4.6,0.0,86.0,607,24.4,30,86.0,5.9,86.0,0.5,587.5,723725.0,7.4,7.3,0.4,9.5
Sierra Leone,2014,Developing,48.1,463.0,23,0.0,1.4,83.0,1006,23.8,32,83.0,11.9,83.0,0.6,78.4,779162.0,7.5,7.4,0.4,9.5
Sierra Leone,2013,Developing,54.0,47.0,23,0.0,1.3,92.0,15,23.3,33,92.0,11.6,92.0,0.8,71.8,692279.0,7.7,7.6,0.4,9.3
Sierra Leone,2012,Developing,49.7,411.0,25,0.0,54.6,91.0,678,22.7,35,91.0,11.2,91.0,0.9,561.9,676613.0,7.9,7.8,0.4,9.1
Sierra Leone,2011,Developing,48.9,418.0,26,3.8,54.7,89.0,1865,22.2,38,88.0,12.0,89.0,1.3,445.5,6611692.0,8.1,8.0,0.4,8.9
Sierra Leone,2010,Developing,48.1,424.0,27,3.8,5.3,86.0,1089,21.7,40,84.0,1.3,86.0,1.6,45.1,645872.0,8.3,8.2,0.4,8.7
Sierra Leone,2009,Developing,47.1,433.0,28,4.0,49.8,84.0,31,21.2,42,81.0,13.1,84.0,1.7,394.6,63126.0,8.5,8.4,0.4,8.5
Sierra Leone,2008,Developing,46.2,441.0,29,3.9,5.4,77.0,44,2.7,44,75.0,1.3,77.0,1.9,46.4,6165372.0,8.7,8.7,0.4,8.3
Sierra Leone,2007,Developing,45.3,45.0,29,3.9,45.6,63.0,0,2.2,45,63.0,1.1,64.0,2.2,358.8,615417.0,8.9,8.9,0.4,8.2
Sierra Leone,2006,Developing,44.3,464.0,30,3.8,38.0,80.9,33,19.7,46,65.0,1.7,64.0,2.2,322.3,5848692.0,9.1,9.1,0.3,8.0
Sierra Leone,2005,Developing,43.3,48.0,30,3.8,42.1,80.9,29,19.2,47,67.0,12.2,65.0,2.2,287.7,5658379.0,9.3,9.3,0.3,7.8
Sierra Leone,2004,Developing,42.3,496.0,30,4.0,38.5,80.9,7,18.8,47,69.0,11.7,65.0,2.1,263.1,5439695.0,9.5,9.5,0.3,7.6
Sierra Leone,2003,Developing,41.5,57.0,30,4.1,38.6,80.9,586,18.4,47,66.0,11.7,73.0,1.9,263.8,5199549.0,9.7,9.8,0.3,7.4
Sierra Leone,2002,Developing,48.0,513.0,30,4.1,36.6,80.9,568,17.9,48,54.0,12.0,53.0,1.7,249.9,4957216.0,9.9,1.0,0.3,7.2
Sierra Leone,2001,Developing,41.0,519.0,30,4.2,33.3,80.9,649,17.5,48,38.0,11.8,38.0,1.5,227.8,4739147.0,1.1,1.2,0.3,7.0
Sierra Leone,2000,Developing,39.0,533.0,29,4.0,20.4,80.9,3575,17.2,48,46.0,13.6,44.0,1.2,139.3,4564297.0,1.3,1.4,0.3,6.7
Singapore,2015,Developed,83.1,55.0,0,1.8,0.0,96.0,0,33.2,0,96.0,5.9,96.0,0.1,53629.7,12753375.1,2.2,2.2,0.9,15.4
Singapore,2014,Developed,82.9,56.0,0,1.8,7971.6,96.0,0,32.9,0,96.0,4.9,96.0,0.1,56336.7,12753375.1,2.2,2.2,0.9,15.4
Singapore,2013,Developed,82.7,57.0,0,1.8,714.3,97.0,138,32.7,0,97.0,4.5,97.0,0.1,5629.2,12753375.1,2.2,2.2,0.9,15.4
Singapore,2012,Developed,82.5,59.0,0,1.9,6041.9,97.0,42,32.4,0,97.0,4.2,97.0,0.1,54431.2,12753375.1,2.2,2.1,0.9,15.4
Singapore,2011,Developed,82.2,6.0,0,1.8,638.0,96.0,148,32.1,0,96.0,3.9,96.0,0.1,53166.7,12753375.1,2.1,2.1,0.9,15.2
Singapore,2010,Developed,82.0,61.0,0,1.8,4540.5,96.0,50,31.8,0,96.0,4.0,96.0,0.1,46569.7,12753375.1,2.1,2.1,0.9,14.5
Singapore,2009,Developed,81.7,62.0,0,1.7,462.9,96.0,16,31.5,0,97.0,4.3,97.0,0.1,38577.6,12753375.1,2.1,2.1,0.9,14.4
Singapore,2008,Developed,81.4,64.0,0,1.7,3404.1,97.0,18,31.2,0,97.0,3.9,97.0,0.1,39721.5,12753375.1,2.1,2.1,0.9,14.2
Singapore,2007,Developed,81.1,65.0,0,1.6,3083.0,96.0,15,3.9,0,97.0,3.5,97.0,0.1,39223.6,12753375.1,2.1,2.0,0.9,14.1
Singapore,2006,Developed,87.0,66.0,0,1.6,2639.4,95.0,23,3.5,0,95.0,3.7,95.0,0.1,33579.9,12753375.1,2.1,2.0,0.8,13.9
Singapore,2005,Developed,82.0,69.0,0,1.5,2356.7,96.0,33,3.2,0,96.0,3.7,96.0,0.1,29869.9,12753375.1,2.1,2.0,0.8,12.6
Singapore,2004,Developed,79.7,71.0,0,1.4,204.2,94.0,96,29.9,0,95.0,3.2,95.0,0.1,2745.3,12753375.1,2.1,2.0,0.8,12.7
Singapore,2003,Developed,79.3,73.0,0,1.4,2263.1,95.0,33,29.6,0,96.0,3.6,96.0,0.1,23573.6,12753375.1,2.1,2.0,0.8,12.7
Singapore,2002,Developed,79.0,74.0,0,2.2,142.1,95.0,211,29.2,0,94.0,2.8,94.0,0.1,2216.8,12753375.1,2.1,2.0,0.8,12.6
Singapore,2001,Developed,78.7,76.0,0,2.1,1003.4,95.0,408,28.9,0,95.0,2.4,96.0,0.1,21577.8,12753375.1,2.1,2.0,0.8,12.7
Singapore,2000,Developed,78.3,78.0,0,2.0,1855.8,97.0,141,28.5,0,98.0,2.7,98.0,0.1,23792.7,12753375.1,2.1,2.0,0.8,12.5
Slovakia,2015,Developed,76.7,19.0,0,4.6,0.0,96.0,1,59.1,0,96.0,5.9,96.0,0.1,7483.2,12753375.1,1.2,1.2,0.8,15.0
Slovakia,2014,Developed,76.4,113.0,0,10.6,0.0,97.0,0,58.4,0,97.0,8.5,97.0,0.1,7483.2,12753375.1,1.2,1.2,0.8,15.1
Slovakia,2013,Developed,76.1,114.0,0,9.9,0.0,98.0,0,57.8,0,98.0,8.0,98.0,0.1,7483.2,12753375.1,1.2,1.3,0.8,15.0
Slovakia,2012,Developed,75.8,118.0,0,10.1,0.0,99.0,0,57.2,0,99.0,8.2,99.0,0.1,7483.2,12753375.1,1.2,1.3,0.8,15.0
Slovakia,2011,Developed,75.6,122.0,0,10.2,0.0,99.0,0,56.5,0,99.0,8.0,99.0,0.1,7483.2,12753375.1,1.2,1.3,0.8,15.0
Slovakia,2010,Developed,75.1,124.0,0,10.1,0.0,99.0,0,55.9,0,99.0,8.5,99.0,0.1,7483.2,12753375.1,1.3,1.3,0.8,15.0
Slovakia,2009,Developed,75.0,131.0,0,10.6,0.0,99.0,0,55.3,0,99.0,9.2,99.0,0.1,7483.2,12753375.1,1.3,1.4,0.8,14.9
Slovakia,2008,Developed,74.7,136.0,0,11.4,0.0,99.0,0,54.8,0,99.0,8.2,99.0,0.1,7483.2,12753375.1,1.3,1.4,0.8,14.8
Slovakia,2007,Developed,74.4,14.0,0,10.6,0.0,99.0,0,54.2,0,99.0,7.8,99.0,0.1,7483.2,12753375.1,1.3,1.4,0.8,14.5
Slovakia,2006,Developed,74.3,138.0,0,10.3,0.0,99.0,0,53.7,0,99.0,7.3,99.0,0.1,7483.2,12753375.1,1.4,1.5,0.8,14.3
Slovakia,2005,Developed,74.0,141.0,0,10.8,0.0,99.0,0,53.1,0,99.0,7.4,99.0,0.1,7483.2,12753375.1,1.4,1.5,0.8,14.0
Slovakia,2004,Developed,74.1,138.0,0,10.0,0.0,99.0,2,52.6,0,99.0,7.2,99.0,0.1,7483.2,12753375.1,1.4,1.5,0.8,13.8
Slovakia,2003,Developed,73.8,144.0,0,9.8,0.0,99.0,1,52.1,0,98.0,5.8,99.0,0.1,7483.2,12753375.1,1.5,1.6,0.8,13.6
Slovakia,2002,Developed,73.7,145.0,0,10.8,0.0,99.0,0,51.6,0,98.0,5.6,99.0,0.1,7483.2,12753375.1,1.5,1.6,0.8,13.3
Slovakia,2001,Developed,73.3,145.0,0,10.7,0.0,99.0,0,51.1,1,99.0,5.5,99.0,0.1,7483.2,12753375.1,1.5,1.6,0.8,13.3
Slovakia,2000,Developed,73.0,147.0,0,11.1,0.0,98.0,0,5.7,1,98.0,5.5,99.0,0.1,7483.2,12753375.1,1.6,1.7,0.8,13.0
Slovenia,2015,Developed,88.0,74.0,0,4.6,0.0,80.9,18,6.1,0,95.0,5.9,95.0,0.1,2729.9,263531.0,1.4,1.3,0.9,17.3
Slovenia,2014,Developed,87.0,76.0,0,10.5,31.1,80.9,52,59.5,0,95.0,9.2,95.0,0.1,242.7,26198.0,1.4,1.4,0.9,17.6
Slovenia,2013,Developed,85.0,78.0,0,9.5,259.8,80.9,1,58.9,0,95.0,9.3,95.0,0.1,2315.3,259953.0,1.4,1.4,0.9,16.8
Slovenia,2012,Developed,82.0,81.0,0,10.9,3283.0,80.9,2,58.2,0,96.0,9.4,96.0,0.1,22486.5,257159.0,1.5,1.5,0.9,16.8
Slovenia,2011,Developed,79.8,84.0,0,10.6,3343.0,80.9,22,57.6,0,96.0,9.8,96.0,0.1,24985.2,252843.0,1.6,1.6,0.9,17.0
Slovenia,2010,Developed,79.5,87.0,0,10.3,3187.5,80.9,2,57.0,0,96.0,9.7,96.0,0.1,23437.5,248583.0,1.6,1.6,0.9,16.9
Slovenia,2009,Developed,79.1,9.0,0,10.5,3505.4,80.9,0,56.4,0,96.0,9.4,96.0,0.1,24633.8,239669.0,1.7,1.7,0.9,16.9
Slovenia,2008,Developed,78.9,96.0,0,10.9,393.0,80.9,0,55.8,0,97.0,8.5,97.0,0.1,2751.8,221316.0,1.7,1.7,0.9,16.9
Slovenia,2007,Developed,78.3,12.0,0,11.0,3256.7,80.9,0,55.2,0,97.0,8.0,97.0,0.1,23841.3,218122.0,1.8,1.8,0.9,16.8
Slovenia,2006,Developed,78.1,17.0,0,12.3,2724.2,80.9,0,54.7,0,97.0,8.4,97.0,0.1,19726.1,26868.0,1.8,1.9,0.9,16.7
Slovenia,2005,Developed,77.5,14.0,0,11.1,2503.7,80.9,0,54.1,0,95.0,8.5,95.0,0.1,18169.2,2474.0,1.9,2.0,0.9,16.3
Slovenia,2004,Developed,77.2,113.0,0,10.0,235.4,80.9,0,53.5,0,94.0,8.5,94.0,0.1,1726.9,199712.0,2.0,2.0,0.8,16.6
Slovenia,2003,Developed,76.5,119.0,0,11.6,203.3,80.9,0,52.9,0,95.0,8.8,95.0,0.1,1488.5,1995733.0,2.0,2.1,0.8,16.1
Slovenia,2002,Developed,76.6,117.0,0,9.3,1617.5,80.9,0,52.3,0,93.0,8.6,93.0,0.1,11815.0,199453.0,2.1,2.2,0.8,15.6
Slovenia,2001,Developed,76.2,124.0,0,10.8,196.3,80.9,0,51.8,0,93.0,8.6,92.0,0.1,1479.3,19926.0,2.2,2.2,0.8,14.7
Slovenia,2000,Developed,76.0,122.0,0,11.9,161.4,80.9,0,51.2,0,93.0,8.3,91.0,0.1,1227.7,1988925.0,2.2,2.3,0.8,14.6
Solomon Islands,2015,Developing,69.2,177.0,0,4.6,0.0,98.0,0,5.5,0,99.0,5.9,98.0,0.1,1922.4,587482.0,1.1,1.2,0.5,9.6
Solomon Islands,2014,Developing,68.8,183.0,0,0.0,3.7,88.0,0,49.7,0,94.0,5.5,88.0,0.1,29.7,57554.0,1.1,1.2,0.5,9.6
Solomon Islands,2013,Developing,68.8,182.0,0,0.0,24.7,94.0,0,48.9,0,99.0,5.4,94.0,0.1,188.5,563513.0,1.1,1.2,0.5,9.5
Solomon Islands,2012,Developing,68.7,184.0,0,0.0,247.9,99.0,0,48.1,0,99.0,5.5,99.0,0.1,1858.7,551531.0,1.2,1.2,0.5,9.4
Solomon Islands,2011,Developing,68.5,186.0,0,1.0,229.7,99.0,0,47.2,0,99.0,5.8,99.0,0.1,1642.8,539614.0,1.2,1.2,0.5,9.4
Solomon Islands,2010,Developing,68.3,188.0,0,1.1,29.5,9.0,0,46.4,0,94.0,7.5,9.0,0.1,1272.4,52779.0,1.2,1.2,0.5,9.3
Solomon Islands,2009,Developing,68.1,192.0,0,1.2,244.4,92.0,0,45.5,0,98.0,7.9,92.0,0.1,1158.3,51679.0,1.2,1.2,0.5,9.3
Solomon Islands,2008,Developing,68.0,193.0,0,1.1,19.7,89.0,0,44.7,0,94.0,6.0,89.0,0.1,125.8,54477.0,1.2,1.2,0.5,9.2
Solomon Islands,2007,Developing,67.6,2.0,0,0.8,28.9,9.0,0,43.8,0,93.0,6.4,9.0,0.1,146.9,49294.0,1.2,1.2,0.5,9.0
Solomon Islands,2006,Developing,67.6,2.0,0,1.0,240.5,99.0,0,43.0,0,99.0,6.7,99.0,0.1,948.7,481422.0,1.3,1.3,0.5,8.4
Solomon Islands,2005,Developing,67.4,24.0,0,0.9,25.3,83.0,0,42.1,0,9.0,7.8,89.0,0.1,88.9,469885.0,1.3,1.3,0.5,8.3
Solomon Islands,2004,Developing,67.1,29.0,0,1.2,195.5,81.0,0,41.3,0,89.0,5.6,9.0,0.1,818.4,458324.0,1.3,1.3,0.5,8.1
Solomon Islands,2003,Developing,66.8,215.0,0,1.2,16.8,79.0,0,4.4,0,84.0,6.0,84.0,0.1,744.8,446769.0,1.3,1.3,0.5,8.0
Solomon Islands,2002,Developing,66.5,22.0,0,1.1,156.3,75.0,0,39.6,0,78.0,6.9,78.0,0.1,785.0,435262.0,1.4,1.4,0.4,7.3
Solomon Islands,2001,Developing,66.2,227.0,0,0.7,325.1,83.0,0,38.7,0,88.0,6.4,84.0,0.1,944.8,423853.0,1.4,1.4,0.4,6.6
Solomon Islands,2000,Developing,65.8,235.0,0,0.7,4.2,81.0,0,37.9,0,88.0,4.6,86.0,0.1,154.5,41269.0,1.4,1.4,0.5,7.2
Somalia,2015,Developing,55.0,312.0,50,4.6,0.0,42.0,7497,24.3,80,47.0,5.9,42.0,0.7,427.0,12753375.1,6.6,6.4,0.6,12.0
Somalia,2014,Developing,54.3,321.0,51,0.0,0.0,42.0,10229,23.8,80,47.0,5.9,42.0,0.8,417.9,12753375.1,6.7,6.5,0.6,12.0
Somalia,2013,Developing,54.2,318.0,51,0.0,0.0,42.0,3173,23.3,81,47.0,5.9,42.0,0.8,47.5,12753375.1,6.8,6.6,0.6,12.0
Somalia,2012,Developing,53.1,336.0,51,0.0,0.0,80.9,9983,22.9,82,47.0,5.9,42.0,0.8,7483.2,12753375.1,6.8,6.7,0.6,12.0
Somalia,2011,Developing,53.1,329.0,51,0.0,0.0,80.9,17298,22.4,82,49.0,5.9,41.0,0.8,7483.2,12753375.1,6.9,6.7,0.6,12.0
Somalia,2010,Developing,52.4,336.0,52,0.0,0.0,80.9,115,22.0,83,49.0,5.9,45.0,0.8,7483.2,12753375.1,7.0,6.8,0.6,12.0
Somalia,2009,Developing,52.2,335.0,52,0.0,0.0,80.9,13,21.5,84,41.0,5.9,42.0,0.8,7483.2,12753375.1,7.1,6.9,0.6,12.0
Somalia,2008,Developing,51.9,336.0,52,0.0,0.0,80.9,1081,21.1,84,4.0,5.9,31.0,0.9,7483.2,12753375.1,7.2,7.0,0.6,12.0
Somalia,2007,Developing,51.5,34.0,52,0.0,0.0,80.9,1149,2.7,84,4.0,5.9,4.0,0.9,7483.2,12753375.1,7.3,7.1,0.6,12.0
Somalia,2006,Developing,51.5,337.0,51,0.0,0.0,80.9,7,2.2,83,26.0,5.9,26.0,0.9,7483.2,12753375.1,7.4,7.2,0.6,12.0
Somalia,2005,Developing,51.6,334.0,50,0.0,0.0,80.9,0,19.8,82,35.0,5.9,35.0,0.9,7483.2,12753375.1,7.5,7.3,0.6,12.0
Somalia,2004,Developing,51.2,341.0,49,0.0,0.0,80.9,12008,19.4,80,3.0,5.9,3.0,0.9,7483.2,12753375.1,7.6,7.4,0.6,12.0
Somalia,2003,Developing,51.1,344.0,48,0.0,0.0,80.9,8257,19.0,78,4.0,5.9,4.0,0.9,7483.2,12753375.1,7.7,7.5,0.6,12.0
Somalia,2002,Developing,58.0,348.0,47,0.0,0.0,80.9,9559,18.6,77,4.0,5.9,4.0,0.9,7483.2,12753375.1,7.8,7.6,0.6,12.0
Somalia,2001,Developing,57.0,352.0,46,0.0,0.0,80.9,3571,18.2,75,33.0,5.9,33.0,0.8,7483.2,12753375.1,7.9,7.7,0.6,12.0
Somalia,2000,Developing,55.0,355.0,45,0.0,0.0,80.9,3965,17.8,74,37.0,5.9,33.0,0.8,7483.2,12753375.1,8.0,7.9,0.6,12.0
South Africa,2015,Developing,62.9,328.0,42,4.6,0.0,75.0,17,51.1,52,75.0,5.9,75.0,3.6,5769.8,5511976.7,4.4,5.3,0.7,13.0
South Africa,2014,Developing,62.0,347.0,42,7.4,922.1,8.0,66,5.3,52,77.0,8.8,77.0,3.7,6479.6,54146734.7,4.9,5.9,0.7,13.0
South Africa,2013,Developing,69.0,371.0,43,7.3,978.6,7.0,25,49.5,54,73.0,8.8,73.0,4.5,6877.0,53311955.6,5.4,6.5,0.7,12.8
South Africa,2012,Developing,59.2,48.0,43,7.4,1090.0,68.0,32,48.7,56,65.0,8.8,65.0,7.6,7548.2,5256515.8,6.0,7.3,0.6,12.8
South Africa,2011,Developing,58.9,413.0,43,7.4,123.8,76.0,92,47.9,58,69.0,8.6,69.0,8.5,850.0,51729345.4,6.6,8.0,0.6,12.8
South Africa,2010,Developing,58.0,428.0,43,7.3,1038.9,71.0,12499,47.2,62,72.0,8.5,72.0,11.0,7362.8,5979432.4,7.3,8.9,0.6,12.8
South Africa,2009,Developing,56.5,449.0,46,7.6,782.6,74.0,5857,46.4,70,75.0,8.4,76.0,19.0,5888.6,5255813.1,8.1,9.8,0.6,12.8
South Africa,2008,Developing,55.3,473.0,50,8.2,780.0,76.0,39,45.7,75,77.0,7.8,79.0,23.5,5786.6,49557573.3,8.9,1.7,0.6,12.9
South Africa,2007,Developing,54.5,486.0,51,8.5,805.5,83.0,31,45.0,79,79.0,7.5,82.0,26.4,6125.4,48883845.0,9.7,11.7,0.6,12.9
South Africa,2006,Developing,54.0,496.0,54,8.5,732.1,83.0,81,44.3,82,79.0,7.6,82.0,28.1,5631.7,4823384.5,1.6,12.8,0.6,12.9
South Africa,2005,Developing,53.8,498.0,55,8.7,709.3,79.0,615,43.6,84,75.0,7.8,79.0,29.5,5414.6,476667.2,11.6,13.9,0.6,12.9
South Africa,2004,Developing,53.7,497.0,55,7.0,622.0,76.0,830,42.9,83,73.0,7.9,74.0,29.7,4863.5,4718.0,12.6,15.0,0.6,12.9
South Africa,2003,Developing,54.0,485.0,55,6.9,519.2,71.0,244,42.2,82,7.0,8.3,69.0,28.9,3775.7,46418193.9,13.5,16.1,0.6,12.9
South Africa,2002,Developing,54.9,459.0,54,7.0,346.5,72.0,1043,41.6,79,7.0,8.9,7.0,26.6,2518.4,45855482.9,14.5,17.1,0.6,12.9
South Africa,2001,Developing,56.0,429.0,52,7.4,365.3,72.0,1166,4.9,76,71.0,8.3,71.0,24.0,2681.8,45312937.0,15.4,18.1,0.6,13.0
South Africa,2000,Developing,57.3,397.0,51,7.3,46.0,73.0,1459,4.1,73,71.0,8.7,73.0,21.3,337.2,44896856.0,16.3,19.1,0.6,13.0
South Sudan,2015,Developing,57.3,332.0,26,4.6,0.0,31.0,878,38.3,39,41.0,5.9,31.0,3.4,758.7,11882136.0,4.8,4.9,0.4,4.9
South Sudan,2014,Developing,56.6,343.0,26,4.6,46.1,80.9,441,38.3,39,44.0,2.7,39.0,3.5,1151.9,1153971.0,4.8,4.9,0.4,4.9
South Sudan,2013,Developing,56.4,345.0,26,4.6,47.4,80.9,525,38.3,40,5.0,2.6,45.0,3.6,1186.1,1117749.0,4.8,4.9,0.4,4.9
South Sudan,2012,Developing,56.0,347.0,26,4.6,38.3,80.9,1952,38.3,40,64.0,2.8,59.0,3.8,958.5,1818258.0,4.8,4.9,0.4,4.9
South Sudan,2011,Developing,55.4,355.0,27,4.6,0.0,80.9,1256,38.3,41,66.0,5.9,61.0,3.9,177.0,1448857.0,4.8,4.9,0.4,4.9
South Sudan,2010,Developing,55.0,359.0,27,4.6,0.0,80.9,0,38.3,41,82.6,5.9,82.3,4.0,1562.2,167192.0,4.8,4.9,0.0,0.0
South Sudan,2009,Developing,54.3,369.0,27,4.6,0.0,80.9,0,38.3,42,82.6,5.9,82.3,4.2,1264.8,967667.0,4.8,4.9,0.0,0.0
South Sudan,2008,Developing,53.6,377.0,27,4.6,0.0,80.9,0,38.3,42,82.6,5.9,82.3,4.2,1678.7,9263136.0,4.8,4.9,0.0,0.0
South Sudan,2007,Developing,53.1,381.0,27,4.6,0.0,80.9,0,38.3,43,82.6,5.9,82.3,4.2,7483.2,88568.0,4.8,4.9,0.0,0.0
South Sudan,2006,Developing,52.5,383.0,28,4.6,0.0,80.9,0,38.3,43,82.6,5.9,82.3,4.1,7483.2,8468152.0,4.8,4.9,0.0,0.0
South Sudan,2005,Developing,51.9,383.0,28,4.6,0.0,80.9,0,38.3,44,82.6,5.9,82.3,3.9,7483.2,818877.0,4.8,4.9,0.0,0.0
South Sudan,2004,Developing,51.4,383.0,29,4.6,0.0,80.9,0,38.3,45,82.6,5.9,82.3,3.8,7483.2,7787655.0,4.8,4.9,0.0,0.0
South Sudan,2003,Developing,58.0,383.0,29,4.6,0.0,80.9,0,38.3,46,82.6,5.9,82.3,3.5,7483.2,751642.0,4.8,4.9,0.0,0.0
South Sudan,2002,Developing,52.0,382.0,30,4.6,0.0,80.9,0,38.3,48,82.6,5.9,82.3,3.3,7483.2,7237276.0,4.8,4.9,0.0,0.0
South Sudan,2001,Developing,49.6,381.0,30,4.6,0.0,80.9,0,38.3,49,82.6,5.9,82.3,3.0,7483.2,6974442.0,4.8,4.9,0.0,0.0
South Sudan,2000,Developing,48.9,38.0,31,4.6,0.0,80.9,0,38.3,50,82.6,5.9,82.3,2.7,7483.2,67656.0,4.8,4.9,0.0,0.0
Spain,2015,Developed,82.8,56.0,1,4.6,0.0,97.0,115,66.6,1,97.0,5.9,97.0,0.1,25683.8,46447697.0,0.6,0.5,0.9,17.7
Spain,2014,Developed,82.6,58.0,1,0.0,43.0,96.0,154,66.0,1,97.0,9.3,97.0,0.1,296.5,4648882.0,0.6,0.5,0.9,17.6
Spain,2013,Developed,82.4,6.0,1,9.2,423.7,95.0,131,65.4,2,96.0,9.1,96.0,0.1,2921.9,466245.0,0.6,0.5,0.9,17.5
Spain,2012,Developed,82.0,61.0,1,9.3,4255.8,96.0,1204,64.8,2,97.0,9.4,97.0,0.1,28562.3,4677355.0,0.6,0.5,0.9,17.2
Spain,2011,Developed,82.1,63.0,1,9.6,4873.8,97.0,3802,64.1,2,97.0,9.5,97.0,0.1,31834.2,46742697.0,0.6,0.5,0.9,16.9
Spain,2010,Developed,81.9,64.0,1,9.8,578.7,97.0,302,63.5,2,97.0,9.6,97.0,0.1,3736.2,46576897.0,0.6,0.5,0.9,16.4
Spain,2009,Developed,81.6,66.0,2,10.0,5047.3,96.0,41,62.9,2,96.0,9.5,96.0,0.1,32333.5,46362946.0,0.6,0.5,0.9,16.3
Spain,2008,Developed,81.3,7.0,2,10.2,5596.5,97.0,297,62.3,2,97.0,8.8,97.0,0.1,35578.7,4595416.0,0.6,0.5,0.9,16.1
Spain,2007,Developed,89.0,72.0,2,11.1,510.9,96.0,267,61.7,2,96.0,8.4,96.0,0.1,3279.4,4522683.0,0.6,0.5,0.8,16.0
Spain,2006,Developed,88.0,73.0,2,11.9,4460.4,97.0,362,61.1,2,98.0,8.2,98.0,0.1,28482.7,44397319.0,0.6,0.5,0.8,15.9
Spain,2005,Developed,81.0,77.0,2,11.9,405.4,96.0,22,6.5,2,96.0,8.1,96.0,0.1,2651.7,43653155.0,0.6,0.5,0.8,15.8
Spain,2004,Developed,81.0,79.0,2,12.0,3715.4,97.0,26,59.9,2,97.0,8.5,97.0,0.1,24918.6,42921895.0,0.6,0.5,0.8,15.6
Spain,2003,Developed,79.4,83.0,2,12.1,3205.0,81.0,256,59.3,2,99.0,8.0,98.0,0.1,21495.8,42187645.0,0.6,0.5,0.8,15.6
Spain,2002,Developed,79.5,83.0,2,12.3,228.4,82.0,67,58.8,2,98.0,7.2,98.0,0.1,1719.5,41431558.0,0.6,0.5,0.8,15.7
Spain,2001,Developed,79.4,84.0,2,9.9,2044.2,83.0,0,58.2,2,95.0,7.2,96.0,0.1,15323.6,485412.0,0.6,0.5,0.8,15.7
Spain,2000,Developed,79.1,86.0,2,11.1,1934.4,77.0,152,57.6,2,95.0,7.2,95.0,0.1,14676.8,4567864.0,0.6,0.5,0.8,15.7
Sri Lanka,2015,Developing,74.9,138.0,3,4.6,0.0,99.0,1568,23.4,3,99.0,5.9,99.0,0.1,3844.9,2966.0,15.1,15.0,0.8,14.0
Sri Lanka,2014,Developing,74.7,141.0,3,2.4,42.7,99.0,1686,22.7,3,99.0,3.5,99.0,0.1,382.5,2771.0,15.2,15.0,0.8,14.0
Sri Lanka,2013,Developing,74.6,142.0,3,2.6,41.6,99.0,2107,21.9,3,99.0,3.7,99.0,0.1,361.3,2585.0,15.2,15.1,0.8,13.8
Sri Lanka,2012,Developing,74.5,143.0,3,2.8,20.8,99.0,51,21.2,4,99.0,3.2,99.0,0.1,335.5,2425.0,15.3,15.2,0.8,13.7
Sri Lanka,2011,Developing,74.5,141.0,3,3.0,20.8,99.0,60,2.5,4,99.0,3.3,99.0,0.1,323.0,2271.0,15.3,15.3,0.7,13.6
Sri Lanka,2010,Developing,74.5,138.0,3,2.3,191.7,99.0,79,19.8,4,99.0,3.4,99.0,0.1,2819.5,2119.0,15.3,15.3,0.7,13.5
Sri Lanka,2009,Developing,71.8,183.0,4,2.0,13.4,97.0,21,19.2,4,97.0,3.4,97.0,0.1,216.7,19968.0,15.3,15.4,0.7,13.4
Sri Lanka,2008,Developing,72.3,172.0,4,2.1,17.8,98.0,33,18.5,4,98.0,3.4,98.0,0.1,254.5,19817.0,15.4,15.4,0.7,13.3
Sri Lanka,2007,Developing,73.7,146.0,4,2.3,127.6,98.0,44,17.9,5,98.0,3.8,98.0,0.1,1644.8,19668.0,15.4,15.5,0.7,13.2
Sri Lanka,2006,Developing,73.8,145.0,4,2.0,120.2,98.0,0,17.2,5,98.0,4.6,98.0,0.1,1448.8,1952.0,15.4,15.5,0.7,13.1
Sri Lanka,2005,Developing,74.2,138.0,4,2.0,97.8,99.0,3,16.6,5,99.0,4.6,99.0,0.1,1259.9,19373.0,15.4,15.5,0.7,12.9
Sri Lanka,2004,Developing,69.1,197.0,6,1.6,15.4,62.0,35,16.1,10,97.0,4.3,97.0,0.1,174.7,19228.0,15.4,15.5,0.7,12.8
Sri Lanka,2003,Developing,73.9,146.0,5,1.7,72.4,32.0,65,15.6,5,98.0,4.0,99.0,0.1,989.5,1983.0,15.4,15.5,0.7,12.7
Sri Lanka,2002,Developing,73.7,149.0,5,1.6,59.6,80.9,139,15.1,5,98.0,3.9,98.0,0.1,873.1,18939.0,15.4,15.6,0.7,12.6
Sri Lanka,2001,Developing,72.7,16.0,5,1.7,53.6,80.9,309,14.6,6,98.0,3.8,98.0,0.1,837.7,18797.0,15.4,15.6,0.7,12.5
Sri Lanka,2000,Developing,71.5,175.0,5,1.4,60.5,80.9,16527,14.1,6,99.0,3.8,99.0,0.1,875.4,18655.0,15.3,15.5,0.7,12.4
Sudan,2015,Developing,64.1,225.0,58,4.6,0.0,93.0,3585,38.3,85,93.0,5.9,93.0,0.3,2513.9,3864783.0,4.8,4.9,0.5,7.2
Sudan,2014,Developing,63.8,229.0,59,0.0,253.6,94.0,676,38.3,86,94.0,8.4,94.0,0.3,2176.9,37737913.0,4.8,4.9,0.5,7.2
Sudan,2013,Developing,63.5,232.0,60,0.0,227.8,93.0,2813,38.3,88,93.0,8.4,93.0,0.3,1955.7,36849918.0,4.8,4.9,0.5,7.0
Sudan,2012,Developing,63.2,235.0,61,0.0,220.5,92.0,8523,38.3,89,92.0,8.2,92.0,0.3,1892.9,3599192.0,4.8,4.9,0.5,6.8
Sudan,2011,Developing,62.7,241.0,61,2.1,196.7,93.0,5616,38.3,91,93.0,8.3,93.0,0.3,1666.9,35167314.0,4.8,4.9,0.5,7.0
Sudan,2010,Developing,62.5,243.0,62,1.8,172.0,75.0,680,38.3,92,9.0,8.0,9.0,0.3,1476.5,34385963.0,4.8,4.9,0.5,7.0
Sudan,2009,Developing,62.0,248.0,63,2.0,17.1,72.0,68,38.3,94,81.0,8.4,81.0,0.3,1226.9,3365619.0,4.8,4.9,0.5,6.8
Sudan,2008,Developing,61.8,251.0,64,2.0,128.6,78.0,129,38.3,95,85.0,8.2,86.0,0.3,1291.5,32955496.0,4.8,4.9,0.4,6.3
Sudan,2007,Developing,61.4,254.0,65,2.0,86.1,78.0,327,38.3,97,84.0,4.7,84.0,0.3,1115.7,32282526.0,4.8,4.9,0.4,6.4
Sudan,2006,Developing,61.0,26.0,66,1.9,60.3,6.0,228,38.3,99,77.0,3.9,78.0,0.2,893.9,316764.0,4.8,4.9,0.4,6.2
Sudan,2005,Developing,67.0,261.0,66,1.6,37.6,22.0,1374,38.3,101,78.0,3.2,78.0,0.2,679.8,3911914.0,4.8,4.9,0.4,6.1
Sudan,2004,Developing,59.7,278.0,68,1.6,37.0,80.9,9562,38.3,102,74.0,3.4,74.0,0.2,565.6,3186341.0,4.8,4.9,0.4,5.7
Sudan,2003,Developing,59.6,278.0,69,1.7,35.4,80.9,4381,38.3,104,69.0,3.2,69.0,0.2,477.7,29435944.0,4.8,4.9,0.4,5.6
Sudan,2002,Developing,59.4,277.0,70,1.6,30.6,80.9,4529,38.3,106,6.0,3.0,6.0,0.2,412.2,28679565.0,4.8,4.9,0.4,5.6
Sudan,2001,Developing,58.9,283.0,71,1.8,28.9,80.9,4362,38.3,108,66.0,3.0,66.0,0.2,377.5,279455.0,4.8,4.9,0.4,5.6
Sudan,2000,Developing,58.6,284.0,71,1.8,30.9,80.9,2875,38.3,109,62.0,3.2,62.0,0.1,361.4,2725535.0,4.8,4.9,0.4,5.5
Suriname,2015,Developing,71.6,176.0,0,4.6,0.0,89.0,0,58.3,0,89.0,5.9,89.0,0.4,8819.0,55328.0,3.5,3.5,0.7,12.7
Suriname,2014,Developing,71.4,178.0,0,6.3,1132.4,85.0,0,57.7,0,85.0,5.7,85.0,0.4,9564.5,547928.0,3.5,3.5,0.7,12.7
Suriname,2013,Developing,71.2,179.0,0,6.0,1123.0,86.0,0,57.0,0,86.0,6.0,86.0,0.4,9484.6,54254.0,3.5,3.5,0.7,12.7
Suriname,2012,Developing,71.3,178.0,0,5.7,1168.3,84.0,0,56.3,0,84.0,6.9,84.0,0.9,9272.4,53777.0,3.5,3.4,0.7,12.7
Suriname,2011,Developing,76.0,187.0,0,5.6,989.1,86.0,0,55.5,0,86.0,5.9,86.0,0.1,8319.0,531589.0,3.5,3.4,0.7,12.5
Suriname,2010,Developing,73.0,19.0,0,5.3,99.1,86.0,0,54.8,0,96.0,5.8,96.0,0.5,833.3,52613.0,3.5,3.4,0.7,12.3
Suriname,2009,Developing,70.0,196.0,0,5.1,885.1,87.0,0,54.1,0,85.0,6.1,87.0,0.6,7443.9,52619.0,3.5,3.4,0.7,12.1
Suriname,2008,Developing,69.8,196.0,0,4.9,815.4,84.0,0,53.3,0,85.0,5.9,85.0,1.2,6858.2,515148.0,3.5,3.4,0.7,11.9
Suriname,2007,Developing,69.5,22.0,0,4.7,685.0,84.0,0,52.6,0,84.0,5.9,84.0,0.8,5761.4,5975.0,3.5,3.4,0.7,11.7
Suriname,2006,Developing,69.3,199.0,0,4.5,72.8,84.0,0,51.8,0,84.0,6.2,84.0,0.6,527.9,5437.0,3.5,3.4,0.7,11.5
Suriname,2005,Developing,68.9,25.0,0,4.5,418.9,83.0,0,51.1,0,84.0,6.8,83.0,0.6,3595.9,498946.0,3.5,3.4,0.7,11.3
Suriname,2004,Developing,68.3,214.0,0,4.5,4.2,80.9,0,5.4,0,84.0,6.9,85.0,0.9,36.5,49363.0,3.5,3.5,0.0,11.1
Suriname,2003,Developing,68.0,223.0,0,4.5,32.4,80.9,0,49.7,0,74.0,6.6,75.0,1.0,263.1,488332.0,3.5,3.5,0.0,10.9
Suriname,2002,Developing,67.9,221.0,0,4.4,250.7,80.9,0,49.0,0,74.0,7.1,73.0,1.6,2232.5,48344.0,3.5,3.5,0.0,11.0
Suriname,2001,Developing,67.7,219.0,0,4.2,191.2,80.9,0,48.3,0,65.0,8.4,68.0,1.8,1598.8,47774.0,3.6,3.5,0.0,11.0
Suriname,2000,Developing,67.4,224.0,0,4.3,268.2,80.9,0,47.6,0,7.0,9.7,71.0,0.4,1888.6,47239.0,3.6,3.6,0.0,11.1
Swaziland,2015,Developing,58.9,373.0,2,4.6,0.0,9.0,0,32.3,3,84.0,5.9,9.0,7.1,3136.9,131911.0,4.0,4.1,0.5,11.4
Swaziland,2014,Developing,58.4,382.0,2,0.0,574.4,98.0,0,31.8,3,98.0,9.2,98.0,7.3,3464.4,129597.0,4.3,4.3,0.5,11.4
Swaziland,2013,Developing,57.6,393.0,2,0.0,709.0,98.0,0,31.2,3,98.0,9.7,98.0,9.8,3598.8,1271456.0,4.5,4.6,0.5,11.4
Swaziland,2012,Developing,56.5,412.0,2,0.0,720.2,95.0,0,3.7,3,92.0,8.8,95.0,12.2,3851.5,1248158.0,4.8,4.9,0.5,11.3
Swaziland,2011,Developing,55.0,438.0,2,5.2,735.7,91.0,0,3.2,3,85.0,8.6,91.0,15.7,3934.3,1225258.0,5.1,5.2,0.5,11.2
Swaziland,2010,Developing,53.6,459.0,2,4.9,56.9,89.0,313,29.7,4,89.0,8.5,89.0,21.6,369.2,122843.0,5.4,5.6,0.5,11.0
Swaziland,2009,Developing,52.6,46.0,3,4.9,47.6,88.0,26,29.3,4,89.0,8.5,88.0,33.7,332.5,118675.0,5.8,5.9,0.5,10.8
Swaziland,2008,Developing,51.4,477.0,3,4.9,413.0,9.0,1,28.9,4,89.0,8.2,88.0,40.2,2842.4,1158897.0,6.1,6.3,0.5,10.6
Swaziland,2007,Developing,50.0,51.0,3,5.5,43.4,92.0,0,28.5,4,88.0,7.5,87.0,40.7,347.5,1138434.0,6.5,6.7,0.5,10.5
Swaziland,2006,Developing,47.8,564.0,3,5.5,437.1,93.0,0,28.2,4,88.0,6.8,87.0,43.7,2937.4,112514.0,6.9,7.1,0.5,9.9
Swaziland,2005,Developing,46.0,63.0,3,5.1,372.2,95.0,0,27.8,4,88.0,6.8,86.0,49.1,2873.9,115873.0,7.3,7.5,0.5,9.7
Swaziland,2004,Developing,45.6,69.0,3,5.8,37.4,93.0,0,27.4,4,88.0,5.9,86.0,50.3,2529.6,19553.0,7.7,7.9,0.5,9.4
Swaziland,2003,Developing,45.9,6.0,3,5.7,2.8,9.0,350,27.1,4,87.0,5.7,85.0,50.6,23.0,187392.0,8.2,8.4,0.5,9.1
Swaziland,2002,Developing,46.4,587.0,3,5.5,131.0,88.0,37,26.7,4,87.0,5.2,85.0,49.9,1325.0,1893.0,8.6,8.8,0.5,9.2
Swaziland,2001,Developing,47.1,568.0,3,6.7,143.6,86.0,49,26.3,4,87.0,5.1,84.0,48.8,1437.6,172927.0,9.0,9.2,0.5,9.3
Swaziland,2000,Developing,48.4,536.0,3,7.2,25.2,83.0,10,25.9,4,87.0,5.3,84.0,46.4,1637.5,161468.0,9.4,9.6,0.5,9.4
Sweden,2015,Developed,82.4,53.0,0,4.6,0.0,67.0,22,59.5,0,98.0,5.9,98.0,0.1,5585.3,9799186.0,1.5,1.4,0.9,15.9
Sweden,2014,Developed,82.3,54.0,0,7.3,1142.2,67.0,26,59.0,0,98.0,11.9,98.0,0.1,5918.2,969611.0,1.5,1.3,0.9,15.8
Sweden,2013,Developed,81.9,57.0,0,7.3,1212.7,67.0,51,58.5,0,98.0,12.0,98.0,0.1,6283.2,96379.0,1.4,1.3,0.9,15.8
Sweden,2012,Developed,81.7,57.0,0,7.4,10947.0,53.0,30,58.1,0,98.0,11.8,98.0,0.1,57134.8,9519374.0,1.4,1.3,0.9,15.8
Sweden,2011,Developed,81.7,58.0,0,7.4,11477.7,42.0,26,57.7,0,98.0,11.7,98.0,0.1,59593.3,9449213.0,1.4,1.3,0.9,16.0
Sweden,2010,Developed,81.5,58.0,0,7.2,778.2,80.9,6,57.3,0,98.0,9.5,98.0,0.1,5276.3,9378126.0,1.3,1.3,0.9,15.8
Sweden,2009,Developed,81.4,62.0,0,7.3,682.1,80.9,3,56.9,0,98.0,9.9,98.0,0.1,4627.6,9298515.0,1.3,1.3,0.9,15.8
Sweden,2008,Developed,81.1,62.0,0,6.9,8105.6,80.9,25,56.5,0,98.0,9.2,98.0,0.1,55746.8,9219637.0,1.3,1.3,0.9,15.7
Sweden,2007,Developed,89.0,63.0,0,6.9,7593.4,80.9,1,56.1,0,98.0,8.9,98.0,0.1,53324.4,914892.0,1.3,1.3,0.9,15.8
Sweden,2006,Developed,88.0,64.0,0,6.5,6369.5,80.9,19,55.7,0,98.0,8.9,98.0,0.1,46256.5,9855.0,1.3,1.3,0.9,15.9
Sweden,2005,Developed,85.0,66.0,0,6.5,599.0,80.9,13,55.3,0,98.0,9.6,98.0,0.1,4385.4,929572.0,1.3,1.3,0.9,16.0
Sweden,2004,Developed,83.0,7.0,0,6.6,5793.4,80.9,5,54.9,0,99.0,9.9,99.0,0.1,42442.2,8993531.0,1.3,1.3,0.9,16.0
Sweden,2003,Developed,82.0,69.0,0,6.9,5067.4,80.9,3,54.4,0,99.0,9.3,99.0,0.1,36961.4,8958229.0,1.3,1.3,0.9,15.9
Sweden,2002,Developed,79.9,71.0,0,6.9,3998.1,80.9,9,53.9,0,99.0,9.2,99.0,0.1,29571.7,8924958.0,1.3,1.3,0.9,15.9
Sweden,2001,Developed,79.8,73.0,0,6.6,3554.5,80.9,5,53.4,0,99.0,8.9,99.0,0.1,26969.2,889596.0,1.3,1.3,0.9,15.9
Sweden,2000,Developed,79.6,73.0,0,6.2,3689.7,80.9,59,52.8,0,99.0,8.2,99.0,0.1,29283.5,887219.0,1.4,1.3,0.9,15.9
Switzerland,2015,Developed,83.4,49.0,0,4.6,0.0,80.9,35,57.4,0,97.0,5.9,97.0,0.1,8989.8,8282396.0,0.4,0.3,0.9,16.0
Switzerland,2014,Developed,83.2,51.0,0,9.6,19479.9,80.9,23,57.0,0,96.0,11.7,96.0,0.1,85814.6,8188649.0,0.4,0.3,0.9,15.9
Switzerland,2013,Developed,83.0,52.0,0,9.7,19099.0,80.9,175,56.6,0,96.0,11.7,96.0,0.1,84658.9,889346.0,0.4,0.3,0.9,15.8
Switzerland,2012,Developed,82.7,54.0,0,9.9,18379.3,80.9,61,56.2,0,96.0,11.6,96.0,0.1,83164.4,7996861.0,0.5,0.3,0.9,15.7
Switzerland,2011,Developed,82.6,55.0,0,10.0,18822.9,80.9,621,55.8,0,96.0,11.2,96.0,0.1,87998.4,7912398.0,0.5,0.3,0.9,15.6
Switzerland,2010,Developed,82.3,57.0,0,10.0,2198.6,80.9,77,55.4,0,96.0,11.7,95.0,0.1,74276.7,782499.0,0.5,0.4,0.9,15.4
Switzerland,2009,Developed,82.1,6.0,0,10.2,14714.8,80.9,958,55.0,0,96.0,11.0,95.0,0.1,69672.5,7743831.0,0.5,0.4,0.9,15.3
Switzerland,2008,Developed,82.0,6.0,0,10.3,2084.3,80.9,2022,54.6,0,96.0,1.3,95.0,0.1,72119.6,7647675.0,0.5,0.4,0.9,15.3
Switzerland,2007,Developed,81.7,63.0,0,10.4,11892.3,80.9,1015,54.1,0,94.0,1.2,94.0,0.1,63223.5,7551117.0,0.5,0.4,0.9,15.3
Switzerland,2006,Developed,81.5,65.0,0,10.2,10598.1,80.9,0,53.7,0,94.0,1.4,94.0,0.1,57348.9,7483934.0,0.6,0.4,0.9,15.2
Switzerland,2005,Developed,81.1,66.0,0,10.2,10055.3,80.9,60,53.2,0,94.0,1.9,94.0,0.1,54797.5,7437115.0,0.6,0.4,0.9,15.2
Switzerland,2004,Developed,81.0,69.0,0,10.6,9495.5,80.9,39,52.8,0,95.0,2.0,93.0,0.1,53256.0,7389625.0,0.6,0.4,0.9,15.1
Switzerland,2003,Developed,85.0,72.0,0,10.8,842.3,80.9,574,52.3,0,95.0,1.9,93.0,0.1,4796.6,73391.0,0.6,0.5,0.9,15.0
Switzerland,2002,Developed,84.0,74.0,0,10.8,6853.6,80.9,0,51.8,0,95.0,1.6,93.0,0.1,41336.7,7284753.0,0.6,0.5,0.9,15.2
Switzerland,2001,Developed,82.0,75.0,0,11.1,6478.3,80.9,700,51.3,0,95.0,1.3,93.0,0.1,38538.6,7229854.0,0.7,0.5,0.9,15.2
Switzerland,2000,Developed,79.7,78.0,0,11.3,5834.6,80.9,0,5.8,0,95.0,9.9,93.0,0.1,37813.2,718425.0,0.7,0.5,0.9,15.1
Syrian Arab Republic,2015,Developing,64.5,293.0,6,4.6,0.0,41.0,45,57.1,8,5.0,5.9,41.0,0.1,7483.2,18734987.0,6.3,6.1,0.6,9.0
Syrian Arab Republic,2014,Developing,64.4,294.0,7,0.0,0.0,47.0,594,56.2,8,52.0,3.2,43.0,0.1,7483.2,19239.0,6.3,6.1,0.6,9.0
Syrian Arab Republic,2013,Developing,63.6,37.0,7,0.0,0.0,71.0,740,55.2,9,5.0,3.2,41.0,0.1,7483.2,1989141.0,6.3,6.1,0.6,13.0
Syrian Arab Republic,2012,Developing,62.8,32.0,7,0.0,0.0,43.0,13,54.2,9,47.0,3.2,45.0,0.1,7483.2,24271.0,6.3,6.1,0.6,12.5
Syrian Arab Republic,2011,Developing,71.7,163.0,7,0.8,0.0,66.0,13,53.2,8,6.0,3.2,72.0,0.1,7483.2,2863993.0,6.3,6.1,0.6,12.0
Syrian Arab Republic,2010,Developing,73.7,127.0,7,0.8,0.0,84.0,26,52.3,9,83.0,3.3,8.0,0.1,7483.2,2118834.0,6.4,6.1,0.7,11.7
Syrian Arab Republic,2009,Developing,73.8,124.0,7,0.8,0.0,84.0,22,51.3,9,83.0,3.5,8.0,0.1,7483.2,2824893.0,6.4,6.2,0.6,11.8
Syrian Arab Republic,2008,Developing,73.8,122.0,8,0.8,0.0,83.0,19,5.4,9,83.0,3.4,79.0,0.1,7483.2,2325443.0,6.4,6.2,0.7,11.6
Syrian Arab Republic,2007,Developing,73.8,121.0,8,0.8,18.0,83.0,403,49.4,9,83.0,3.7,8.0,0.1,258.4,1963286.0,6.4,6.2,0.6,11.5
Syrian Arab Republic,2006,Developing,73.7,123.0,8,1.0,122.7,83.0,517,48.5,10,83.0,3.8,8.0,0.1,1762.2,18914977.0,6.4,6.3,0.6,11.4
Syrian Arab Republic,2005,Developing,73.5,127.0,9,0.9,116.3,83.0,375,47.6,10,83.0,4.1,8.0,0.1,1577.5,18294611.0,6.5,6.3,0.6,11.0
Syrian Arab Republic,2004,Developing,73.2,131.0,9,0.9,10.2,82.0,189,46.8,10,84.0,4.5,81.0,0.1,148.9,1786638.0,6.5,6.3,0.6,10.6
Syrian Arab Republic,2003,Developing,73.0,134.0,9,1.3,94.8,81.0,801,46.0,11,85.0,5.1,83.0,0.1,1253.4,17415266.0,6.6,6.4,0.6,10.3
Syrian Arab Republic,2002,Developing,72.8,135.0,9,1.2,91.7,8.0,538,45.3,11,86.0,4.9,84.0,0.1,1263.1,178791.0,6.6,6.5,0.6,10.2
Syrian Arab Republic,2001,Developing,72.7,135.0,10,1.3,93.5,8.0,290,44.6,11,83.0,4.9,82.0,0.1,1258.4,16766899.0,6.7,6.5,0.6,10.1
Syrian Arab Republic,2000,Developing,72.6,136.0,10,1.4,81.7,79.0,146,43.9,12,86.0,4.9,84.0,0.1,1177.6,1641848.0,6.8,6.6,0.6,10.0
Tajikistan,2015,Developing,69.7,161.0,10,4.6,0.0,96.0,3,4.7,11,96.0,5.9,96.0,0.2,918.7,8548651.0,3.6,3.7,0.6,11.3
Tajikistan,2014,Developing,69.6,162.0,10,0.0,7.8,97.0,0,39.9,11,94.0,6.9,97.0,0.2,114.5,8362745.0,3.6,3.7,0.6,11.3
Tajikistan,2013,Developing,69.3,163.0,10,0.0,1.0,96.0,1,39.0,11,97.0,6.8,96.0,0.2,14.2,817789.0,3.6,3.7,0.6,11.2
Tajikistan,2012,Developing,68.8,164.0,10,0.0,71.5,94.0,16,38.2,12,96.0,6.4,94.0,0.2,954.7,799562.0,3.6,3.7,0.6,11.1
Tajikistan,2011,Developing,68.1,166.0,10,0.3,52.0,96.0,1,37.4,12,97.0,6.0,96.0,0.2,834.5,7815949.0,3.7,3.7,0.6,11.1
Tajikistan,2010,Developing,67.3,171.0,10,0.3,43.3,93.0,0,36.6,12,95.0,6.4,93.0,0.2,738.3,764163.0,3.7,3.8,0.6,11.1
Tajikistan,2009,Developing,66.7,174.0,10,0.3,35.7,93.0,0,35.9,12,93.0,5.9,93.0,0.2,666.3,7472819.0,3.7,3.8,0.6,11.1
Tajikistan,2008,Developing,66.4,178.0,10,0.3,4.2,86.0,0,35.3,12,87.0,5.6,86.0,0.3,76.9,739728.0,3.8,3.8,0.6,10.8
Tajikistan,2007,Developing,66.1,181.0,10,0.3,2.3,84.0,2,34.7,12,85.0,5.3,86.0,0.3,52.4,7152385.0,3.8,3.8,0.6,10.9
Tajikistan,2006,Developing,65.9,183.0,10,0.4,2.6,88.0,3,34.1,12,76.0,5.7,83.0,0.3,44.3,7557.0,3.8,3.9,0.6,10.7
Tajikistan,2005,Developing,65.5,194.0,10,0.4,19.8,81.0,0,33.5,12,79.0,5.9,84.0,0.3,337.4,6854176.0,3.8,3.9,0.6,10.6
Tajikistan,2004,Developing,65.9,177.0,11,0.4,2.1,81.0,4,33.0,13,82.0,5.7,86.0,0.3,39.3,6712841.0,3.9,3.9,0.6,10.5
Tajikistan,2003,Developing,65.2,182.0,11,0.4,13.3,58.0,2144,32.5,14,82.0,4.5,85.0,0.3,236.3,6576877.0,4.0,4.0,0.6,10.1
Tajikistan,2002,Developing,64.3,193.0,12,0.6,10.7,39.0,927,32.1,15,84.0,4.5,85.0,0.3,189.4,6447688.0,4.0,4.0,0.5,9.8
Tajikistan,2001,Developing,64.0,194.0,13,0.9,1.1,80.9,38,31.6,16,84.0,4.6,85.0,0.3,17.8,6327125.0,4.1,4.1,0.5,9.7
Tajikistan,2000,Developing,63.7,198.0,14,0.4,8.9,80.9,192,31.3,17,86.0,4.6,83.0,0.3,138.4,621625.0,4.2,4.1,0.5,9.6
Thailand,2015,Developing,74.9,148.0,8,4.6,0.0,99.0,154,33.6,9,99.0,5.9,99.0,0.1,5814.9,686576.0,7.7,7.7,0.7,13.6
Thailand,2014,Developing,74.6,152.0,8,6.4,789.1,99.0,0,32.4,10,99.0,4.1,99.0,0.1,5941.8,68416772.0,7.8,7.8,0.7,13.6
Thailand,2013,Developing,74.5,153.0,9,6.5,788.7,99.0,2641,31.3,10,99.0,4.0,99.0,0.1,6171.3,6814365.0,7.9,7.9,0.7,13.6
Thailand,2012,Developing,74.3,154.0,9,6.6,801.1,98.0,5197,3.1,11,99.0,4.2,99.0,0.1,5859.9,67843979.0,8.0,8.1,0.7,13.7
Thailand,2011,Developing,74.1,155.0,10,6.1,748.4,98.0,3156,29.0,11,99.0,4.1,99.0,0.2,5491.2,675313.0,8.1,8.2,0.7,13.3
Thailand,2010,Developing,73.9,158.0,10,6.0,71.7,98.0,2583,27.9,12,99.0,3.8,99.0,0.2,575.3,672888.0,8.2,8.3,0.7,13.1
Thailand,2009,Developing,73.7,16.0,11,5.9,547.2,98.0,6071,26.8,12,99.0,4.1,99.0,0.3,4212.5,66881867.0,8.3,8.5,0.7,13.0
Thailand,2008,Developing,73.5,162.0,11,5.9,610.0,98.0,7790,25.7,13,99.0,3.9,99.0,0.3,4378.7,6654576.0,8.5,8.6,0.7,12.9
Thailand,2007,Developing,73.3,165.0,12,6.2,520.8,96.0,3893,24.6,14,98.0,3.6,98.0,0.4,3972.3,66195615.0,8.6,8.8,0.7,12.3
Thailand,2006,Developing,73.0,168.0,13,6.2,433.9,96.0,3588,23.6,15,98.0,3.5,98.0,0.5,3369.0,65824164.0,8.7,8.9,0.7,12.4
Thailand,2005,Developing,72.5,177.0,13,6.3,321.2,96.0,3526,22.6,15,98.0,3.5,98.0,0.5,2893.7,6542547.0,8.9,9.1,0.7,12.0
Thailand,2004,Developing,71.6,189.0,14,6.2,301.4,96.0,4165,21.7,16,98.0,3.5,98.0,0.5,2659.8,652231.0,9.0,9.2,0.7,11.9
Thailand,2003,Developing,71.7,189.0,15,6.1,282.8,96.0,4519,2.9,18,98.0,3.6,98.0,0.6,2358.9,64554952.0,9.1,9.3,0.7,11.8
Thailand,2002,Developing,71.4,192.0,16,5.9,27.6,95.0,10315,2.2,19,97.0,3.7,96.0,0.7,296.5,6473164.0,9.2,9.5,0.7,11.5
Thailand,2001,Developing,71.2,194.0,17,5.9,176.1,95.0,7319,19.4,20,97.0,3.3,96.0,0.8,1893.1,63543322.0,9.3,9.6,0.6,11.2
Thailand,2000,Developing,71.1,194.0,18,5.9,0.3,95.0,4074,18.7,21,97.0,3.4,97.0,0.8,27.6,6295821.0,9.4,9.7,0.6,10.9
The former Yugoslav republic of Macedonia,2015,Developing,75.7,12.0,0,4.6,0.0,92.0,1,6.3,0,92.0,5.9,91.0,0.1,7483.2,12753375.1,2.1,2.1,0.7,12.9
The former Yugoslav republic of Macedonia,2014,Developing,75.5,12.0,0,1.1,0.0,97.0,116,59.7,0,96.0,6.5,95.0,0.1,7483.2,12753375.1,2.2,2.2,0.7,12.9
The former Yugoslav republic of Macedonia,2013,Developing,75.3,14.0,0,1.0,0.0,97.0,4,59.1,0,98.0,6.7,98.0,0.1,7483.2,12753375.1,2.2,2.2,0.7,12.9
The former Yugoslav republic of Macedonia,2012,Developing,75.1,15.0,0,1.2,0.0,98.0,7,58.5,0,97.0,6.8,95.0,0.1,7483.2,12753375.1,2.2,2.2,0.7,12.9
The former Yugoslav republic of Macedonia,2011,Developing,74.9,17.0,0,1.2,0.0,96.0,701,57.9,0,97.0,6.6,96.0,0.1,7483.2,12753375.1,2.2,2.3,0.7,12.9
The former Yugoslav republic of Macedonia,2010,Developing,74.7,18.0,0,1.5,0.0,9.0,217,57.4,0,95.0,6.8,95.0,0.1,7483.2,12753375.1,2.3,2.3,0.7,13.0
The former Yugoslav republic of Macedonia,2009,Developing,74.4,111.0,0,1.8,0.0,95.0,5,56.9,0,96.0,6.7,96.0,0.1,7483.2,12753375.1,2.3,2.4,0.7,13.0
The former Yugoslav republic of Macedonia,2008,Developing,74.2,111.0,0,1.7,0.0,97.0,27,56.4,0,96.0,6.8,95.0,0.1,7483.2,12753375.1,2.4,2.4,0.7,12.2
The former Yugoslav republic of Macedonia,2007,Developing,73.5,12.0,0,1.8,0.0,96.0,1,55.9,0,96.0,6.9,95.0,0.1,7483.2,12753375.1,2.4,2.5,0.7,12.2
The former Yugoslav republic of Macedonia,2006,Developing,73.7,122.0,0,1.7,0.0,89.0,3,55.4,0,92.0,7.6,93.0,0.1,7483.2,12753375.1,2.5,2.5,0.7,12.1
The former Yugoslav republic of Macedonia,2005,Developing,73.6,12.0,0,1.8,0.0,53.0,5,54.9,0,98.0,8.0,97.0,0.1,7483.2,12753375.1,2.5,2.6,0.0,11.9
The former Yugoslav republic of Macedonia,2004,Developing,73.5,12.0,0,2.1,0.0,80.9,9,54.5,0,95.0,8.6,94.0,0.1,7483.2,12753375.1,2.6,2.6,0.0,11.9
The former Yugoslav republic of Macedonia,2003,Developing,73.2,126.0,0,2.4,0.0,80.9,18,54.1,0,96.0,9.2,96.0,0.1,7483.2,12753375.1,2.7,2.7,0.0,11.9
The former Yugoslav republic of Macedonia,2002,Developing,72.8,128.0,0,2.5,0.0,80.9,19,53.6,0,97.0,9.1,96.0,0.1,7483.2,12753375.1,2.7,2.7,0.0,11.9
The former Yugoslav republic of Macedonia,2001,Developing,73.1,126.0,0,3.3,0.0,80.9,27,53.2,0,91.0,8.2,91.0,0.1,7483.2,12753375.1,2.8,2.8,0.0,11.8
The former Yugoslav republic of Macedonia,2000,Developing,72.6,125.0,0,2.9,0.0,80.9,36,52.7,0,96.0,8.5,95.0,0.1,7483.2,12753375.1,2.8,2.8,0.0,11.7
Timor-Leste,2015,Developing,68.3,152.0,2,4.6,0.0,76.0,43,17.4,2,75.0,5.9,76.0,0.1,1161.8,124977.0,1.9,11.1,0.6,12.5
Timor-Leste,2014,Developing,68.0,155.0,2,0.0,28.1,77.0,47,17.0,2,76.0,1.5,77.0,0.1,1153.5,1212814.0,1.9,11.1,0.6,12.5
Timor-Leste,2013,Developing,67.7,158.0,2,0.0,3.4,82.0,4,16.6,2,82.0,1.3,82.0,0.1,117.8,1184366.0,11.1,11.2,0.6,12.5
Timor-Leste,2012,Developing,67.4,159.0,2,0.0,30.2,83.0,16,16.2,2,83.0,1.1,83.0,0.1,1117.8,115676.0,11.2,11.3,0.6,12.5
Timor-Leste,2011,Developing,67.2,161.0,2,0.5,2.7,67.0,763,15.8,3,66.0,0.8,67.0,0.1,114.6,1131523.0,11.3,11.4,0.6,12.5
Timor-Leste,2010,Developing,66.9,163.0,2,0.1,38.6,72.0,50,15.5,3,72.0,0.9,72.0,0.1,849.9,119591.0,11.5,11.5,0.6,12.4
Timor-Leste,2009,Developing,66.6,165.0,2,0.1,36.2,72.0,10,15.1,3,78.0,1.2,72.0,0.1,757.3,19221.0,11.6,11.6,0.6,12.1
Timor-Leste,2008,Developing,66.2,168.0,2,0.1,36.7,79.0,0,14.7,3,79.0,0.7,79.0,0.1,643.7,17811.0,11.7,11.7,0.6,11.7
Timor-Leste,2007,Developing,65.8,173.0,2,0.1,11.8,80.9,0,14.2,3,7.0,0.4,7.0,0.1,524.9,164973.0,11.8,11.8,0.5,11.3
Timor-Leste,2006,Developing,64.9,186.0,2,0.0,28.1,80.9,90,13.9,3,62.0,0.7,63.0,0.1,441.5,148621.0,11.9,11.9,0.5,11.0
Timor-Leste,2005,Developing,63.7,26.0,3,0.4,7.1,80.9,203,13.5,3,55.0,1.5,55.0,0.1,478.3,126484.0,12.0,11.9,0.5,10.6
Timor-Leste,2004,Developing,62.3,229.0,3,0.4,8.4,80.9,41,13.2,3,57.0,1.3,57.0,0.1,467.5,996698.0,12.0,12.0,0.5,10.2
Timor-Leste,2003,Developing,61.0,25.0,3,0.4,46.4,80.9,94,12.9,4,55.0,2.5,55.0,0.1,471.5,96852.0,12.1,12.1,0.5,9.8
Timor-Leste,2002,Developing,62.0,261.0,3,0.5,5.6,80.9,0,12.6,4,38.0,3.9,54.0,0.1,48.6,923825.0,12.1,12.1,0.5,9.8
Timor-Leste,2001,Developing,59.4,269.0,3,0.5,6.6,80.9,0,12.3,4,82.6,3.8,82.3,0.1,56.4,892531.0,12.1,12.2,0.5,9.8
Timor-Leste,2000,Developing,58.7,276.0,3,0.5,49.1,80.9,0,11.9,4,82.6,3.3,82.3,0.1,422.3,87167.0,12.2,12.2,0.0,0.0
Togo,2015,Developing,59.9,287.0,13,4.6,0.0,88.0,20,24.3,20,88.0,5.9,88.0,1.0,551.1,741682.0,6.5,6.2,0.5,12.0
Togo,2014,Developing,59.7,285.0,13,0.0,4.9,87.0,577,23.7,20,85.0,5.2,87.0,1.0,62.1,7228915.0,6.6,6.4,0.5,12.0
Togo,2013,Developing,59.4,287.0,14,0.0,48.7,84.0,564,23.1,20,84.0,5.1,84.0,1.5,579.4,742948.0,6.8,6.6,0.5,12.0
Togo,2012,Developing,58.9,294.0,14,0.0,41.6,84.0,238,22.6,21,84.0,5.1,84.0,1.7,563.7,6859482.0,7.0,6.8,0.5,12.0
Togo,2011,Developing,58.3,34.0,14,1.4,39.1,85.0,187,22.0,21,85.0,5.2,85.0,2.6,562.3,6679282.0,7.1,7.0,0.5,11.5
Togo,2010,Developing,57.4,323.0,14,1.2,42.0,83.0,120,21.4,21,83.0,5.4,83.0,3.8,487.9,652952.0,7.3,7.2,0.4,11.0
Togo,2009,Developing,56.7,336.0,14,1.2,77.1,78.0,425,2.9,22,78.0,6.6,78.0,4.3,499.6,633472.0,7.5,7.4,0.4,10.6
Togo,2008,Developing,56.2,344.0,14,1.3,69.4,24.0,187,2.4,22,8.0,5.7,81.0,4.8,513.4,6161796.0,7.7,7.6,0.4,10.1
Togo,2007,Developing,55.9,344.0,14,1.4,0.7,80.9,8,19.8,22,72.0,5.5,82.0,5.1,42.8,5997385.0,7.9,7.8,0.4,10.6
Togo,2006,Developing,55.7,345.0,15,1.4,6.2,80.9,26,19.3,22,85.0,5.6,84.0,5.0,377.3,5837792.0,8.1,8.0,0.4,10.2
Togo,2005,Developing,55.0,357.0,15,1.1,36.6,80.9,38,18.9,22,8.0,5.2,82.0,5.0,372.2,5683268.0,8.4,8.3,0.4,10.1
Togo,2004,Developing,54.9,355.0,15,1.0,4.0,80.9,61,18.4,22,71.0,5.6,71.0,5.1,350.0,5534598.0,8.6,8.5,0.4,10.0
Togo,2003,Developing,54.7,355.0,15,1.0,3.0,80.9,295,17.9,22,72.0,5.0,72.0,5.2,31.4,539141.0,8.8,8.7,0.4,9.9
Togo,2002,Developing,54.7,351.0,15,1.0,2.0,80.9,363,17.5,22,58.0,4.7,59.0,5.3,28.8,5251472.0,9.0,8.9,0.4,9.7
Togo,2001,Developing,54.6,345.0,14,0.9,2.0,80.9,1833,17.1,22,51.0,4.3,5.0,5.3,26.6,511177.0,9.2,9.1,0.4,9.4
Togo,2000,Developing,54.6,339.0,14,1.1,2.0,80.9,3578,16.6,22,63.0,4.3,64.0,5.1,26.4,497367.0,9.4,9.3,0.4,9.3
Tonga,2015,Developing,73.5,133.0,0,4.6,0.0,78.0,0,75.2,0,8.0,5.9,78.0,0.1,493.8,16364.0,0.1,0.1,0.7,14.3
Tonga,2014,Developing,73.3,135.0,0,0.0,566.0,8.0,0,74.8,0,82.0,5.2,8.0,0.1,4192.3,15782.0,0.1,0.1,0.7,14.3
Tonga,2013,Developing,73.2,137.0,0,0.0,584.9,82.0,0,74.3,0,84.0,5.0,82.0,0.1,4266.6,15328.0,0.1,0.1,0.7,14.3
Tonga,2012,Developing,73.0,138.0,0,0.0,63.8,77.0,0,73.8,0,79.0,4.5,77.0,0.1,451.5,14951.0,0.1,0.1,0.7,14.4
Tonga,2011,Developing,72.9,14.0,0,1.0,7.0,82.0,0,73.3,0,84.0,4.6,82.0,0.1,445.2,14577.0,0.1,0.1,0.7,14.4
Tonga,2010,Developing,72.8,142.0,0,1.2,471.8,82.0,0,72.7,0,84.0,4.6,82.0,0.1,3547.6,14137.0,0.1,0.1,0.7,14.4
Tonga,2009,Developing,72.5,147.0,0,1.1,4.8,84.0,0,72.1,0,86.0,4.7,84.0,0.1,37.8,1364.0,0.1,0.1,0.7,14.5
Tonga,2008,Developing,72.6,145.0,0,1.1,569.6,84.0,0,71.5,0,88.0,5.1,86.0,0.1,3392.6,135.0,0.1,0.1,0.7,14.5
Tonga,2007,Developing,72.5,146.0,0,2.0,568.9,87.0,0,7.8,0,88.0,5.8,87.0,0.1,2932.3,12357.0,0.1,0.1,0.7,14.5
Tonga,2006,Developing,72.4,148.0,0,1.8,503.6,89.0,0,7.1,0,89.0,5.6,88.0,0.1,2892.5,11689.0,0.1,0.1,0.7,14.6
Tonga,2005,Developing,72.3,15.0,0,1.6,689.9,89.0,0,69.4,0,9.0,6.5,89.0,0.1,2594.7,1141.0,0.1,0.1,0.7,14.6
Tonga,2004,Developing,72.2,151.0,0,1.8,423.3,9.0,0,68.6,0,91.0,4.9,9.0,0.1,2284.4,146.0,0.1,0.1,0.7,14.6
Tonga,2003,Developing,72.0,153.0,0,1.8,45.9,85.0,0,67.8,0,91.0,5.9,9.0,0.1,229.7,99789.0,0.1,0.1,0.7,13.7
Tonga,2002,Developing,71.9,155.0,0,1.5,310.8,88.0,0,67.0,0,85.0,5.3,84.0,0.1,1842.4,99184.0,0.1,0.1,0.7,13.5
Tonga,2001,Developing,71.8,157.0,0,1.4,330.1,91.0,4,66.2,0,91.0,5.7,89.0,0.1,1838.0,98611.0,0.1,0.1,0.7,13.2
Tonga,2000,Developing,71.6,158.0,0,1.2,40.5,93.0,0,65.5,0,91.0,4.8,91.0,0.1,263.3,9882.0,0.1,0.1,0.7,13.7
Trinidad and Tobago,2015,Developing,71.2,17.0,0,4.6,0.0,9.0,0,47.1,0,88.0,5.9,96.0,0.3,17321.8,13692.0,5.7,5.9,0.8,12.7
Trinidad and Tobago,2014,Developing,71.1,171.0,0,6.9,1578.9,92.0,0,46.0,0,94.0,5.9,92.0,0.3,19325.2,1354493.0,5.8,6.0,0.8,12.7
Trinidad and Tobago,2013,Developing,71.0,172.0,0,6.7,167.3,92.0,0,45.0,0,94.0,6.0,92.0,0.3,1967.8,1348248.0,5.8,6.0,0.8,12.7
Trinidad and Tobago,2012,Developing,78.0,174.0,0,6.7,1486.2,92.0,0,44.0,0,91.0,5.8,92.0,0.4,19152.5,1341588.0,5.9,6.1,0.8,12.6
Trinidad and Tobago,2011,Developing,76.0,176.0,0,6.5,145.0,9.0,0,43.0,0,91.0,5.6,9.0,0.4,1954.0,1334788.0,5.9,6.2,0.8,12.6
Trinidad and Tobago,2010,Developing,74.0,179.0,0,6.5,1389.8,9.0,0,42.0,0,91.0,5.3,9.0,0.4,16683.9,13281.0,5.9,6.3,0.8,12.5
Trinidad and Tobago,2009,Developing,71.0,183.0,0,6.4,128.1,9.0,0,41.1,0,9.0,6.5,9.0,0.2,1458.9,1321618.0,6.0,6.4,0.8,12.5
Trinidad and Tobago,2008,Developing,69.9,185.0,0,6.4,1902.7,9.0,0,4.2,0,91.0,4.4,9.0,0.3,21188.1,1315372.0,6.1,6.4,0.8,12.4
Trinidad and Tobago,2007,Developing,69.7,187.0,0,6.4,136.9,89.0,0,39.3,0,9.0,4.8,88.0,0.7,1653.2,13926.0,6.1,6.5,0.8,12.4
Trinidad and Tobago,2006,Developing,69.6,188.0,0,6.3,103.4,89.0,0,38.4,0,89.0,4.5,92.0,0.6,1496.0,133144.0,6.2,6.6,0.8,12.3
Trinidad and Tobago,2005,Developing,69.5,189.0,0,6.1,1187.9,95.0,0,37.6,0,95.0,5.3,95.0,0.5,12323.1,1296934.0,6.3,6.7,0.7,12.3
Trinidad and Tobago,2004,Developing,69.4,19.0,0,5.8,11.9,94.0,0,36.8,0,94.0,5.2,94.0,1.0,129.5,129535.0,6.3,6.8,0.7,12.2
Trinidad and Tobago,2003,Developing,69.3,191.0,0,5.5,78.7,76.0,0,36.0,1,91.0,5.1,91.0,0.5,884.5,128452.0,6.4,6.9,0.7,12.0
Trinidad and Tobago,2002,Developing,69.2,192.0,0,5.1,72.0,5.0,0,35.2,1,96.0,5.0,96.0,2.0,749.6,1277837.0,6.5,7.0,0.7,11.9
Trinidad and Tobago,2001,Developing,69.1,194.0,0,4.5,516.7,80.9,0,34.4,1,91.0,4.4,91.0,1.2,6935.7,127238.0,6.6,7.1,0.7,11.8
Trinidad and Tobago,2000,Developing,69.1,197.0,0,4.7,43.6,80.9,0,33.6,1,9.0,4.2,9.0,0.9,643.9,1267984.0,6.7,7.2,0.7,11.7
Tunisia,2015,Developing,75.3,1.0,3,4.6,0.0,98.0,16,61.2,3,98.0,5.9,98.0,0.1,3828.9,11273661.0,6.5,6.4,0.7,14.6
Tunisia,2014,Developing,75.1,12.0,3,1.4,604.9,98.0,15,6.2,3,98.0,7.0,98.0,0.1,4271.7,1114398.0,6.5,6.4,0.7,14.7
Tunisia,2013,Developing,74.9,13.0,3,1.3,594.6,98.0,16,59.3,3,98.0,7.3,98.0,0.1,4199.5,1114558.0,6.4,6.3,0.7,14.7
Tunisia,2012,Developing,74.9,13.0,3,1.3,585.9,97.0,48,58.3,3,97.0,7.2,97.0,0.1,4137.6,1886668.0,6.4,6.3,0.7,14.6
Tunisia,2011,Developing,74.8,13.0,3,1.3,623.2,98.0,11,57.4,3,98.0,7.2,98.0,0.1,4256.9,1761467.0,6.4,6.3,0.7,14.5
Tunisia,2010,Developing,74.8,12.0,3,1.3,64.9,98.0,1,56.5,3,98.0,6.5,98.0,0.1,414.2,1639931.0,6.3,6.3,0.7,14.4
Tunisia,2009,Developing,74.7,12.0,3,1.4,585.6,99.0,1,55.6,3,99.0,6.2,99.0,0.1,4130.0,1521834.0,6.3,6.3,0.7,14.4
Tunisia,2008,Developing,74.7,12.0,3,1.4,53.1,99.0,2,54.7,3,99.0,5.6,99.0,0.1,431.9,147336.0,6.3,6.3,0.7,14.3
Tunisia,2007,Developing,74.6,12.0,3,1.2,469.6,98.0,4,53.9,4,98.0,5.6,98.0,0.1,3778.2,129887.0,6.3,6.3,0.7,14.3
Tunisia,2006,Developing,74.4,12.0,3,1.5,420.1,99.0,3,53.1,4,99.0,5.6,99.0,0.1,3371.7,1196136.0,6.3,6.3,0.7,14.2
Tunisia,2005,Developing,74.2,14.0,3,1.4,379.5,97.0,15,52.2,4,98.0,5.6,98.0,0.1,3194.6,112482.0,6.4,6.3,0.7,13.9
Tunisia,2004,Developing,74.0,15.0,3,1.4,379.8,96.0,1,51.4,4,97.0,5.6,97.0,0.1,3112.8,11761.0,6.4,6.3,0.7,13.6
Tunisia,2003,Developing,73.7,17.0,4,1.3,321.8,92.0,22,5.6,4,95.0,5.4,95.0,0.1,2762.0,9939678.0,6.4,6.3,0.7,13.5
Tunisia,2002,Developing,73.5,19.0,4,1.2,262.8,93.0,98,49.7,5,96.0,5.3,96.0,0.1,2346.6,9864326.0,6.5,6.4,0.7,13.3
Tunisia,2001,Developing,73.2,11.0,4,1.2,257.3,94.0,231,48.9,5,98.0,5.3,98.0,0.1,2254.9,978571.0,6.5,6.4,0.7,13.1
Tunisia,2000,Developing,72.9,112.0,4,1.2,264.8,94.0,47,48.1,5,97.0,5.4,97.0,0.1,2213.9,9699197.0,6.6,6.5,0.6,12.8
Turkey,2015,Developing,75.8,16.0,15,4.6,0.0,97.0,342,66.1,18,97.0,5.9,97.0,0.1,1979.5,78271472.0,4.9,4.8,0.8,14.5
Turkey,2014,Developing,75.5,17.0,16,1.4,181.9,96.0,565,65.3,19,96.0,5.4,96.0,0.1,12127.2,773628.0,4.9,4.7,0.8,14.5
Turkey,2013,Developing,75.2,19.0,17,1.4,188.1,97.0,7405,64.5,20,98.0,5.4,98.0,0.1,12542.9,75787333.0,4.9,4.7,0.8,14.4
Turkey,2012,Developing,74.8,112.0,19,1.5,20.8,97.0,349,63.7,22,97.0,5.2,97.0,0.1,1172.4,74569867.0,4.9,4.7,0.8,14.3
Turkey,2011,Developing,74.5,114.0,20,1.5,1275.9,96.0,111,62.8,23,97.0,5.3,97.0,0.1,11341.1,7349455.0,4.9,4.7,0.7,13.8
Turkey,2010,Developing,74.2,116.0,21,1.5,32.8,96.0,7,61.9,25,97.0,5.6,97.0,0.1,1672.6,72326914.0,4.9,4.7,0.7,13.0
Turkey,2009,Developing,73.9,118.0,23,1.4,106.9,94.0,4,61.1,27,96.0,6.8,96.0,0.1,936.5,71339185.0,4.9,4.8,0.7,12.5
Turkey,2008,Developing,73.5,121.0,25,1.4,22.7,92.0,0,6.2,29,96.0,6.7,96.0,0.1,185.7,74432.0,5.0,4.8,0.7,12.5
Turkey,2007,Developing,73.2,124.0,26,1.3,115.6,96.0,3,59.3,31,96.0,6.4,96.0,0.1,979.5,69597281.0,5.0,4.8,0.7,12.3
Turkey,2006,Developing,72.8,126.0,28,1.3,103.5,82.0,34,58.5,34,9.0,5.8,9.0,0.1,834.9,6876345.0,5.0,4.8,0.7,11.9
Turkey,2005,Developing,72.4,129.0,30,1.3,833.0,85.0,6200,57.6,36,9.0,5.5,9.0,0.1,7384.4,679346.0,5.0,4.9,0.7,11.9
Turkey,2004,Developing,72.0,132.0,33,1.4,1.1,77.0,8927,56.8,39,85.0,5.4,85.0,0.1,64.7,677855.0,5.1,4.9,0.7,12.0
Turkey,2003,Developing,71.6,135.0,35,1.4,459.1,68.0,5844,55.9,43,69.0,5.3,68.0,0.1,4718.5,668583.0,5.1,5.0,0.7,11.9
Turkey,2002,Developing,71.2,138.0,38,1.5,35.6,72.0,7823,55.1,46,78.0,5.4,78.0,0.1,366.6,6514354.0,5.2,5.0,0.7,11.5
Turkey,2001,Developing,78.0,14.0,41,1.5,256.4,77.0,30509,54.3,50,88.0,5.2,88.0,0.1,3119.6,64191474.0,5.2,5.1,0.7,11.1
Turkey,2000,Developing,74.0,143.0,44,1.5,421.3,71.0,16244,53.5,54,85.0,5.0,85.0,0.1,4316.6,6324121.0,5.3,5.2,0.6,10.7
Turkmenistan,2015,Developing,66.3,215.0,6,4.6,0.0,99.0,0,48.6,7,99.0,5.9,99.0,0.1,6432.7,5565284.0,3.3,3.3,0.7,10.8
Turkmenistan,2014,Developing,66.0,217.0,7,2.9,691.1,97.0,0,47.7,8,98.0,2.7,98.0,0.1,7962.4,5466241.0,3.3,3.3,0.7,10.8
Turkmenistan,2013,Developing,65.4,228.0,7,2.9,63.7,98.0,0,46.7,8,98.0,2.1,98.0,0.1,734.4,5366277.0,3.2,3.3,0.7,10.7
Turkmenistan,2012,Developing,65.6,22.0,7,2.8,579.4,98.0,0,45.9,8,98.0,2.0,97.0,0.1,6675.3,5267839.0,3.2,3.3,0.7,10.7
Turkmenistan,2011,Developing,65.6,217.0,7,2.5,490.4,97.0,0,45.0,8,97.0,2.0,97.0,0.1,5650.0,517461.0,3.2,3.3,0.7,10.6
Turkmenistan,2010,Developing,65.8,211.0,7,2.5,385.3,96.0,0,44.2,8,96.0,2.0,96.0,0.1,4439.2,58721.0,3.2,3.3,0.0,10.6
Turkmenistan,2009,Developing,65.6,215.0,6,2.4,37.9,97.0,0,43.4,8,97.0,1.9,96.0,0.1,436.5,5795.0,3.2,3.3,0.0,10.5
Turkmenistan,2008,Developing,64.5,235.0,6,2.4,34.2,96.0,0,42.7,8,96.0,1.9,96.0,0.1,394.5,4935762.0,3.2,3.3,0.0,10.5
Turkmenistan,2007,Developing,64.1,241.0,6,2.6,0.4,98.0,59,42.0,8,98.0,2.2,98.0,0.1,26.4,487137.0,3.3,3.3,0.0,10.4
Turkmenistan,2006,Developing,63.7,245.0,6,2.7,29.3,98.0,48,41.3,8,98.0,2.9,98.0,0.1,2136.7,48115.0,3.3,3.3,0.0,10.4
Turkmenistan,2005,Developing,63.3,248.0,6,2.9,2.2,99.0,0,4.7,8,99.0,3.5,99.0,0.1,174.5,4754641.0,3.4,3.4,0.0,10.3
Turkmenistan,2004,Developing,63.5,238.0,6,2.9,186.1,96.0,1,4.0,8,98.0,4.3,97.0,0.1,1453.9,473398.0,3.4,3.4,0.0,10.3
Turkmenistan,2003,Developing,63.4,231.0,7,2.9,179.6,97.0,1,39.4,8,66.0,3.9,83.0,0.1,1283.9,4655741.0,3.5,3.4,0.0,10.3
Turkmenistan,2002,Developing,63.3,229.0,7,2.3,130.4,96.0,11,38.7,8,99.0,3.3,98.0,0.1,967.9,4612.0,3.5,3.5,0.0,10.2
Turkmenistan,2001,Developing,64.0,221.0,7,2.4,106.2,80.9,9,38.1,9,94.0,3.9,95.0,0.1,774.5,45648.0,3.6,3.5,0.0,10.2
Turkmenistan,2000,Developing,63.8,224.0,7,2.9,88.2,80.9,113,37.5,9,98.0,3.9,97.0,0.1,643.2,4516131.0,3.6,3.6,0.0,0.0
Tuvalu,2013,Developing,69.2,164.8,0,0.0,78.3,9.0,0,79.3,0,9.0,16.6,9.0,0.1,3542.1,1819.0,0.2,0.1,0.6,0.0
Uganda,2015,Developing,62.3,291.0,66,4.6,0.0,78.0,478,18.5,93,82.0,5.9,78.0,3.1,693.9,414487.0,5.6,5.6,0.5,10.0
Uganda,2014,Developing,61.5,38.0,68,0.0,14.2,78.0,314,18.1,97,82.0,7.2,78.0,3.2,719.2,38833338.0,5.7,5.6,0.5,10.0
Uganda,2013,Developing,67.0,325.0,71,0.0,90.8,78.0,7878,17.6,103,82.0,7.5,78.0,4.0,662.5,37553726.0,5.7,5.7,0.5,10.0
Uganda,2012,Developing,60.0,339.0,73,0.0,92.9,78.0,2027,17.2,109,82.0,7.6,78.0,4.6,647.7,3636796.0,5.8,5.8,0.5,10.0
Uganda,2011,Developing,59.3,347.0,76,10.2,94.5,82.0,3312,16.7,114,82.0,9.9,82.0,6.8,584.4,3593648.0,5.9,5.9,0.5,10.7
Uganda,2010,Developing,58.4,362.0,79,10.0,116.2,8.0,1313,16.3,119,79.0,11.2,8.0,8.0,595.0,33915133.0,6.0,6.0,0.5,10.9
Uganda,2009,Developing,57.5,378.0,82,9.6,87.0,79.0,1601,15.9,124,78.0,8.4,79.0,8.1,647.2,32771895.0,6.1,6.1,0.5,10.8
Uganda,2008,Developing,56.3,41.0,84,9.8,72.9,71.0,1319,15.6,130,69.0,9.1,71.0,8.2,449.7,31663896.0,6.2,6.2,0.5,10.6
Uganda,2007,Developing,55.5,41.0,88,9.7,6.0,73.0,3776,15.2,137,7.0,9.8,73.0,8.4,41.9,359487.0,6.3,6.3,0.4,10.3
Uganda,2006,Developing,54.9,41.0,93,9.8,50.8,64.0,5736,14.8,145,62.0,9.9,64.0,8.6,336.5,2955662.0,6.4,6.4,0.4,10.6
Uganda,2005,Developing,53.2,446.0,99,10.1,44.5,64.0,22,14.5,155,59.0,9.4,64.0,8.7,315.8,2854394.0,6.5,6.5,0.4,10.9
Uganda,2004,Developing,51.3,485.0,104,9.9,36.6,62.0,141,14.2,164,58.0,8.9,62.0,8.9,288.2,27568436.0,6.6,6.6,0.4,11.6
Uganda,2003,Developing,51.0,53.0,109,10.2,4.4,44.0,29429,13.9,173,57.0,7.5,59.0,9.4,238.0,2662482.0,6.7,6.7,0.4,11.5
Uganda,2002,Developing,48.8,523.0,112,10.4,2.7,29.0,49871,13.6,181,57.0,7.8,57.0,10.0,24.2,2571848.0,6.8,6.8,0.4,11.0
Uganda,2001,Developing,47.7,539.0,115,10.6,27.0,80.9,48543,13.3,187,56.0,7.3,55.0,10.8,235.0,24854892.0,6.9,6.9,0.4,10.8
Uganda,2000,Developing,46.6,554.0,116,10.5,22.6,80.9,42554,13.0,191,55.0,6.8,52.0,11.6,257.6,2439274.0,7.0,7.0,0.4,9.8
Ukraine,2015,Developing,71.3,195.0,4,4.6,0.0,22.0,105,61.3,5,51.0,5.9,23.0,0.2,2124.7,4515429.0,2.3,2.4,0.7,15.3
Ukraine,2014,Developing,78.0,23.0,4,8.1,5.7,22.0,0,6.7,5,45.0,7.1,23.0,0.2,314.7,45271947.0,2.3,2.4,0.7,15.2
Ukraine,2013,Developing,71.0,198.0,4,8.4,52.4,46.0,0,6.1,5,72.0,7.7,76.0,0.2,429.7,454896.0,2.3,2.4,0.7,15.2
Ukraine,2012,Developing,77.0,25.0,5,8.4,453.8,46.0,12746,59.6,5,72.0,7.5,76.0,0.2,3855.4,455933.0,2.4,2.4,0.7,15.1
Ukraine,2011,Developing,75.0,24.0,5,8.5,415.2,21.0,1333,59.0,5,54.0,7.0,5.0,0.2,3569.8,45761.0,2.4,2.5,0.7,14.9
Ukraine,2010,Developing,69.8,212.0,5,8.4,375.7,48.0,39,58.5,6,57.0,7.8,52.0,0.2,2965.1,45877.0,2.4,2.5,0.7,14.9
Ukraine,2009,Developing,69.2,231.0,5,8.7,324.5,66.0,0,58.0,6,74.0,7.8,71.0,0.3,2545.5,46533.0,2.5,2.6,0.7,14.9
Ukraine,2008,Developing,67.7,273.0,5,9.5,456.5,84.0,48,57.6,6,91.0,6.6,9.0,0.4,3891.4,462582.0,2.5,2.6,0.7,14.9
Ukraine,2007,Developing,67.5,277.0,5,8.9,46.2,92.0,1005,57.2,6,98.0,6.4,98.0,0.7,368.7,465935.0,2.5,2.7,0.7,14.8
Ukraine,2006,Developing,67.7,267.0,5,8.0,29.4,96.0,42724,56.8,6,99.0,6.4,98.0,0.8,233.2,4678775.0,2.6,2.7,0.7,14.7
Ukraine,2005,Developing,67.0,278.0,5,7.3,217.4,97.0,2392,56.4,6,95.0,6.4,96.0,0.9,1828.7,471515.0,2.7,2.8,0.7,14.5
Ukraine,2004,Developing,67.4,267.0,5,6.8,180.4,98.0,146,56.1,6,99.0,6.6,99.0,1.0,1367.4,474516.0,2.7,2.8,0.7,14.6
Ukraine,2003,Developing,67.6,256.0,6,5.9,21.2,77.0,411,55.7,6,99.0,6.9,97.0,0.9,148.5,4781295.0,2.8,2.9,0.7,14.3
Ukraine,2002,Developing,67.6,256.0,6,4.9,115.7,48.0,7587,55.4,7,99.0,6.2,99.0,0.9,879.5,48225.0,2.9,3.0,0.7,13.9
Ukraine,2001,Developing,67.7,253.0,6,4.3,8.9,7.0,16970,55.1,7,99.0,5.7,99.0,0.8,78.7,48683865.0,2.9,3.0,0.7,13.2
Ukraine,2000,Developing,67.5,257.0,6,4.5,7.9,4.0,817,54.8,8,99.0,5.6,99.0,0.7,635.8,49175848.0,3.0,3.1,0.7,13.3
United Arab Emirates,2015,Developing,77.1,75.0,1,4.6,0.0,99.0,347,64.2,1,99.0,5.9,99.0,0.1,3911.7,12753375.1,5.3,5.1,0.8,13.3
United Arab Emirates,2014,Developing,76.9,77.0,1,1.9,3862.7,99.0,344,62.4,1,99.0,3.6,99.0,0.1,44449.7,12753375.1,5.2,5.0,0.8,13.3
United Arab Emirates,2013,Developing,76.7,78.0,1,1.8,377.2,98.0,0,6.5,1,98.0,3.5,98.0,0.1,4335.6,12753375.1,5.2,5.0,0.8,13.3
United Arab Emirates,2012,Developing,76.5,8.0,1,1.8,3663.8,96.0,132,58.6,1,96.0,3.5,96.0,0.1,42112.2,12753375.1,5.1,5.0,0.8,13.3
United Arab Emirates,2011,Developing,76.3,81.0,1,1.7,387.8,95.0,0,57.1,1,95.0,3.7,95.0,0.1,4462.3,12753375.1,5.1,4.9,0.8,13.3
United Arab Emirates,2010,Developing,76.2,82.0,1,1.7,308.1,94.0,87,55.8,1,94.0,3.9,94.0,0.1,3549.1,12753375.1,5.1,4.9,0.8,13.3
United Arab Emirates,2009,Developing,76.0,84.0,1,1.7,292.4,93.0,0,55.1,1,94.0,4.5,93.0,0.1,3372.6,12753375.1,5.1,4.9,0.8,13.2
United Arab Emirates,2008,Developing,75.8,85.0,1,1.9,4003.9,92.0,55,54.8,1,94.0,2.9,92.0,0.1,45759.0,12753375.1,5.1,4.9,0.8,13.1
United Arab Emirates,2007,Developing,75.6,87.0,1,1.7,3759.5,92.0,0,55.1,1,94.0,2.6,92.0,0.1,42672.6,12753375.1,5.1,4.9,0.8,12.9
United Arab Emirates,2006,Developing,75.4,89.0,1,1.7,3749.9,92.0,0,55.8,1,94.0,2.3,92.0,0.1,42372.2,12753375.1,5.1,4.9,0.8,12.8
United Arab Emirates,2005,Developing,75.3,92.0,1,1.8,3427.3,92.0,29,56.6,1,94.0,2.3,94.0,0.1,39439.8,12753375.1,5.1,4.9,0.8,12.6
United Arab Emirates,2004,Developing,75.1,95.0,1,1.8,2972.4,92.0,22,57.0,1,94.0,2.5,94.0,0.1,36161.2,12753375.1,5.2,4.9,0.8,12.4
United Arab Emirates,2003,Developing,74.9,98.0,1,1.7,277.2,92.0,42,56.8,1,94.0,2.6,94.0,0.1,3323.5,12753375.1,5.2,5.0,0.8,12.3
United Arab Emirates,2002,Developing,74.7,11.0,1,1.7,2598.8,92.0,53,56.0,1,94.0,2.7,94.0,0.1,31311.4,12753375.1,5.3,5.0,0.8,12.1
United Arab Emirates,2001,Developing,74.5,14.0,1,1.7,243.8,92.0,30,55.0,1,94.0,2.5,94.0,0.1,3161.5,12753375.1,5.3,5.1,0.8,12.0
United Arab Emirates,2000,Developing,74.2,17.0,1,1.6,263.0,92.0,69,54.1,1,94.0,2.4,94.0,0.1,3371.3,12753375.1,5.4,5.1,0.8,11.8
United Kingdom of Great Britain and Northern Ireland,2015,Developed,81.2,69.0,3,10.7,0.0,80.9,91,66.6,4,96.0,5.9,96.0,0.1,7483.2,12753375.1,0.8,0.6,0.6,12.0
United Kingdom of Great Britain and Northern Ireland,2014,Developed,81.0,71.0,3,10.4,0.0,80.9,133,66.0,4,95.0,9.1,95.0,0.1,7483.2,12753375.1,0.8,0.5,0.6,12.0
United Kingdom of Great Britain and Northern Ireland,2013,Developed,87.0,72.0,3,10.3,0.0,80.9,1919,65.4,4,95.0,9.3,95.0,0.1,7483.2,12753375.1,0.8,0.5,0.6,12.0
United Kingdom of Great Britain and Northern Ireland,2012,Developed,86.0,72.0,3,10.4,0.0,80.9,2092,64.8,4,95.0,9.4,95.0,0.1,7483.2,12753375.1,0.8,0.5,0.6,12.0
United Kingdom of Great Britain and Northern Ireland,2011,Developed,86.0,74.0,3,10.7,0.0,80.9,1112,64.2,4,95.0,9.3,95.0,0.1,7483.2,12753375.1,0.8,0.5,0.6,12.0
United Kingdom of Great Britain and Northern Ireland,2010,Developed,82.0,77.0,3,10.9,0.0,80.9,443,63.6,4,94.0,9.5,94.0,0.1,7483.2,12753375.1,0.8,0.5,0.6,12.0
United Kingdom of Great Britain and Northern Ireland,2009,Developed,81.0,78.0,4,10.8,0.0,80.9,1212,63.1,4,93.0,9.8,93.0,0.1,7483.2,12753375.1,0.8,0.5,0.6,12.0
United Kingdom of Great Britain and Northern Ireland,2008,Developed,79.6,8.0,4,11.5,0.0,80.9,1445,62.5,4,92.0,8.8,92.0,0.1,7483.2,12753375.1,0.8,0.5,0.6,12.0
United Kingdom of Great Britain and Northern Ireland,2007,Developed,79.5,8.0,4,11.8,0.0,80.9,1022,61.9,4,92.0,8.4,92.0,0.1,7483.2,12753375.1,0.7,0.5,0.6,12.0
United Kingdom of Great Britain and Northern Ireland,2006,Developed,79.3,82.0,4,11.6,0.0,80.9,764,61.3,4,92.0,8.4,92.0,0.1,7483.2,12753375.1,0.7,0.5,0.6,12.0
United Kingdom of Great Britain and Northern Ireland,2005,Developed,79.0,82.0,4,12.1,0.0,80.9,79,6.7,4,91.0,8.2,91.0,0.1,7483.2,12753375.1,0.7,0.5,0.6,12.0
United Kingdom of Great Britain and Northern Ireland,2004,Developed,78.8,83.0,4,12.2,0.0,80.9,189,6.1,4,92.0,8.0,92.0,0.1,7483.2,12753375.1,0.7,0.5,0.6,12.0
United Kingdom of Great Britain and Northern Ireland,2003,Developed,78.3,86.0,4,11.8,0.0,80.9,460,59.5,4,91.0,7.8,91.0,0.1,7483.2,12753375.1,0.7,0.5,0.6,12.0
United Kingdom of Great Britain and Northern Ireland,2002,Developed,78.2,87.0,4,11.4,0.0,80.9,314,58.8,4,91.0,7.6,91.0,0.1,7483.2,12753375.1,0.7,0.5,0.6,12.0
United Kingdom of Great Britain and Northern Ireland,2001,Developed,78.0,88.0,4,10.9,0.0,80.9,73,58.2,4,91.0,7.3,91.0,0.1,7483.2,12753375.1,0.7,0.5,0.6,12.0
United Kingdom of Great Britain and Northern Ireland,2000,Developed,77.8,89.0,4,10.6,0.0,80.9,104,57.5,5,91.0,6.9,91.0,0.1,7483.2,12753375.1,0.7,0.5,0.6,12.0
United Republic of Tanzania,2015,Developing,61.8,279.0,85,4.6,0.0,98.0,30,23.8,119,96.0,5.9,98.0,1.4,7483.2,12753375.1,6.7,6.5,0.6,12.0
United Republic of Tanzania,2014,Developing,67.0,34.0,86,0.0,0.0,97.0,88,23.2,121,97.0,5.6,97.0,1.4,7483.2,12753375.1,6.8,6.6,0.6,12.0
United Republic of Tanzania,2013,Developing,59.7,323.0,86,4.2,0.0,91.0,185,22.5,124,91.0,5.6,91.0,2.1,7483.2,12753375.1,6.8,6.7,0.6,12.0
United Republic of Tanzania,2012,Developing,58.6,348.0,87,4.0,0.0,92.0,1668,21.9,126,9.0,5.7,92.0,2.4,7483.2,12753375.1,6.9,6.8,0.6,12.0
United Republic of Tanzania,2011,Developing,58.3,348.0,88,4.0,0.0,9.0,1622,21.3,128,88.0,5.7,9.0,3.1,7483.2,12753375.1,7.0,6.9,0.6,12.0
United Republic of Tanzania,2010,Developing,57.5,36.0,89,4.2,0.0,91.0,167,2.7,131,94.0,5.3,91.0,4.6,7483.2,12753375.1,7.1,7.1,0.6,12.0
United Republic of Tanzania,2009,Developing,56.9,368.0,91,4.0,0.0,85.0,1574,2.2,135,88.0,4.0,85.0,6.4,7483.2,12753375.1,7.2,7.2,0.6,12.0
United Republic of Tanzania,2008,Developing,56.2,376.0,92,3.4,0.0,86.0,3413,19.6,138,89.0,4.2,86.0,7.4,7483.2,12753375.1,7.3,7.3,0.6,12.0
United Republic of Tanzania,2007,Developing,54.5,411.0,94,4.4,0.0,83.0,7726,19.1,141,88.0,4.7,83.0,8.5,7483.2,12753375.1,7.5,7.4,0.6,12.0
United Republic of Tanzania,2006,Developing,53.1,437.0,96,4.1,0.0,9.0,2362,18.6,145,91.0,6.9,9.0,9.4,7483.2,12753375.1,7.6,7.5,0.6,12.0
United Republic of Tanzania,2005,Developing,52.2,449.0,97,3.9,0.0,9.0,23,18.1,149,91.0,4.7,9.0,10.0,7483.2,12753375.1,7.7,7.6,0.6,12.0
United Republic of Tanzania,2004,Developing,51.5,454.0,100,3.8,0.0,95.0,1419,17.7,154,95.0,4.1,95.0,10.8,7483.2,12753375.1,7.8,7.8,0.6,12.0
United Republic of Tanzania,2003,Developing,58.0,459.0,103,2.3,0.0,95.0,1673,17.2,160,97.0,4.6,95.0,11.5,7483.2,12753375.1,7.9,7.9,0.6,12.0
United Republic of Tanzania,2002,Developing,52.0,46.0,106,3.4,0.0,89.0,5131,16.8,166,91.0,3.6,89.0,12.1,7483.2,12753375.1,8.0,8.0,0.6,12.0
United Republic of Tanzania,2001,Developing,49.6,46.0,110,4.1,0.0,80.9,11847,16.4,173,65.0,3.3,87.0,12.5,7483.2,12753375.1,8.2,8.1,0.6,12.0
United Republic of Tanzania,2000,Developing,49.2,457.0,114,3.9,0.0,80.9,14649,16.0,181,64.0,2.6,79.0,12.8,7483.2,12753375.1,8.3,8.3,0.6,12.0
United States of America,2015,Developed,79.3,13.0,23,4.6,0.0,92.0,188,69.6,26,93.0,5.9,95.0,0.1,7483.2,12753375.1,0.8,0.6,0.6,12.0
United States of America,2014,Developed,79.1,14.0,23,8.8,0.0,92.0,667,69.1,27,93.0,17.1,95.0,0.1,7483.2,12753375.1,0.8,0.6,0.6,12.0
United States of America,2013,Developed,78.9,16.0,23,8.8,0.0,91.0,187,68.6,27,93.0,16.9,94.0,0.1,7483.2,12753375.1,0.7,0.6,0.6,12.0
United States of America,2012,Developed,78.8,16.0,24,8.8,0.0,9.0,55,68.0,28,93.0,17.2,94.0,0.1,7483.2,12753375.1,0.7,0.6,0.6,12.0
United States of America,2011,Developed,78.7,16.0,25,8.7,0.0,91.0,220,67.5,29,94.0,17.6,96.0,0.1,7483.2,12753375.1,0.7,0.6,0.6,12.0
United States of America,2010,Developed,78.7,15.0,25,8.6,0.0,92.0,63,66.9,30,93.0,17.2,95.0,0.1,7483.2,12753375.1,0.7,0.6,0.6,12.0
United States of America,2009,Developed,78.5,18.0,26,8.7,0.0,92.0,71,66.3,31,93.0,17.0,95.0,0.1,7483.2,12753375.1,0.7,0.6,0.6,12.0
United States of America,2008,Developed,78.2,18.0,27,8.7,0.0,94.0,140,65.7,31,94.0,16.2,96.0,0.1,7483.2,12753375.1,0.7,0.6,0.6,12.0
United States of America,2007,Developed,78.1,11.0,27,8.7,0.0,93.0,43,65.1,32,93.0,15.6,96.0,0.1,7483.2,12753375.1,0.7,0.6,0.6,12.0
United States of America,2006,Developed,77.8,113.0,28,8.6,0.0,93.0,55,64.4,33,93.0,15.3,96.0,0.1,7483.2,12753375.1,0.7,0.6,0.6,12.0
United States of America,2005,Developed,77.5,112.0,28,8.5,0.0,93.0,66,63.8,33,92.0,15.2,96.0,0.1,7483.2,12753375.1,0.7,0.6,0.6,12.0
United States of America,2004,Developed,77.5,111.0,28,8.5,0.0,92.0,37,63.1,33,92.0,15.1,96.0,0.1,7483.2,12753375.1,0.7,0.6,0.6,12.0
United States of America,2003,Developed,77.2,114.0,28,8.4,0.0,92.0,56,62.4,33,91.0,15.6,96.0,0.1,7483.2,12753375.1,0.7,0.6,0.6,12.0
United States of America,2002,Developed,77.0,115.0,28,8.3,0.0,88.0,41,61.7,33,9.0,14.6,94.0,0.1,7483.2,12753375.1,0.8,0.6,0.6,12.0
United States of America,2001,Developed,76.9,115.0,28,8.2,0.0,89.0,116,6.9,33,89.0,13.7,94.0,0.1,7483.2,12753375.1,0.8,0.6,0.6,12.0
United States of America,2000,Developed,76.8,114.0,28,8.2,0.0,9.0,85,6.1,33,9.0,13.7,94.0,0.1,7483.2,12753375.1,0.8,0.7,0.6,12.0
Uruguay,2015,Developing,77.0,116.0,0,4.6,0.0,95.0,0,64.0,0,95.0,5.9,95.0,0.1,15524.8,3431552.0,1.5,1.4,0.8,15.5
Uruguay,2014,Developing,76.8,117.0,0,6.0,463.6,95.0,0,63.4,0,95.0,8.6,95.0,0.1,16737.9,3419546.0,1.5,1.4,0.8,15.5
Uruguay,2013,Developing,76.8,117.0,0,5.8,482.8,94.0,0,62.9,0,94.0,8.7,94.0,0.1,16881.3,3485.0,1.5,1.4,0.8,15.5
Uruguay,2012,Developing,76.5,118.0,0,5.8,339.7,95.0,0,62.3,0,95.0,8.7,95.0,0.1,1592.7,3396777.0,1.5,1.5,0.8,15.5
Uruguay,2011,Developing,77.0,111.0,0,6.0,417.9,95.0,0,61.8,1,95.0,8.6,95.0,0.1,14166.5,3385624.0,1.5,1.5,0.8,15.5
Uruguay,2010,Developing,76.3,118.0,0,6.2,2331.5,95.0,0,61.2,1,95.0,8.6,95.0,0.1,11938.2,3374415.0,1.5,1.5,0.8,15.6
Uruguay,2009,Developing,76.6,118.0,0,6.7,1871.7,95.0,0,6.7,1,95.0,8.8,95.0,0.1,9415.2,3362755.0,1.5,1.5,0.8,15.5
Uruguay,2008,Developing,76.4,119.0,1,6.8,24.7,94.0,0,6.1,1,94.0,8.2,94.0,0.1,962.3,335824.0,1.6,1.5,0.8,15.7
Uruguay,2007,Developing,75.4,124.0,1,6.7,14.5,94.0,0,59.5,1,94.0,8.2,94.0,0.1,79.7,3339741.0,1.6,1.5,0.8,15.3
Uruguay,2006,Developing,76.2,117.0,1,6.6,1712.2,95.0,0,58.9,1,95.0,11.2,95.0,0.1,5877.9,333143.0,1.6,1.6,0.8,15.2
Uruguay,2005,Developing,75.7,123.0,1,6.3,152.5,96.0,0,58.3,1,96.0,11.2,96.0,0.1,523.0,3325612.0,1.6,1.6,0.8,15.5
Uruguay,2004,Developing,75.4,122.0,1,5.7,882.4,94.0,0,57.7,1,95.0,11.6,94.0,0.1,4117.4,332496.0,1.7,1.6,0.8,15.5
Uruguay,2003,Developing,75.4,121.0,1,5.1,160.8,91.0,0,57.0,1,91.0,6.5,91.0,0.1,3622.5,3325637.0,1.7,1.6,0.7,15.0
Uruguay,2002,Developing,75.4,124.0,1,5.9,27.5,95.0,0,56.3,1,93.0,7.2,95.0,0.1,488.8,3327773.0,1.7,1.7,0.7,14.7
Uruguay,2001,Developing,75.2,123.0,1,6.5,421.5,94.0,0,55.7,1,94.0,7.5,94.0,0.1,6281.4,332713.0,1.8,1.7,0.7,14.2
Uruguay,2000,Developing,75.1,131.0,1,6.7,646.0,92.0,0,55.0,1,92.0,7.8,9.0,0.1,6871.9,3321245.0,1.8,1.7,0.7,14.0
Uzbekistan,2015,Developing,69.4,184.0,15,4.6,0.0,99.0,22,44.7,17,99.0,5.9,99.0,0.1,2137.6,312989.0,3.0,3.1,0.7,12.1
Uzbekistan,2014,Developing,69.2,184.0,16,0.0,0.4,99.0,8,43.9,18,99.0,5.8,99.0,0.1,25.4,37577.0,3.0,3.1,0.7,12.1
Uzbekistan,2013,Developing,69.1,185.0,17,0.0,19.2,99.0,0,43.0,19,99.0,6.3,99.0,0.1,197.6,32432.0,3.0,3.1,0.7,12.0
Uzbekistan,2012,Developing,68.8,184.0,18,0.0,16.7,99.0,0,42.2,21,99.0,6.5,99.0,0.1,174.5,297745.0,3.0,3.1,0.7,12.0
Uzbekistan,2011,Developing,68.5,183.0,19,2.8,140.7,99.0,476,41.4,22,99.0,5.7,99.0,0.1,1565.0,293394.0,3.0,3.1,0.7,12.0
Uzbekistan,2010,Developing,68.3,183.0,20,2.7,119.5,99.0,117,4.7,23,99.0,5.3,99.0,0.2,1377.8,285624.0,3.0,3.1,0.7,11.9
Uzbekistan,2009,Developing,68.0,183.0,21,2.6,92.8,98.0,0,4.0,24,99.0,6.3,98.0,0.2,1213.3,277674.0,3.1,3.1,0.7,11.8
Uzbekistan,2008,Developing,67.9,184.0,22,2.4,13.9,91.0,2,39.3,25,98.0,5.9,98.0,0.3,182.3,27328.0,3.1,3.1,0.6,11.9
Uzbekistan,2007,Developing,67.8,184.0,22,2.1,9.3,99.0,863,38.7,26,98.0,5.8,96.0,0.3,83.5,26868.0,3.1,3.1,0.6,11.8
Uzbekistan,2006,Developing,67.6,185.0,23,2.0,77.3,98.0,823,38.1,27,94.0,5.5,96.0,0.4,654.3,2648825.0,3.2,3.2,0.6,11.8
Uzbekistan,2005,Developing,67.3,192.0,24,1.8,40.1,99.0,737,37.5,28,99.0,5.1,99.0,0.3,546.8,26167.0,3.2,3.2,0.6,11.7
Uzbekistan,2004,Developing,67.8,183.0,24,1.6,34.4,99.0,75,37.0,29,99.0,5.1,99.0,0.3,465.1,2586435.0,3.2,3.2,0.6,11.6
Uzbekistan,2003,Developing,67.2,183.0,25,1.5,28.5,99.0,85,36.4,30,99.0,5.2,98.0,0.3,396.1,2556765.0,3.3,3.3,0.6,11.3
Uzbekistan,2002,Developing,67.1,186.0,27,1.5,25.0,62.0,25,35.9,32,99.0,5.4,99.0,0.2,383.3,2527185.0,3.3,3.3,0.6,11.0
Uzbekistan,2001,Developing,67.4,185.0,28,1.5,43.7,80.9,22,35.3,34,99.0,5.3,99.0,0.2,456.7,2496445.0,3.4,3.3,0.6,10.7
Uzbekistan,2000,Developing,67.1,189.0,30,1.6,48.5,80.9,80,34.8,36,99.0,5.3,99.0,0.1,558.2,24654.0,3.4,3.4,0.0,10.6
Vanuatu,2015,Developing,72.0,13.0,0,4.6,0.0,64.0,39,53.3,0,65.0,5.9,64.0,0.1,285.8,26463.0,1.5,1.4,0.6,10.8
Vanuatu,2014,Developing,71.7,134.0,0,0.0,564.8,64.0,10,52.5,0,65.0,5.2,64.0,0.1,3148.4,25885.0,1.5,1.4,0.6,10.8
Vanuatu,2013,Developing,71.6,135.0,0,0.0,447.5,64.0,0,51.7,0,65.0,3.9,64.0,0.1,3167.3,253142.0,1.5,1.4,0.6,10.8
Vanuatu,2012,Developing,71.4,138.0,0,0.0,428.0,64.0,0,5.8,0,65.0,3.7,64.0,0.1,3158.6,247485.0,1.5,1.4,0.6,10.8
Vanuatu,2011,Developing,71.2,141.0,0,0.8,458.0,63.0,0,49.9,0,65.0,3.9,65.0,0.1,3275.9,241871.0,1.5,1.4,0.6,10.8
Vanuatu,2010,Developing,71.0,145.0,0,0.9,471.9,62.0,0,49.1,0,66.0,4.7,65.0,0.1,2965.8,236295.0,1.5,1.4,0.6,10.8
Vanuatu,2009,Developing,78.0,149.0,0,0.8,361.1,62.0,0,48.2,0,66.0,3.9,66.0,0.1,2643.4,23785.0,1.5,1.5,0.6,10.7
Vanuatu,2008,Developing,75.0,153.0,0,1.2,345.3,61.0,0,47.4,0,66.0,3.7,67.0,0.1,2698.0,22534.0,1.5,1.5,0.6,10.7
Vanuatu,2007,Developing,73.0,157.0,0,1.0,342.5,6.0,0,46.6,0,67.0,3.7,67.0,0.1,2393.4,219953.0,1.6,1.5,0.6,10.7
Vanuatu,2006,Developing,71.0,161.0,0,1.0,43.2,59.0,0,45.7,0,67.0,4.0,68.0,0.1,248.0,214634.0,1.6,1.5,0.6,10.6
Vanuatu,2005,Developing,69.9,165.0,0,0.9,337.3,61.0,3,44.9,0,67.0,3.9,68.0,0.1,1886.4,2937.0,1.6,1.5,0.0,10.6
Vanuatu,2004,Developing,69.6,169.0,0,0.8,334.2,63.0,0,44.1,0,67.0,4.1,69.0,0.1,1787.9,24143.0,1.6,1.5,0.0,10.7
Vanuatu,2003,Developing,69.4,173.0,0,1.2,27.3,64.0,165,43.3,0,67.0,4.2,69.0,0.1,158.5,198964.0,1.6,1.6,0.0,10.4
Vanuatu,2002,Developing,69.3,176.0,0,1.2,171.1,66.0,101,42.6,0,67.0,3.5,7.0,0.1,1353.9,193956.0,1.7,1.6,0.0,10.2
Vanuatu,2001,Developing,69.1,179.0,0,0.9,163.1,68.0,7,41.9,0,67.0,3.4,7.0,0.1,1362.6,18929.0,1.7,1.6,0.0,10.1
Vanuatu,2000,Developing,69.0,18.0,0,1.2,21.9,7.0,9,41.1,0,67.0,3.3,71.0,0.1,1469.8,18563.0,1.7,1.7,0.0,9.6
Venezuela (Bolivarian Republic of),2015,Developing,74.1,157.0,9,4.6,0.0,87.0,0,62.1,10,87.0,5.9,87.0,0.1,7483.2,12753375.1,1.6,1.5,0.8,14.3
Venezuela (Bolivarian Republic of),2014,Developing,73.9,158.0,9,6.5,0.0,78.0,0,61.5,10,79.0,5.3,78.0,0.1,7483.2,12753375.1,1.6,1.5,0.8,14.2
Venezuela (Bolivarian Republic of),2013,Developing,73.8,159.0,9,6.7,0.0,82.0,0,61.0,10,82.0,4.9,82.0,0.1,7483.2,12753375.1,1.6,1.5,0.8,14.2
Venezuela (Bolivarian Republic of),2012,Developing,73.7,161.0,9,6.7,0.0,81.0,1,6.4,10,73.0,4.8,81.0,0.1,7483.2,12753375.1,1.6,1.5,0.8,14.1
Venezuela (Bolivarian Republic of),2011,Developing,73.8,158.0,9,6.7,0.0,78.0,0,59.9,10,78.0,5.2,78.0,0.1,7483.2,12753375.1,1.6,1.5,0.8,14.1
Venezuela (Bolivarian Republic of),2010,Developing,73.7,158.0,9,7.2,0.0,78.0,0,59.3,10,74.0,5.4,78.0,0.1,7483.2,12753375.1,1.6,1.5,0.8,14.0
Venezuela (Bolivarian Republic of),2009,Developing,73.6,166.0,9,7.6,0.0,84.0,0,58.8,10,75.0,5.8,84.0,0.1,7483.2,12753375.1,1.6,1.5,0.8,14.0
Venezuela (Bolivarian Republic of),2008,Developing,73.2,168.0,9,8.2,0.0,53.0,0,58.2,10,76.0,4.0,5.0,0.1,7483.2,12753375.1,1.6,1.5,0.7,13.4
Venezuela (Bolivarian Republic of),2007,Developing,73.4,165.0,9,8.7,0.0,62.0,32,57.6,10,67.0,5.2,62.0,0.1,7483.2,12753375.1,1.6,1.5,0.7,12.9
Venezuela (Bolivarian Republic of),2006,Developing,73.6,163.0,9,8.3,0.0,71.0,78,57.1,11,73.0,4.8,71.0,0.1,7483.2,12753375.1,1.6,1.6,0.7,12.4
Venezuela (Bolivarian Republic of),2005,Developing,73.6,158.0,9,7.9,0.0,88.0,0,56.5,11,8.0,4.7,87.0,0.1,7483.2,12753375.1,1.7,1.6,0.7,11.8
Venezuela (Bolivarian Republic of),2004,Developing,73.3,161.0,10,7.5,0.0,82.0,0,55.9,11,83.0,4.8,86.0,0.1,7483.2,12753375.1,1.7,1.6,0.7,11.6
Venezuela (Bolivarian Republic of),2003,Developing,72.4,172.0,10,6.3,0.0,72.0,0,55.3,12,86.0,4.9,68.0,0.1,7483.2,12753375.1,1.7,1.6,0.7,11.6
Venezuela (Bolivarian Republic of),2002,Developing,73.1,167.0,10,6.9,0.0,6.0,2392,54.7,12,81.0,4.9,65.0,0.1,7483.2,12753375.1,1.7,1.7,0.7,11.0
Venezuela (Bolivarian Republic of),2001,Developing,72.5,169.0,10,8.1,0.0,53.0,115,54.1,12,87.0,5.2,7.0,0.1,7483.2,12753375.1,1.8,1.7,0.7,10.4
Venezuela (Bolivarian Republic of),2000,Developing,72.5,168.0,11,8.0,0.0,5.0,22,53.4,13,86.0,4.9,77.0,0.1,7483.2,12753375.1,1.8,1.7,0.7,10.6
Viet Nam,2015,Developing,76.0,127.0,28,4.6,0.0,97.0,256,17.5,35,97.0,5.9,97.0,0.1,7483.2,12753375.1,14.2,14.5,0.7,12.6
Viet Nam,2014,Developing,75.9,128.0,28,4.1,0.0,95.0,15033,16.7,35,96.0,7.7,95.0,0.1,7483.2,12753375.1,14.3,14.7,0.7,12.5
Viet Nam,2013,Developing,75.7,129.0,28,4.0,0.0,59.0,1123,16.0,35,93.0,7.2,59.0,0.1,7483.2,12753375.1,14.3,14.9,0.7,12.3
Viet Nam,2012,Developing,75.6,13.0,29,4.1,0.0,97.0,578,15.3,36,97.0,7.0,97.0,0.1,7483.2,12753375.1,14.4,15.0,0.7,12.2
Viet Nam,2011,Developing,75.4,131.0,29,3.9,0.0,95.0,750,14.7,36,96.0,6.2,95.0,0.1,7483.2,12753375.1,14.4,15.2,0.7,12.0
Viet Nam,2010,Developing,75.2,133.0,29,3.9,0.0,88.0,2809,14.0,35,94.0,6.4,93.0,0.1,7483.2,12753375.1,14.5,15.4,0.6,11.9
Viet Nam,2009,Developing,75.0,134.0,29,3.9,0.0,94.0,6582,13.4,35,97.0,6.4,96.0,0.1,7483.2,12753375.1,14.6,15.5,0.6,11.7
Viet Nam,2008,Developing,74.9,135.0,28,3.6,0.0,87.0,352,12.9,35,93.0,5.5,93.0,0.2,7483.2,12753375.1,14.7,15.7,0.6,11.6
Viet Nam,2007,Developing,74.7,136.0,28,3.0,0.0,67.0,17,12.3,35,92.0,6.9,92.0,0.2,7483.2,12753375.1,14.9,15.8,0.6,11.4
Viet Nam,2006,Developing,74.6,136.0,28,2.6,0.0,93.0,1978,11.8,35,94.0,5.6,94.0,0.2,7483.2,12753375.1,15.1,15.9,0.6,11.3
Viet Nam,2005,Developing,74.4,136.0,29,2.7,0.0,94.0,410,11.3,36,94.0,5.4,95.0,0.2,7483.2,12753375.1,15.3,16.0,0.6,11.1
Viet Nam,2004,Developing,74.2,136.0,29,2.9,0.0,94.0,217,1.9,36,96.0,5.9,96.0,0.2,7483.2,12753375.1,15.4,16.1,0.6,11.0
Viet Nam,2003,Developing,74.0,137.0,30,2.2,0.0,78.0,2297,1.4,37,96.0,4.8,99.0,0.2,7483.2,12753375.1,15.6,16.2,0.6,10.9
Viet Nam,2002,Developing,73.8,137.0,30,2.0,0.0,80.9,6755,1.0,39,92.0,4.7,75.0,0.2,7483.2,12753375.1,15.6,16.3,0.6,10.7
Viet Nam,2001,Developing,73.6,138.0,32,1.8,0.0,80.9,12058,9.6,41,96.0,5.2,96.0,0.1,7483.2,12753375.1,15.7,16.4,0.6,10.6
Viet Nam,2000,Developing,73.4,139.0,33,1.6,0.0,80.9,16512,9.2,43,96.0,4.9,96.0,0.1,7483.2,12753375.1,15.8,16.4,0.6,10.4
Yemen,2015,Developing,65.7,224.0,37,4.6,0.0,69.0,468,41.3,47,63.0,5.9,69.0,0.1,7483.2,12753375.1,13.6,13.4,0.5,9.0
Yemen,2014,Developing,65.4,228.0,37,0.0,0.0,73.0,815,4.4,47,67.0,5.6,73.0,0.1,7483.2,12753375.1,13.7,13.5,0.5,9.0
Yemen,2013,Developing,65.4,226.0,36,0.0,0.0,73.0,400,39.6,46,67.0,5.8,73.0,0.1,7483.2,12753375.1,13.7,13.5,0.5,9.0
Yemen,2012,Developing,64.7,236.0,36,0.0,0.0,67.0,2177,38.7,46,68.0,5.7,67.0,0.1,7483.2,12753375.1,13.7,13.6,0.5,9.0
Yemen,2011,Developing,64.6,234.0,35,0.0,0.0,69.0,2676,37.9,45,69.0,5.4,69.0,0.1,7483.2,12753375.1,13.7,13.6,0.5,8.6
Yemen,2010,Developing,64.4,233.0,35,0.1,0.0,76.0,510,37.2,45,77.0,5.2,76.0,0.1,7483.2,12753375.1,13.7,13.7,0.5,8.5
Yemen,2009,Developing,64.1,235.0,36,0.0,0.0,76.0,130,36.4,46,76.0,5.3,76.0,0.1,7483.2,12753375.1,13.8,13.7,0.5,8.4
Yemen,2008,Developing,63.8,238.0,37,0.0,0.0,78.0,7,35.7,47,78.0,5.1,78.0,0.1,7483.2,12753375.1,13.8,13.7,0.5,8.5
Yemen,2007,Developing,63.4,24.0,38,0.1,0.0,79.0,13,35.1,49,79.0,4.9,79.0,0.1,7483.2,12753375.1,13.8,13.8,0.5,8.6
Yemen,2006,Developing,63.0,242.0,39,0.0,0.0,78.0,8079,34.5,51,78.0,4.8,78.0,0.1,7483.2,12753375.1,13.9,13.8,0.5,8.7
Yemen,2005,Developing,62.6,245.0,40,0.0,0.0,8.0,6285,33.9,53,8.0,4.6,79.0,0.1,7483.2,12753375.1,13.9,13.8,0.5,8.6
Yemen,2004,Developing,62.2,247.0,42,0.1,0.0,43.0,12708,33.3,56,72.0,4.9,72.0,0.1,7483.2,12753375.1,13.9,13.9,0.5,8.4
Yemen,2003,Developing,61.9,249.0,43,0.0,0.0,38.0,8536,32.7,58,61.0,5.0,61.0,0.1,7483.2,12753375.1,14.0,13.9,0.5,8.2
Yemen,2002,Developing,61.5,25.0,45,0.1,0.0,31.0,890,32.2,61,64.0,4.2,65.0,0.1,7483.2,12753375.1,14.0,14.0,0.5,8.0
Yemen,2001,Developing,61.1,251.0,46,0.1,0.0,19.0,485,31.7,63,73.0,4.3,73.0,0.1,7483.2,12753375.1,14.0,14.0,0.4,7.9
Yemen,2000,Developing,68.0,252.0,48,0.1,0.0,14.0,0,31.2,66,74.0,4.1,74.0,0.1,7483.2,12753375.1,14.1,14.1,0.4,7.7
Zambia,2015,Developing,61.8,33.0,27,4.6,0.0,9.0,9,23.4,40,9.0,5.9,9.0,4.1,1313.9,161587.0,6.3,6.1,0.6,12.5
Zambia,2014,Developing,61.1,314.0,28,0.0,196.7,86.0,9,22.8,41,78.0,5.0,86.0,4.3,1738.9,1562974.0,6.3,6.2,0.6,12.5
Zambia,2013,Developing,63.0,328.0,29,2.4,20.6,79.0,35,22.3,42,74.0,5.0,79.0,4.8,185.8,1515321.0,6.4,6.2,0.6,12.5
Zambia,2012,Developing,59.2,349.0,29,2.6,196.9,78.0,896,21.7,43,7.0,4.9,78.0,5.6,1734.9,14699937.0,6.5,6.3,0.6,12.3
Zambia,2011,Developing,58.2,366.0,29,2.6,183.0,81.0,13234,21.2,44,83.0,4.3,81.0,6.3,1644.6,14264756.0,6.6,6.4,0.5,12.0
Zambia,2010,Developing,58.0,363.0,30,2.5,184.4,83.0,15754,2.7,45,8.0,4.4,83.0,6.8,1463.2,138533.0,6.7,6.5,0.5,11.8
Zambia,2009,Developing,57.4,368.0,30,2.3,143.9,94.0,26,2.2,47,93.0,4.7,94.0,9.1,1139.1,13456417.0,6.7,6.6,0.5,11.6
Zambia,2008,Developing,55.7,45.0,31,2.1,153.7,87.0,140,19.7,49,9.0,4.9,87.0,11.9,1369.7,1382517.0,6.8,6.7,0.5,11.4
Zambia,2007,Developing,52.6,487.0,32,2.1,10.9,8.0,535,19.2,51,77.0,4.4,8.0,13.6,114.6,12725974.0,6.9,6.8,0.5,11.1
Zambia,2006,Developing,58.0,526.0,33,2.2,1.9,81.0,459,18.8,52,83.0,6.1,81.0,15.9,13.2,12383446.0,7.0,6.9,0.5,10.9
Zambia,2005,Developing,49.3,554.0,34,2.3,121.9,82.0,45,18.4,55,84.0,7.6,82.0,17.0,691.3,1252156.0,7.1,7.0,0.5,10.7
Zambia,2004,Developing,47.9,578.0,36,2.5,8.4,80.9,35,18.0,59,84.0,7.3,83.0,17.6,53.3,11731746.0,7.2,7.1,0.5,10.5
Zambia,2003,Developing,46.4,64.0,39,2.3,65.8,80.9,881,17.6,62,85.0,8.2,83.0,18.2,429.2,11421984.0,7.3,7.2,0.4,10.2
Zambia,2002,Developing,45.5,69.0,41,2.4,54.0,80.9,25036,17.3,66,85.0,6.9,84.0,18.4,377.1,111249.0,7.4,7.3,0.4,10.0
Zambia,2001,Developing,44.6,611.0,43,2.6,46.8,80.9,16997,17.1,70,86.0,6.6,85.0,18.6,378.3,1824125.0,7.4,7.4,0.4,9.8
Zambia,2000,Developing,43.8,614.0,44,2.6,45.6,80.9,30930,16.8,72,85.0,7.2,85.0,18.7,342.0,1531221.0,7.5,7.5,0.4,9.6
Zimbabwe,2015,Developing,67.0,336.0,22,4.6,0.0,87.0,0,31.8,32,88.0,5.9,87.0,6.2,118.7,15777451.0,5.6,5.5,0.5,10.3
Zimbabwe,2014,Developing,59.2,371.0,23,6.5,10.8,91.0,0,31.3,34,92.0,6.4,91.0,6.3,127.5,15411675.0,5.9,5.7,0.5,10.3
Zimbabwe,2013,Developing,58.0,399.0,25,6.4,10.7,95.0,0,3.8,36,95.0,6.9,95.0,6.8,111.2,155456.0,6.2,6.0,0.5,10.4
Zimbabwe,2012,Developing,56.6,429.0,26,6.1,92.6,97.0,0,3.3,39,95.0,6.7,95.0,8.8,955.6,1471826.0,6.5,6.4,0.5,9.8
Zimbabwe,2011,Developing,54.9,464.0,28,6.0,63.8,94.0,0,29.9,42,93.0,6.3,93.0,13.3,839.9,14386649.0,6.8,6.7,0.5,10.1
Zimbabwe,2010,Developing,52.4,527.0,29,5.2,53.3,9.0,9696,29.4,44,89.0,5.4,89.0,15.7,713.6,1486317.0,7.1,7.0,0.4,10.0
Zimbabwe,2009,Developing,50.0,587.0,30,4.6,1.0,73.0,853,29.0,45,69.0,6.3,73.0,18.1,65.8,1381599.0,7.5,7.4,0.4,9.9
Zimbabwe,2008,Developing,48.2,632.0,30,3.6,20.8,75.0,0,28.6,46,75.0,5.0,75.0,20.5,325.7,13558469.0,7.8,7.8,0.4,9.7
Zimbabwe,2007,Developing,46.6,67.0,29,3.9,29.8,72.0,242,28.2,46,73.0,4.5,73.0,23.7,397.0,1332999.0,8.2,8.2,0.4,9.6
Zimbabwe,2006,Developing,45.4,7.0,28,4.6,34.3,68.0,212,27.9,45,71.0,5.1,7.0,26.8,414.8,13124267.0,8.6,8.6,0.4,9.5
Zimbabwe,2005,Developing,44.6,717.0,28,4.1,8.7,65.0,420,27.5,43,69.0,6.4,68.0,30.3,444.8,129432.0,9.0,9.0,0.4,9.3
Zimbabwe,2004,Developing,44.3,723.0,27,4.4,0.0,68.0,31,27.1,42,67.0,7.1,65.0,33.6,454.4,12777511.0,9.4,9.4,0.4,9.2
Zimbabwe,2003,Developing,44.5,715.0,26,4.1,0.0,7.0,998,26.7,41,7.0,6.5,68.0,36.7,453.4,12633897.0,9.8,9.9,0.4,9.5
Zimbabwe,2002,Developing,44.8,73.0,25,4.4,0.0,73.0,304,26.3,40,73.0,6.5,71.0,39.8,57.3,125525.0,1.2,1.3,0.4,10.0
Zimbabwe,2001,Developing,45.3,686.0,25,1.7,0.0,76.0,529,25.9,39,76.0,6.2,75.0,42.1,548.6,12366165.0,1.6,1.7,0.4,9.8
Zimbabwe,2000,Developing,46.0,665.0,24,1.7,0.0,79.0,1483,25.5,39,78.0,7.1,78.0,43.5,547.4,12222251.0,11.0,11.2,0.4,9.8
